paperId,citationCount,citation_bin
94a3333e192743a7f00058f18f7933af045b5e3f,0,0-2
6b25ea7b6fef8f1d01e0aaf87f49f47f50edbaee,0,0-2
9dcc1b4793bdd5489afbd1bb063e71c4c75b7e62,1,0-2
46a760bd619eea7d10eb84424da278cbef9d2308,0,0-2
0dbf8f5617c3573f6fa922b6bf007f1bace900ee,1,0-2
117e729818bb8eb4703a385153cb6269bcb55684,1,0-2
9f5a838dfd5340985a3c98aaff7901210e3b48a0,2,0-2
552d769049a82f45e272eef31a6b749f44b35bf2,0,0-2
3d98667292cc2824ee700ec89e4bd0464552484f,2,0-2
8e3b8d15d2188f219ea9e54b95a96f570d66d338,1,0-2
573b6d23962b33c04d2df442190e03786c1d9860,1,0-2
464938cf0907f9e40d6aa0c85418d5618740c18f,1,0-2
400ff27ea60e6bd63a69d8be73a66903f309100c,0,0-2
067d261bea5590db3ae6e71b85529247b2034529,0,0-2
8deee6b5fa69b123882184143d36ddb3ced2e53d,2,0-2
d6ce2adc1014c74adbbd45721abdafeb1f98c1d7,0,0-2
d13701827d0a8cf1121702fa4c28c669fe0e34a0,2,0-2
95c4707eed48ea05f92a0bcaf565c904af194506,1,0-2
6b3cea55f8bf53a12a10276e9ed8ad7a2a212f59,0,0-2
a19fee4a37641b13978592693ace5f14d19df497,1,0-2
afbda2215607b046acad3575456a256b7e5e13b8,0,0-2
858565d65477fe3cccaf04d4a28b9926cea38ba4,1,0-2
fc3bf06304aa62faf70e2d108badaff155fac7b6,0,0-2
624596630099988a29a209bf3569056b90f94b60,2,0-2
0324909df640385af045124c752cd97003a2fd7c,2,0-2
fdba4115df0b4282630369218dfafc2dddb85f97,2,0-2
a5f1d506a799ac8f7dcef642d7a4667618db39f1,1,0-2
8e131147aa3ffa7b9ca26a8c3d21f943f0c77e50,0,0-2
6d5343be0ceb1cb47bd1ead50c52e2966b389bd1,0,0-2
f6f50896e400323b321632cf1bcc10863ac1c76c,0,0-2
78a485b6ad0038c8aa487bfd1247d48b1e6a36f0,1,0-2
ab175ed8354bd7a701805c263567d8dcd2d780cc,0,0-2
ef76eba3555be5d51e12c23316ade8ecb6f96122,1,0-2
d8373960c900c68f9ca974373f1ac5d41c2e5f74,0,0-2
75b927716b108a57d4a73e2c5901e4e6b05f6e30,0,0-2
9c519895609a741635ab584eb6e7636ab830e7ca,2,0-2
0e4eced6ae1e5dbfc76dbd23c5241741b02964e0,2,0-2
46e96cf3e7b88e2346cffeddffa1a463cd226b4b,2,0-2
cae72896499237d400c24ac2c190e80671b076ea,1,0-2
12b5b702c18c745d3a53778107e5fa0451c08453,2,0-2
13371efe6461092f76258b9933504a78ab868fa7,2,0-2
917481cb15bb22232857b50040c28d0f6acc974b,0,0-2
6583ed170be5a9f53c2bc8a45dd913873c387b91,0,0-2
1388844dc0663249cf8febad61ccf8f00b233484,0,0-2
fdc014b4544abb4fd592add34bcad52905b1f505,0,0-2
6fb04b996493d12f6b38929f862076f2a0f50f50,0,0-2
c17362e2b05bc7193930488ca6024e479c603981,1,0-2
e89cbf6d0620e514ab7a64eaacd28b05b12d3f54,0,0-2
ba8b6aba05406ce05ba6d85b7037c5c6208abd8b,2,0-2
7ac651a38c1f6d0c5d0f0b386907dcdf31baf680,0,0-2
6f28636f97111ef626a88547b70423d8f6624f14,0,0-2
538578435adfaea289903c6ee057ca28e51b43a5,2,0-2
bfd96c314a5069c3c137a9da4796690b47c852a7,0,0-2
11dd00381a049c38d361d4c6ce7c7fb3a6db0bd0,0,0-2
ceb864bf928a5bc69cccb3c40bbff2b60636c5b0,0,0-2
3b98af761874375395c5c11ac667eb7b04242267,0,0-2
9deaf5fccd5080542d7cf842f9233b6c49e3e32c,0,0-2
51500bba294d565e4b85f7d411e4d414e4bbf479,0,0-2
af8df5d84e417d189ba838dad594b616faeb1c00,1,0-2
d7a8b82c373cac9816aa7288986e81030dc0aebe,0,0-2
ec4f32d20267a22544d176ce9844d30c46d3f2a3,2,0-2
253230c3ddefcff3eb931a35287a6ba2411b7f93,0,0-2
0f17408efb3e224b474da518fddea62f86e3cd2f,0,0-2
d35aa1bad01baf72e87dcc525de0a6f04f14e3e7,1,0-2
b22bce89bff8649dce96ecccf8a35bac9acf4188,1,0-2
15e9ed13a7add0b5d4b5be5a10765bf10ca5f9ca,1,0-2
d431e597b8bc47aff28f8447201df32a73a81ec0,0,0-2
f0fd5b4f5de28e24949d525dacc467d2b32fb858,0,0-2
317564cdf598cd4e8f57881030b94f03f90e0c80,1,0-2
856deee1c3902413e044d5ddbd4b166068fa19e5,0,0-2
e103388aa2f5af691a5db5274686404caedd98f4,0,0-2
c1c4abf23b4a1635c732ea023f75f31720a6b258,0,0-2
89ca4dcc21b52b83ea1661b8b595f668a28ee88c,2,0-2
6a216828489c234f895957406f61152c32a39c28,1,0-2
7ed40c09da6292d745451fc7686146f2ee591f1b,0,0-2
b28ab015d512492236b01ce382f3017e25b31214,0,0-2
88fdadc1f0dc91dab60e1a756c5607b5199b5318,0,0-2
3da148905d348eb7a2c32e035db0cdaabee4f82a,1,0-2
ef5f2f958a55b12b63987ff0a254eb02e870fb06,0,0-2
8d52ab7cd2f3569944d581397e2daa6337cbba31,1,0-2
fb2a3360fb3bbf8ef1aabbf1fb8fd732793c4c94,0,0-2
fc5d16443cc0fa9f0c75d578a1ac7a46268404e5,0,0-2
5d8721b94d2ab6221b41dba9a71140ff4f0e8a36,2,0-2
e48679981b903acea0b4493f0bc27fddf7a07b01,0,0-2
4b2561dc85c42ce822d73446b29759ac32c27f8b,0,0-2
1c69c3d19a41b615a8f3a5f6fbad2b5361507424,2,0-2
1ba913a62356bc07cb42c4b916802ef0c7296055,0,0-2
5ffc3461deb6efa3987a5cc33d8e10f892665520,1,0-2
72e9bef90b339ffcdff26c847d4ce4f67880f889,0,0-2
ee101ae254b8bd962cd91c3840d8d926379ac035,2,0-2
388e261cd0a80eb1cacc8bffd5c342525afb8c0d,2,0-2
24ba7965e0fdcd17c5d9d86404922ca5d2792b23,1,0-2
23e6f2e848a7d2257da9418d4be1242ddb60d1d2,0,0-2
3c00b30a4d97e6b84460a8e17d708bb7dbbb059d,0,0-2
efc65c6a0bcf952d6249a0c21a51b86310519233,0,0-2
889756b5b7764a6e0d6b29382831467bfac9c0ad,2,0-2
905ee8f4fa8190c112f9cff6b1480bcd8fd23e47,0,0-2
9b1d1661be5d04232272ea9d71b4627b1855c25e,0,0-2
4dbba3afa997844af0daf5534968f25178d960cf,0,0-2
62eb91f3b1b6e1215f8e2ce319f7f1f9d2353299,1,0-2
53cfb68690b1e770599b4ffff978d34d44b49c1d,1,0-2
24f262882a45d9fd7997298a774a98621e11d96b,1,0-2
d0dad1d13659bd0bac831cd5aa48461085cb4b8e,2,0-2
7d0c06c1906093a79082126573fe9c93e4ca9c13,0,0-2
1f695416dfb754002b9a1bf2fd1421cce8c4683d,0,0-2
b2e428c8aabf2ad075d07eb2159d3853e776f93a,1,0-2
64c1bc524a1551e8e8537518d59c1f2a35d96ceb,1,0-2
cdce1ac198f49ea0f332e1327f80fb99305d6f34,0,0-2
f2f0f6abf2dd12988639658dc988c4b752b6736b,0,0-2
c38ae58a82bddaffa148bad00a11ff5b43c129d3,1,0-2
8177acdbb89de9395fff60277297bef65b2b4b17,0,0-2
e5f68bc243cb82dbb1a5718dd05acb52986ce95a,0,0-2
0e5ffb31fa0bcd684f0e222ad00b605c5ed45880,2,0-2
99ebe3134a395a377b5679ac9e87a4acc3367a8e,1,0-2
62e569f2fdeeb3dedbe161cac30ef860f781d478,0,0-2
8da7e9c6648faa54165aa91a0d0a17bbdc20f027,0,0-2
cebd7fda26df2604e27735f43d61430fe5df71e3,0,0-2
6d5f0122bffdf068b5ed8bdd1ea6f2742339d2e1,0,0-2
d92af8b171c821ddcb840285fb424e30a61bc009,0,0-2
3d66d9676cd97476747ad537bb9bd672100b28fb,2,0-2
ba321cae81971a0cbddf547b01de9a3e55e338ab,1,0-2
a56549506ac0661a91578b2d7ba84d5ca2b7dc01,1,0-2
2d02e60c15480d9f8f99ac649e986d12651d0063,1,0-2
6722730dfd37aeebd1029ad758b2bd362e32bb58,0,0-2
b982e44589c7bcc03d4147a0fd1389a9d7eb1be4,2,0-2
dcd5226431cfcc685a1e61f453dfca84a3e1f597,2,0-2
589e757a0b92c134ac85a756a2b05a2e01b8eaa3,0,0-2
f3a4f841289d7eaa730159aa5fbf389678064346,1,0-2
c62c5deb13a4c7633950461aa5f4e8f4e8db1a08,0,0-2
c986f0733e3e1b4437a7c3ecf21f75e615bd7a7f,2,0-2
0d4de990a00887baa32c1d6bd58d5e483989bf0b,0,0-2
a1942f7f57d98f197a28dcefac84cbb12e5397a8,0,0-2
2a7e10f1727d660874270aa060e24d28fb548417,0,0-2
21d81c5c3c077f06a56d43536aebe3e922c1a3b9,1,0-2
50d4ab28c64d2f88581ca1e477343553ae3a3007,0,0-2
406fb5817039b268c0bfec9315e33fbb1cf545bf,0,0-2
f97e16ce7d29cade5872f0cb4d7b28849b5716c6,0,0-2
dce5aa39abc9be2c5e67acc7f48e8cabea90671a,0,0-2
0a5e16b7859d62548966b9950c9971a43f833f71,0,0-2
1b57b5fe5e8503e14c74f9295abe0ab4fd2ccf21,0,0-2
1730e1a8e37e47b307830d2fcf12c4bc91fd2005,0,0-2
7a24a89871da0d47dc8de54b92052a68ad35d803,0,0-2
b705194aaf36b48762261d3414a82a411560b5bd,0,0-2
b848c97e010fb75b326cf272616aca1096ccc5d6,2,0-2
92fb75dcd1fb659c1c67397349a0b95a843c91f1,0,0-2
7d6b8ee8db1d3b16bbdba9ba71f2c2677d20a526,1,0-2
d2d009e71c4371e9a117967714f9167425eba8bb,0,0-2
ba603bdb97e40ab662b8125932535a868f2f838c,0,0-2
f851aac19b16f18e0dd8f2014f05406bfc47cb05,0,0-2
08b85327625e3c4faa5b11ccd3a49b83aed97998,2,0-2
b1edd4fb788cf90fc2c85160c5e578f4c199d7cd,0,0-2
624e0d6c3083d085ee7e846e8a4e178845c4f9d2,1,0-2
ab2608d1e635a85b2f315d99d13af7b84c6319bd,2,0-2
41bf9a17cf4fef94b05b8b3fbfc3422c80890e96,0,0-2
3d3cfefbb6d5f15e73417ed811a3d4beff9402d5,2,0-2
4437cb77d02a8c59376ce91a2fc1fe4ba4730c93,0,0-2
1a6ae955e2450211511ad8ff45dd9a1b5615023a,1,0-2
ee7697eded1a0cf75c921c7d7e7776d0ec33f9c9,0,0-2
d7b174c6e318aef1ceacdc8256f66c683f3296ce,1,0-2
9342876b1aa7c6fa956758921d9df337d712aefb,0,0-2
899a9779a0ebc1d6dc4f3fb6668ce550ece03ea6,1,0-2
6c434e27530bdf114eff399c4188608841001cfc,0,0-2
38f2ab3edf0f6d3f6dcdb6144fba6bd0e1167963,1,0-2
6ba8547f0c50a68f18a5b951c047ce02dc70ac5b,0,0-2
4c379f5777e9ba84de86129fcda47a7d666924f8,0,0-2
d551930586ae710664ee255aa085145d63a11a95,0,0-2
b2908654262014e6fe284760c4ec2403b13e20ee,0,0-2
89a218b7e7d0ec3f348e9d67c7d09e0f12b04413,0,0-2
1e49d423a71be612f66c75154c925d68419a4c8e,0,0-2
c9f302f6ade512016d93cd68ffebb7e9dd6a5284,1,0-2
e7d7c49f639026ffc77a5c7ce2a2cc016aacadaa,0,0-2
bc8130b801305f832d878a897241b22201cf526f,2,0-2
2875b47bc2ea5d995b049eb676145c1570680844,1,0-2
f66228f4b44e49df203b75db43ec6efd896669f5,1,0-2
e50116e216dfaadd3dcfd74b67372c2148bfb08e,1,0-2
fd4a0315761ab0247839c38643d1c89928b59ea7,0,0-2
0ee4a1852bcd75ba6f276f00cceb684493e25121,1,0-2
e9a104ba3630fe5422753c461de3b4b9eca86be9,0,0-2
47ef0a0e4c856a95c7c2f06b18923cc826b8bf0c,0,0-2
b79e0f84adc16ac6766bbe4fa0dcceabd30ebd9a,0,0-2
b5e8b92f791516d3408b6d3c6036af7fa54ebf69,1,0-2
239afd6edfa5c3593287ba5c7012139edc6980ca,1,0-2
51110446db9dcf77e1ac65d22bff4662953db422,0,0-2
9f026b641c2e476b0b4b3c7cf0db10e903b084c4,0,0-2
fca472164e91ef1954cbf16b47007288ffbed6c2,1,0-2
6490074899df3fa751321501ef5363e70a12ef76,1,0-2
3769c36b6e6b7d5c783e4968faf329ff5e36e80a,1,0-2
4b128e241fe115a117d00cb9ead838cbbd2cae78,1,0-2
df97cb0b801e04cc438c831e10c76fba570b5690,0,0-2
eeed2b9aa862b1d202ca7ca9027e909991b55a66,0,0-2
0e53a000a4bc3c2124134082bfb726f0684e9608,0,0-2
94dbce4d0d66b9618ad5cc1085c31303ea78bc07,0,0-2
83a78681465316bab6593669ac8a91959d6f7c05,2,0-2
1e58e6566a0a15f65528b02f53db2946d46bdb64,0,0-2
5219965f40f205656c7fd53801e81a73d7cf6519,2,0-2
9014fe8dd7ec259c7ca0bc4e79fa88f271344e3e,0,0-2
4d788545776f3acd651f4778db1537546c5e28e7,0,0-2
e8bb9ac1b0c5a51620cd6e3562333b5a36df7b7d,0,0-2
3312ddb6a532b576a4a3ff9bc3edad1a613970c4,2,0-2
c9971c2ad98a5593f4a7315197dbcda2ba5b134a,0,0-2
c6e57e8379a15d93d22129363d76634569f14c67,2,0-2
cc730333be352f4a08a12c6aeafff25ac7797981,0,0-2
57c99de6efb7c3c46705ad472dc489ff7cf6903a,1,0-2
532141e8d2209650bb89ba8e1a13bab4cd4f81a9,0,0-2
63a1c94c9a1417138d84482016593562d612334c,0,0-2
ee68d62cf1ace1462ca224000b25c56beb478d12,0,0-2
c47882276cb485373f3710092b732959f8a7f1f7,0,0-2
5bdd07a27171470b9da06294fa5bd46454dfe6f4,2,0-2
16817d8f66013e746bd95dc67e1b7d883c23a37d,0,0-2
fb8e71d549d0c997df1b71466af3bb850d5ed180,1,0-2
90c72ed91c15d3562894aef4887f5ac9c854a0b1,1,0-2
310c955cd789b68c998d9843aca8550b72e2c42d,1,0-2
39d6a43f4e1894449ea2a28487d25c0f274bdce7,0,0-2
ea5fe6bf075cd270750405e75d34ea925e4b6c56,0,0-2
47d1b8b3bdccd3a1fc9121f491a8bbd14aa3ff7d,0,0-2
51e55d681d08208b85ec4e685793d9a446ef6103,0,0-2
0c06b54b3cd1e3026e980b3af3c7bd5967a111b3,1,0-2
abaec0d40802746e727edd0b88adb4478baa88fc,1,0-2
544d9d362ce6ad72499b8061519c6f1f53b9fa89,1,0-2
c23bce7e19fdaacff26b9e8848dfe37d1dd423b1,0,0-2
749ac3848634ddf059ecdbb28b0f8695d53dc284,0,0-2
8b939daa678bcd715e1232f17c6e4c49e2d1b30d,2,0-2
206b4c66c42a6010160aebc6de869ade172382e5,0,0-2
d6ce5c26afedb6abda622ef391f7f66ea415c077,1,0-2
39cb4ba7f53e0841b23315cdcc5b1c6aad9441b8,0,0-2
9530d880049fae49a982d063158ec53d205470b4,2,0-2
85b2923d0c15e1ba34d7b657157d8bc90bfbab28,0,0-2
690b126e086a0e49b9c48c3f1b43345f667d2bf2,2,0-2
abfa34c8d22f9986bfd5e2289378cca44d17f20b,0,0-2
16d0e7beb65d35d5144f689606b11d4a5515fb07,0,0-2
e784cc2026d8f8ff3a92f0b78d796c2d08c872d8,0,0-2
acd67903c052892cca06c1210932073a02716db1,1,0-2
4ab37ac18168888f2de241e25bd22d09305273fc,1,0-2
3c138e794e911c6d045b4d531285366724fb6302,2,0-2
7dfb34b16de3a2ff7f5e6e42322c06cbd3212bc0,1,0-2
47d3b475342d1d809f4a8669aa88beb4d34bec4a,1,0-2
ca17484b48ee07b30514e5585df523896ed3a65d,0,0-2
298c888d012d1438c1221f25473544104dc8d3b4,2,0-2
467234e9124f6e3afb443eb63440bcec0aa35d47,1,0-2
291abd0a7c873c01e95620eb8faf59d788da9ce7,0,0-2
b25b050055e344ec5207c9246142ee251361deab,0,0-2
0a6481e5328b75bed519efc5e7ce7894b68a9c27,0,0-2
4c374413b4afbb3e909cb6121e0082f7de1dd6ce,0,0-2
ac66b10e6236d60cd410b314203065c04815a469,2,0-2
2ff7cd462dc36dd7a92466e9e348fb81301c8ace,0,0-2
188950391f966612b204b17ea5762ae9e7a4a92f,0,0-2
d2e8f30f2aa587ceac34ad8874738c02b091734c,2,0-2
5cd3202ddf4715a79a1e92bde351e60e01b208af,0,0-2
d4af46ac6644c57e419aed893034b21a049505e7,0,0-2
8b677605ca28e97e8e7a113825ac6e146835822c,0,0-2
d256124517fcc91bf0c75ab0e3c4a0c0dacb99f2,1,0-2
a48cd51fcde9b99d89dc1c91573c3dad7f5f54fb,0,0-2
7bf3002272c3ab95f95ec4acfb849a7c7e63bfa0,1,0-2
b036065f9c90f40eccc61cabe0e4350bbcfb1440,0,0-2
2b36e91bd4144d012a3b36d51cc33b9e6bbd8319,0,0-2
26011a2a4268a21e15568bb90e72603fa4c27d05,0,0-2
a01268bde9e622daed4c2cd0bcec2866474f6065,2,0-2
77b97009dd979b09aaf154f25cac6fd68c7750c2,0,0-2
476b0cbe0f32753d76a15963f3d609980a332e25,1,0-2
8120ffd9e64281d003372a58d22fb5d1f7859071,0,0-2
f43ea35f7499df2835506c4b7abbd362a6c0f8c1,2,0-2
28ed3e425256d1802bf872014a60735fb4eec53f,2,0-2
3b3b6b1e4e45f5713bfae73b43ebfeba922754d7,2,0-2
4ba922ed4f2b7ab4439db9c2d2846fcf55c12042,0,0-2
7afdc5729fd96b4466312f9bb6b73c0b4341d156,0,0-2
e5c89fa4167df465ef2ee23edb0573f51eb59fb0,2,0-2
685ff97b76030f3792cfc17a9b1ab653fbd18df2,0,0-2
e04000c5edb5d110d2cdaf088eb4c7434d694327,1,0-2
44577e138641571b28bb8a7baf84c801a4f16c34,2,0-2
6c3f32d0d1f57df1672aa85f2b3a6c3baf1b84e9,0,0-2
6266735e3f14b77430b7d6c91e4822e8936943a1,0,0-2
8c0d475a9f56bc208af062f802352d8b70a6ceb6,2,0-2
ef1b8ae397b788ea340933987bca55abf7cd1f48,0,0-2
fc72542daf4e2eabd865bdb410325f985e57a475,0,0-2
5e676dbaa5bdad49d2d798b702a27a7dbb611560,0,0-2
bfb81e4a235f852b0299c1e45e7e5b56dcf825dd,1,0-2
e8a28315e549e0133ff8f66cc7e8752b10c08dd8,0,0-2
06d531ddaf579e9955693af6b83c4ad3a900a5bf,1,0-2
c2c8e2de37a426d5eddfaac1b58ae0e41d17ad84,2,0-2
afa6a29348d50a3fee22bc614c54df5d79a61d2e,0,0-2
313e7b3c4c390a5f4e0107e7c611bc6a824fe3b1,0,0-2
fa63df6db13650b5e15a71263dda323e31c73acf,0,0-2
c99a048ebdd5adda41ecdf32f4694b5a61afc6bc,0,0-2
954068ac84ece1cc7179956e1c8e7e8764f1f61b,0,0-2
c8f20c615ffe31773e342b039d5048b0e80fa48b,1,0-2
8f2409a4a7f2b5241306dec2f4273db3e2b5e320,1,0-2
d6d083cb6a9ca457df6d7718296f665341f8d5d3,0,0-2
2f0da73096580ce30ee530c43accd624c25187dd,1,0-2
f3a3fff17d6e3975380afa744c21dc54f268d407,0,0-2
ac5bba85da4127e21ed4ecf22aa69fbd86fe77ea,1,0-2
dc1c580cb8c96d469bd6548a0b1a7970e44f6bee,1,0-2
39f883e90cd8d54e82aa6d66a5016e4ee1a16c59,1,0-2
7f21bffaa367106cf09f8898eb72a6498a2459cb,1,0-2
9b8377dbfa36c80168a8a8bbece21877e11a633f,0,0-2
213d05fd6aba0f76b014fb4e6b966347bc8c04ae,0,0-2
72b64e46be5ec1960cd5f04bcdab05b734b9b999,1,0-2
2959ef9e31d0fe8bb9b692316497e76e9c334cc2,2,0-2
6a7617710940e148f2327a9f70579b17939a98aa,0,0-2
b21d067d9f69a2c7157ad7cd5767233a3b555db0,1,0-2
3fa97d1e183b7aec080f8d82f6a21c51cd7967a4,0,0-2
e1f6b620817d62959cacff24c342e1b0a83df1bf,0,0-2
e4b9a08a852570a19c1f80747115b11a6f635f34,0,0-2
fbf449782144bc37af813302428906873f36c31d,0,0-2
6a98e257e23db7ceca6a0a8a6c7d56ae923a6881,0,0-2
f4e0890ff462d44d44c45911564a7bb13111dd0c,0,0-2
c3e19d19dd0ee8607691770abe1be3901aeb0dc3,0,0-2
18ec96754b95e347f4ee0500ba9940659f400516,2,0-2
e03c30fc0f43724db47d33c5d6ec490ef701fd3f,0,0-2
dba252a85f2bc064e34de0f576c4313a262773e4,0,0-2
a1ef4b83869aee10f1a41c8d03d6b9e2d2252130,1,0-2
877e72bb9f5837ada1a5537511fc42110c7bf34d,0,0-2
6ac843f6682230f9135768b6005180f1feef1047,1,0-2
3a7d8b4f271dd0f45e3f86cb3fb6fa4bc0540aea,0,0-2
296c74c2a16a3e8b15156057389746765e7e8f68,1,0-2
4034d39ab3a42b903e419bef91a41768e7f6a518,0,0-2
2931001d7df5030f955931c468cf9de145d3a656,0,0-2
630732ef85b97e496b53015daf5db721b9d7599a,0,0-2
fcad00fc1a0c8e72c8cb2b7736938fc5becca7d2,1,0-2
aefc360d0c596f8ae4adf43d1b5cf00805bbd0c9,0,0-2
d767fa2daaa5e951f17bd4b6e75de34851671510,0,0-2
031ef326dc04d98f299dcbea1a7d76a88553198b,0,0-2
54aa8154584482c293ca122c63324369a48eb966,0,0-2
42c3cefec91ba6500ab7a7a514f5aed895962144,0,0-2
bdb8450b2fb842b3cfa3faefe31272540bbe9c8c,1,0-2
7c6b837f0a9189580b15662027ed72c4e640da34,0,0-2
9c4f6734f10fffef226553d7e0479f131b645eeb,2,0-2
8a92599255f2cefb91a18be348e8d48dd4f4d39d,1,0-2
a3acf454461018aed0fc1debdba025399085feb5,2,0-2
baa05d121cac40c9e7b62f05cff2562174cb6f2b,1,0-2
24d932a664bb8f5ed6908061e3813992d80bfbc6,2,0-2
7b492823c49e1aba4504952cdaff4966c0ea962f,1,0-2
5e90a352f6b2b496a661ca505cc7326b7136adb1,2,0-2
81381123511630cbf00bc61991200fef95ee56d5,2,0-2
b800f9ae7182f06f397820ccf7b24661d87b489d,0,0-2
3db8252b3c597b0eb7e5a0396b8faf42f26dd34d,0,0-2
56807b4e37548da6bf095c4e4cb078c7ba7652f9,2,0-2
01823ce44399228d7e1ad8d042551c64bddd1212,0,0-2
1e86c14ba90b8451dc2eaec0da0d75efe8173047,0,0-2
b44b72899cefd8a401f04b8f62ac3fd9b619ef1d,0,0-2
dc31a4c25e2e6453093670d40af2295af15a8e91,2,0-2
ffc4fcd34933615c324d61f88e7e9e47203076da,1,0-2
368bdfbd9bae0a6749016fbb29b779d344111a30,0,0-2
acb6190668e81ed61f6dd78fe86d3c2637b08535,2,0-2
e6b746ec11be2e73b920047496dadf6b039e434e,0,0-2
afd22da98d173eb02a5513083fcd3fdc6860daae,0,0-2
325e6e0d878519e51aec527af7e33af4b4b222be,0,0-2
30783cae9e501b1c9ce22ccf2b8db3cf5d21b763,0,0-2
846e4a7af1098c65d97475908b816c363cfb4fef,1,0-2
5abdf160c86c48eff7b27555841f11ad573677b7,2,0-2
53732e5b9596c51d87ab8f021071216fec4674b1,0,0-2
0174b76c921e3ab71a53f36bb22330dfb49a10e0,1,0-2
39552a45884b24d26ab9d05de206ad649da9d987,1,0-2
a08d02f24f17b61761b98b6731c7833797df074a,2,0-2
b344e5412f7a81367d2dd74b5c8d2a267a365b0e,2,0-2
6689fe774e757c0bbef3fcd57797e3aafb53287e,1,0-2
8d0ad36427c81c23d2abf6752ed6d8ed65e725b4,2,0-2
bdb324a6953333f653ad1102e478ab99ace296c1,0,0-2
458c3c91458b1a1a50a8fdc792f976b5761b2bdc,0,0-2
0b6dc957d25bf73434779e3390b878ef72084b56,0,0-2
34b2690205f092b0fa4bd71eea4668a09ce969d2,2,0-2
fd975dfa8ef12ce9657074f731ba4c5400a4baed,2,0-2
861db1dfc331ced50639f110661deb940abdd34c,0,0-2
7d268cc0c5cb5cbb82459af166385f4ffe354c63,1,0-2
a5639751e426128b67a2502fcd767328fe8afdee,0,0-2
c73b45439ba2e2ca8946cfa262a72da66f5ecabd,2,0-2
5315380c6e88c30b82dc5f3da0b18dbc7d8f1bc4,0,0-2
9793f619d2207d0cce372707d286cccca11a795a,0,0-2
5e0b4f0fb1ae1e94954f0d61ce0b90a330dd0d60,0,0-2
e1358304f59b8733600376623b9b716411194899,1,0-2
6ee1e62ceec74bee986d9ae242aba741975458c8,0,0-2
e70f6a62b7a17455a4a9f4cdc96b810d4248bb85,0,0-2
7cc500f7ae5842bc12ee63f174e7f2bbe11d1114,0,0-2
77ac0925eb6da82532893f21a67d6aff74357f6a,0,0-2
6a954f41179d917e04e8cd072462c8c68930ae66,2,0-2
3989fd318a60c2795c6d75e8a88232917637813e,0,0-2
2945d5f3ccffbb49c5abaf4127feb73f2c6c9f45,0,0-2
bb45ed93481ca9c10909a5b706883c684639c367,1,0-2
90f6ca17692842758aa8f2340d729dbdf9b3e4f4,0,0-2
42a007535719d4cae23dcc2be7d7629d8dd03077,0,0-2
31573c1668014013058949d13e3c9c8cb4d29789,0,0-2
98abc9c7bd3a5e1e1d673c2f386679683697eca2,0,0-2
2a5805eb2700dbd7a6a4c3ca58b7aed3e005897f,1,0-2
c128b6e6b4c17a98f44ae85b25387ea35beb9084,2,0-2
799b0b39a2c057ae44185a6b5f6b114967ca92ed,0,0-2
7d9da1894287ad3377981e00da4282740ff89568,1,0-2
ac8563f11346ecf16486b117f321d41b5cc21555,0,0-2
830ead8041536b304ca9948002e0bb90c358632a,1,0-2
228c8b7e9fa6d59265ee6b8946bf78d60b38dcd1,2,0-2
df4c6e5ebbaedb161eadf77ad4f5a2cac0eb1aaa,0,0-2
f280e879f21ca48502343a8f8506267ee1d43a83,1,0-2
c3836671a1e74dc2c5e371582e223059cdee9062,1,0-2
1c7cad4b98e371c8ffc3851a14dd424c316b09ac,2,0-2
5c144ed86f7f6eb3387799187c642ee2c15d193a,0,0-2
8331582d8ffb4449e862be7a8cde286393916f97,1,0-2
a61a00273fffd2dbb21a925693f43447892638a0,2,0-2
185f433e535a29588be689de778272a1b6bb02bb,0,0-2
6e584948cf4ebd562570b4a5bacfc201229d1114,0,0-2
6e291358d9874db5d589e02bf0c5326df3dd316d,0,0-2
791a24c1b4ecaa83300c307375daa7843965623f,1,0-2
2cf9af3003a76dec30f39177a3cbb98c6d8ea57d,2,0-2
043e3ca80981d361376c9f0952322c692dac026e,1,0-2
238bf59e346db7aeaed6e63b9e37f52313867f09,0,0-2
e0a83bc88d5ba6cd26801e29450c0a81ddbfe6d2,2,0-2
0b49459e3100216ebd608ec22b9f69a1e2db2754,0,0-2
23eff5612765350a05346d58d5db2edc45bc962b,2,0-2
06c6e42dd3b0a59938e3ed8634ab9e4591a21b90,0,0-2
4b0665857bc2fbd06bd28c9ebbffd958da34b2df,2,0-2
4eb423e1bb51d0681c933290fb3830a492d863e3,2,0-2
7c4d36f1da8fbd291bdb1584be4388bbc9384af5,0,0-2
e6124992319425fb728670d13e7cac69c57ea966,2,0-2
07e046bf93afe55fb331b8072bc7da0e3f0ba05d,1,0-2
c577d9f54f54c7ce33b7d5d6cbc5ad2dbad0abaa,0,0-2
ac2e2d4e3f2e0e1c6263b6edf8008db36bba1fe6,0,0-2
30de1b8e08d426fbc3919d007d40700899fab89a,0,0-2
7a14b16e6a8ee5cd806b134a053ba859d102c75d,0,0-2
0a552444e44a57285165e8ad82e074e4cfa039ee,1,0-2
b0226b51159eab045d6469b9cf8337fb588ec494,0,0-2
2fc8b1e70a21270af12b6e8c25ee596e77aa310c,1,0-2
780581b3e737026e99137f6471335ba4c14270c4,0,0-2
a5fa01070f711bb5a8b53729bd8d4887533ea8bc,0,0-2
8cc351231267e66f9d1977fb0588084a30a00157,0,0-2
bbe855d18ae6abd01d6c30f1ab03c43ac5f1bce8,0,0-2
789b264a36eeec1956b212c265f84ba49cd793c8,1,0-2
58cc84fd233037f0ccde118c4b4f6951563f0180,0,0-2
f22dfa3e7f85346bb206b80cd0c9db3eaef96394,1,0-2
893a9311ef3deb2b70aa9ca769c5e350897618d1,0,0-2
c85384f4163024f007b9c61f2a9fe40daf0a98ee,1,0-2
38da0ba1cadd35482dae11ac23e82241b83aa436,0,0-2
87f7438c10bdc20aca77d29fbc0f336a77ac19bb,0,0-2
13defdb201ef9c3e3133a458379f9ad6aeae2013,0,0-2
21261f513509838fd490c01c8a2f35ffea0a12b8,0,0-2
eac20996f07b285106cbbcf7a294f4e4af626c24,0,0-2
ae42448315a6f28dd6b2b7837697bd82632c522e,0,0-2
0e13be400e8bab1b98e8114d9d27c3c38773a42a,0,0-2
9d84fe69472fa1dcf8f152be6bcf6cdcb364f693,1,0-2
9c5f2fe6690839a559b48753c0ac2756269a7bd1,1,0-2
cad5b3b96f3738e2ee04e189964a6cbde5dadc4f,0,0-2
c6ffa86f55554a11bcb6d0049bf0605e84f2f0b9,1,0-2
9080f246e773ff1ebe25d716eb540f2c85c71493,0,0-2
535d1c21dd5bdc688372bfd05449cbc9ab394f24,0,0-2
71c09518802079620dccfaea488a05f13b0d0cdb,2,0-2
c0f0010cc1ff89425b2e27659c74a342ab64f22e,1,0-2
8661a33597b6fbdf9ba770806d7e89704edd86bf,2,0-2
89cdf1e42c49e1a2129c685a4c9fc7aa23a016ce,0,0-2
9af10e51a1a87ef032fccd50e95ff06648d77916,1,0-2
e8061709371580569419c9c851f68727bea5c972,0,0-2
e03b80134a65c3953fcd11ea566a36b3651a58ff,0,0-2
23304567bd018628753e775d24a3925635b76b4a,1,0-2
fcf7cda171615468d4d13e9dffa4b6a493dffe9e,0,0-2
10d6be40a1401bebade0d852006c1ae5b9b7935d,0,0-2
7f574f1c5aa2a7219c1caec5ec502776e1b4c0b5,0,0-2
be33e3c8af20c97625cbb861a0f9938aed989131,2,0-2
28a378ef43a0cc616b99e6328314ccaf4646ea6c,0,0-2
083aa31196c292e9ab37373c90a2ae0b4b1e70fe,0,0-2
10561d0ed0bcfb79827691ad74f0d25532e89638,0,0-2
0019929aa78034f8827ff4b17770792ee2e243b4,1,0-2
6a10000d9a6677c881f07e1c68e8301b5e38b546,0,0-2
44d6816a12e5a1673bd3592c64c6a0d2ba180e28,0,0-2
0a661f29def371468e8b7dfe4f975e4406edd5e2,0,0-2
1a88e09689c86668df6f3e6b9f12c66df815cd09,0,0-2
59e8a8bac0c041f011a091008ab555d9722c6f3f,0,0-2
7e7f49d0626d3caeeff417a40195677ad08ffbd2,0,0-2
f1aa4f76561e7a6c60350774ffc62c41ea5d2440,0,0-2
2793562e35b42ad3ce7039b316536864d20fedb5,0,0-2
4fde9c3a48ee793a3edb966a180666d80df033c0,0,0-2
86124f1f9a432d315588959273c3b969ece07fe6,0,0-2
fd2faa0f61202c7d6391d6514096b936d6dfa28c,0,0-2
6a173fa84bd2b62a5ce3a92dead55f8d00f30e01,0,0-2
8f29058c35b3318c427a12968d43fb9413adf52b,1,0-2
1384dee512c8378796fd6645c225daed5a11e776,1,0-2
cb31013c5e0d6dc44f03ac8c87c023273386fc38,2,0-2
62807fb0927bcb1bafaeb7b4969a76413cbf2ca1,0,0-2
1a68acff33c7417ac2b447eefd50d2e6e21b0478,0,0-2
ef2d5c2d3faa52157d8424d4c8bae21db41dd13d,1,0-2
341174908dc4505cf9f5a120a6d43f167b84571a,0,0-2
77e94aa591e693d4b410bf05fcd0aba29ab12119,0,0-2
e2d5ac70fe75529a23228cbe98dffc6a5c9b9fc7,0,0-2
c6aaafffb0a24a72d627c6d827f294b8537a645a,0,0-2
abc0a63e2a4ef1de9a4cdeae36ed25461f6f5f07,2,0-2
004f5325ffc93344713b81f8366dd2bfb7b643b4,2,0-2
7cfc316c801bc1e04330b9a6a98476a17f25289b,2,0-2
ba322ca6a5c85517d94cc2d0afd2d6cbbbcf830e,2,0-2
e26abc9b9426348176445822fbe4c0bb0a05a5d7,0,0-2
7558d7144491e16eab5518c11a6d5e2fe8142848,1,0-2
f51ad9520f80007eee3cd0f61f7dcc3ae4652ec7,0,0-2
39582153bda921be1c7d99b09e7e658fa8f58313,0,0-2
670760cac5e528327a880e503d06856fc6a9606c,0,0-2
72027c50bdb7e3ff0e8953cd0df19efec5ad8599,0,0-2
90a6bb3d48ea1a1db5393ebf43545025d9afb4f1,0,0-2
6f2c51a1a9010482d9d3a3e770ea0c0a28fa00af,0,0-2
41cf26ebd4a40aa8eebce93ffb7f48441b761104,0,0-2
dfbd05ffe6e88e4c82118cea1560c2f24da232ff,2,0-2
59dec19891a155dc1e62b8a55334bc81e27e25a4,1,0-2
b09633a7e2ccd8a7df5d227e40571dd4cb8e0977,0,0-2
08e30775cb0ca8d74d444c12d1ce9874ad7d29b5,0,0-2
2ce8eb924b6e4e4e2dc490878f2b566e6b79729f,1,0-2
f5cba4ba5f91287c6569e46e6b5759883c665088,0,0-2
333aed87453abba15d24b27cf85c26d6fd87c4c7,1,0-2
a9c769b213e6a95db69dfd6ea2e3fd1b584241df,3,3-4
45cdbbd09fb5c4f0bda7d9ef01d4a2f9ce65227b,3,3-4
5a88d4c8777d1a460bd84a1190caa25e7765d806,3,3-4
9c4a1ffca7d3676f4c7d3db5bfd2eb6c4902d087,3,3-4
09198406343b947285df6e979045db7f843988f5,4,3-4
f4b6af0315c8a362bf5e340500412b35711c22e1,3,3-4
2ad97795107f954fe9e85626205095450dff7ce0,3,3-4
9e79123c622dff21624f5c4021b3f56d9665c37b,3,3-4
99a0ee47284fe478e02034241acb3001e81cf4bc,4,3-4
1d1d8c4c2397b293dfb5419289bb770ed30f6732,3,3-4
e9fc77970795998f6d83b1c6bd45f2a311f72d9a,3,3-4
f007c09e63ce02ac7fed96f080581a87f44db175,3,3-4
f224fd8869020207f650e849adde6a4d1f13aa2a,4,3-4
2e4590bd3cb9dd5e4fe26e95b16f52e989b73edf,4,3-4
de02e75e5968c43b4261687e5dc62ef95e830070,4,3-4
6cd5b9b5be24936be186df787b4dccaf7b531058,3,3-4
bb5e65f11fe771fd7fba4f3ed61bf7bdb10a1896,4,3-4
ba2f3682f81802c7880641435ea4c5624e450f34,3,3-4
0c3feb885c737269b2b4a11b2b9f40e3aa6e7fbd,3,3-4
dfb2cd471e286815e548ea6260e7c31184d0dfa2,4,3-4
acde3aca8c664329f9af07e6fdfdb535490626c0,3,3-4
cea3ec3ab224c6b4e109a21da7bfb7cb6bdd2044,4,3-4
08b87686324ef9e3905a075a329a44b09bef8900,3,3-4
fd71907417ecccb9a7babf2aebdeb5c284b5fab1,3,3-4
250ded531402073682425f3b64f88acff49c74d8,3,3-4
dc18ff9a0e4ad40ce6d15ce29552c7f6f9b2007f,3,3-4
6799ae68d3f274ebdf3dba5d77f408da7dae1e84,4,3-4
0f9fccd99e26fdf7b8952daaa1c533aad502f110,3,3-4
a40deee718ced627e622b8db5f52400fe05535c5,4,3-4
f369a7758c5a0734f6ffbebf31f8596814f39966,3,3-4
2fc6c8f35008c079c6cbb1b1309cca25388e634b,3,3-4
e77e7d9dca4417adfaca96df89b1fdedcf45c971,3,3-4
e1bf59d5a50e0a7cb2f9ae5757f38f2bd001d975,4,3-4
8d89da416fbeb4dfce7f9d427b379bd0abe61aeb,3,3-4
8234c113d10ae64ff5b923f39e8b12f5aeef7954,3,3-4
4fda58325af8ff28632122398d4b909806456b15,4,3-4
699d394ea6f8d84140b9ab4a111b6ca19170ff41,3,3-4
968c48467736ee9fc9dda82db31164bdf04c9484,3,3-4
8a8b919a7192d9ac34d56ff03b36b4e400daeaf4,4,3-4
d35e447a1580f59c72d37a5f7c54234a59142959,3,3-4
9db716cd3e8b9fedeb76b2ddd0a8b1bfe7a9eb0b,4,3-4
c86edbcabc690ef349030a932c6192a93e787d0a,4,3-4
e800659d6fefd140f664c6e13becd30c65ee1356,4,3-4
4b8f527c5d2f5068d5230189d87a1a9c4604a0ff,4,3-4
6b4787113d46a293e9116de9a6158f39703b1e2a,3,3-4
0b7b244fb9e8620be08c3528e9123803c57fee3d,3,3-4
08473e0ae8aeab5180add71f0e32860a51296aaa,3,3-4
e1780c2a99a56e1f89dab17d59153c0f2a985e82,3,3-4
49cfa066653681eb68e20d7c08a92158847582f3,3,3-4
c6f3734cbcad8f56288cf8b727fe01b1938b661e,4,3-4
9cf717f618d599b92699143746c9f8230707a41d,4,3-4
a3f176e0cd664f35a859b89c4affafeae55070e2,4,3-4
9b4b94fa830cf0fc4646dcdc80765ee3e9403181,3,3-4
d804b0fbdbef30bcafc86ce528d302a88e5800bf,3,3-4
757cd2ae5b4937babe7cc07899fcf8a02eefd5cd,4,3-4
357ddbf8bdac438a25a27648ece4ef7fdc8f3f27,4,3-4
792bdf6681f1bb4b698cf2eb23033d7b582842cc,4,3-4
b9361186692b1050a7fc574230d6bea48628d655,3,3-4
24df0798f70dcf027072d6abc7c15778495cca40,3,3-4
e8f90b2347709c7ab3270bbef4c355830fe6ae36,3,3-4
5280e792bde4d97209f48caff65c1cc10fb22444,3,3-4
4722b15c0fa4e38b592b18f53b826f39ccdfd7de,4,3-4
784db15c2c82283e421e10891c24931f33839035,4,3-4
61a2f3943d239dae2af0718d72e7b2aa3889a48a,3,3-4
91fa33118f3a8e40a0db2baf938cb204a81f6f86,4,3-4
b89d23f83cad8e799b486751e050b08122225a98,3,3-4
5e33441efe166874e55717b44489fbfb7330be77,4,3-4
d51a43820f9c92fd270baa6cbe69cca0232a4490,4,3-4
a744dca2c342e48004e1175085a522682df12b95,4,3-4
114c4e86f1300590dcd85c96c4b46473ade25049,4,3-4
06ead3427344f4ecfb76fb4b5e6bb2fb1242ebfb,3,3-4
b347aecb31ab8cdec74ad31b25b2377e6c698097,4,3-4
f196fe95bf8114a98303aa4eee04bfb836617323,4,3-4
2cbeca528e645d140ae697ec6f31df4272c56517,3,3-4
a1e402ebb6298da57a4c16f9f6886f6736ebe9cd,4,3-4
a4adbbc9c1dc75583700cc6420a974e3c45f0288,3,3-4
30a8fd52f562c1192f7f6a4d333580e84e48cc31,4,3-4
6975430d0a1c66cb880d3448124f27c4f059b4a5,3,3-4
94e7c0f8d433910695cec2148aa429e930b66ae4,3,3-4
a73c56ff9d3579970b769ba7e81f10af5a2e2a49,4,3-4
9efa855eac9b3259308536c1a3170615c7afd2ba,3,3-4
9650941c6b744c81fd4cd20a5c7e567dca24b1c8,3,3-4
f9e5c91cb9a3bebdd954ba92502f7296b78b9bc8,4,3-4
3ed308e6060336a0b22b48290c3c015ae1480cfb,4,3-4
caded58e2a1a69d30cc68e6fe4decf3611893164,3,3-4
ae54fa701146e953a37be67179997f00bb908e4c,3,3-4
98a94bdaa3ed528e861a51f8bf99dc52df2e0a34,3,3-4
932ff2689fa240d9264095e639f7b4249cf477e8,4,3-4
291aef328d75abfe268b4cbe0d57a33b13b1122f,4,3-4
efb1a00a19d33ce026dfcd44aa33d4c39dd2174d,3,3-4
9cb446c5c0990a0511f8082292f2663db6fae14a,4,3-4
d66766980bfb3971cdb02a5473d1e7c36b592f78,3,3-4
9ed31f5fa436b35d06877a6387a07f140448d16a,3,3-4
17c75f1cdc1354e1360fda51f80082c864e759a5,4,3-4
cd6a9239a7c00c9552c84849701bbffa3bbf97e7,3,3-4
3b5302334b72c362019f3148cdb1c00341fd0f8f,4,3-4
2e9f5dc352aa76e1785a5766c06fdc57b942c2e9,4,3-4
3afa3b0c46b110764f6c806e692369c67aedd126,4,3-4
dae3ac2a3a6ee479a6d86555cc6d107d9f3da4f6,3,3-4
333583f6d0221659c5988acd6cc7fb29aee1cd60,3,3-4
5bf2dddaac5e001dbefd6ad5d15949ca2616ce70,4,3-4
91c02d164c5338d66c8d721f2191a0cc63174cbb,4,3-4
aba3e01a533b8b680b5226315e8e484395031c1f,4,3-4
515f4fefc46fa4e3cbafd12c8a95621cd931041c,3,3-4
2484c7832f6aaddede862492fb3eacd13c27ca5c,3,3-4
ba5444c9737dba5ec0fa5ba0ee53575274f7eb13,3,3-4
e05ae7adf0312550c8c68967ea91959b52872d09,3,3-4
c95330906e75d61788c8efc3eb4a01398e6ff43e,3,3-4
102e142e9e99d2726e1748db9cd12a41faf5ab94,4,3-4
91cec422fdca85bd974bd5318f98d281143ca6aa,4,3-4
69c0655bfd7557141a78455e557810c6765f1e2c,4,3-4
87f3caea4f2cb52c0a37712120c09b191145932d,4,3-4
e75ae6fe44bcca18bb0af5ae8f4723d7fd04430b,4,3-4
8ae87f312980f44c67839a1f9407d95efc42253e,4,3-4
8b626a8b38b1cd11b245016b89358be083541e3e,4,3-4
115919cf81f8bf6e094a1bc7f60e8a084d8f6c88,3,3-4
c958c29d6558e14c9ec61d2fd6d622606b1385ec,3,3-4
81e1a7cc70ba550176876dede40eecd38098de52,3,3-4
922ce6c8168bdddccea2b25dd1e652e51d7e206b,4,3-4
62fea0da1568bb4f7839662b5064b42dba8fa0f2,4,3-4
62ea0385669ff02faf79a7ffa237681ce75cc94c,3,3-4
cf92fb5781d8c53b70d0f11deb365bdeb026ff38,3,3-4
5a71d4aeb21ef301e8f690c32ac0280409d436d4,3,3-4
4a65f2c49e4777b66928c72598fb2251520e56c2,4,3-4
1377d9317a380c4b4ca3bf15ca5fad5255160ef5,4,3-4
0fd1d4aa031759b3692b71e2a225ce0052f403bb,3,3-4
797f706f52c65511161733d01d38faafeae2b434,3,3-4
e7caf2ee99fdaa89e5df02b5d0e30af1109e249e,4,3-4
fb6d5c0779bc576dc74efef82552b4d0786ac087,3,3-4
e445765bc4ce2279c5020ad745ca73a205f69208,3,3-4
05051fe10895df5ac3832d96ad65e05ef2c420d1,3,3-4
36f8f271c7ce30c2f773479cb012124c57208642,3,3-4
c25af0b96cdd83c70cdeec7031c1171c9eca4a22,3,3-4
1cf1df7bf5aea69c6c735ced9d8eb44cf9c08261,3,3-4
31a8837a90d174ac89388fc9d1b5bfa910401daa,4,3-4
ed979b7e250a09c075ef96f55846be1bac6e8ac8,4,3-4
a9867c8317dc397ec16f863bd89c7432005182cc,3,3-4
3e88e5828daf14a21d5d199d9a128c58619f0cc8,4,3-4
6dc109f08205466543d5cb929d175853a860bfc5,3,3-4
0b302d7dae4f1c4a799a3aa346c735a14c22bf89,4,3-4
7f96cc18539008461c97f67620ab7f46126272b8,3,3-4
3516ede1084b93bcd901bf571be65954a4403257,3,3-4
901d7490f82000da00119481b0848d31d30f1aad,4,3-4
6d1bd975ee88f372d173a7345f9d5bcdc709ca2f,3,3-4
4ee7c7e044438a6c40ada423d5463c2b3f7e2da9,4,3-4
afd5d8764449e3fb3781d0fe58f84b2338e81058,3,3-4
be3f4f73b365353ce8749d446e1dbb7009d27f4f,3,3-4
f8049c6d66c71cd97f0108bdef0694049c9a7e2e,3,3-4
88382be1a1d20a88a4b8e35d3d8fd6a688688736,3,3-4
0703135927f5519a1193a7265c9ca47a40f8fc45,3,3-4
dbdea349aa1b52c80fdb0a45026dcef3f6ba2a39,4,3-4
7153b6b59ba1d6ab499758591bd8075d06a0223e,4,3-4
c27b307bcbd247e5ff3fe6d2f473245a1cc3fbc6,4,3-4
8eff3a4ab5863b355fc477611b2dd64350f52b67,4,3-4
f3932f5f329db6e77b96c7928b7939d10d7bff1c,4,3-4
53ba3ea222853d9e87123c3d84169494cdc8ad4c,3,3-4
3a2cca20709468ef81f28f4dd07596b909a40ab0,3,3-4
dc7f52472158cec672a7ba86bec6905751a76003,3,3-4
601f2058ed9d996f0f018ab44273e9afc7f16800,3,3-4
89f45ef6d4085680217f6001a0c3744f8e91865a,3,3-4
6150ae24f8eb7a7d013ff4e49c767b50b42059af,3,3-4
11cb083b8e39b67845ea4da6160378adfdb164a6,3,3-4
775a4ab6ba39059a37a7920f8b3b6877a8b20e47,3,3-4
be709860836ca868efa7f98466bd7ae302089f1b,3,3-4
dbf44dc35cb1d1e039fb04d5ee4bfa8c3752312f,4,3-4
291af8f9618c1e685ae80d4582a8520279eff12c,3,3-4
5bb2561f00db68b7e69632b1fe2302655b73f872,3,3-4
9d1eb68becdb7a93f2fd9da465eed0e5f1ba62f0,3,3-4
e21de22c48de758a3ce81e87701c809f653425da,3,3-4
51f5f9244e2adb8f9e479446eb1f3f3ca2e56425,3,3-4
5aafb6c5ed6fe99bba40196dbae891ad33e86603,3,3-4
249c8634dad6f13510761ec1d227e2bc32122492,4,3-4
9125677eaafacce70d967ce1dfe6105224288d4e,4,3-4
72892120936629498c1cc3c4f7a57665989a452d,3,3-4
4a64cf079c6200f691e7eafb89adc381a57e1dc8,3,3-4
4f2e1bbc2521856a7ee13c538616b3ec1fc5cedd,4,3-4
da366c00a4753b91f76ca7998191c281c425e8c2,3,3-4
43e22e2731a5da05b6d206d042a84655ef814739,4,3-4
877b5c46710f5c2b03fde71ce8a9180e9d00be59,4,3-4
148e94021ded25432f61f9d262afd505ad5ab15a,3,3-4
d2c80762bb050dd98142db5e6103e8799a403f06,3,3-4
ec4d0a75943af353d5db5d358e8208d1773af232,4,3-4
18054678a50e961046dd6b22c9780daf46ebb03f,4,3-4
0cc107a54229e782381581e3895c33bc59a48fca,4,3-4
4e12e2f45fcc42ddcd444d1b72fe1524f1e1d004,4,3-4
e9fd3e96b34a3c4d9fbd94e0cec72bd5021ba409,4,3-4
2efc6bd8f7b3ea55f37dfddec8f7ce780d12d449,3,3-4
311903e93b7c6dff85be6985865d8c4dbc936261,4,3-4
2ae2eef340eed414fb03804832febc3c4490c32b,4,3-4
4e5e0d7a03bc6a3f7ac82696b9cae4f99d5c48fd,4,3-4
a2fdd6afa50bf8630004f8a6d61296b63032e35a,3,3-4
9dcf1a8adfb1513e5dfa7cceb5623689dbe4b494,4,3-4
0c6eae41470704d3ccf3206ac679fbb270f9e940,4,3-4
afe888a765252b49bf1d390070d48c00ad8054d1,3,3-4
e14b87c5f70f0816daa5a81f98d0959ab16daa05,3,3-4
2fded4e8c91f46f4e1e3c7819a9f587b3b0d2ff3,3,3-4
2c7761447567610cd9409ffb6928bd0e32334b5e,3,3-4
9e26abb6d93fec89ddd6c668973d115607fc1613,4,3-4
a18f91a1d1e03002d608b9a220fbe4d4b240b560,4,3-4
b551d14e6e7732701551c9bd8bceba1843afec21,3,3-4
b3727c9ca02f53148c22cb3a8e8a39b117e9f1d2,4,3-4
ba88c2726c418815acae7df983908c32afef8593,4,3-4
0e16fa0e33ae8ad1d79a843eebe92021d9c0683e,4,3-4
c451109da845dd385c0f8d801dd25049049c05f2,3,3-4
b49f33cfbaca56e448c697178a58f12bcc38fdfe,3,3-4
9eb9abf9123e7fbc0c38a154333b2b26dcc735ac,3,3-4
e80a6379aa6b41208282a4835971fa10aa623acc,3,3-4
b74592b38ef6126921f1202888e459d797724a63,4,3-4
5a6925ce27a51b81cf41a7dadb7ab1951e1f46b2,3,3-4
e51da0c676caffa8d4d45ae6dc49f812a576fca9,3,3-4
7e5d8c6cdbecb2f1c3ceb8fe6da42e32024d6c05,4,3-4
5a71329b1b6a54c885b20b27e21b19339a0418ca,3,3-4
16112ff5fd61a38421e4f71fb390cfbfe70b863f,3,3-4
7bbef92efcceb8263811fc4282ff780fa3ed4370,4,3-4
e4b7efffbfd4b82e9b8dddcfb6a3581abb7cb3e3,3,3-4
7a6495b5c84127ca48794b8b602d9277d567655e,4,3-4
62acac8c085d5c877033b6739ad42f54ddb70ba1,3,3-4
4bab2c6435dbec4ee3dd7bd11493692eb9395f3d,4,3-4
bedd725b1abc91435503c0ce80ea8f69a6b8395e,4,3-4
371515748223f4b4e9c5d945cd874c8a7bd38430,4,3-4
4e085718635e749499a2069ef4ef5c471ba1153e,3,3-4
e45a2239afb391086a5d3930796d644b0ef847bd,3,3-4
472e86b07b13214e9766a26d53490a1c47b100fa,4,3-4
9a2bbf297b6fba41e09374c773ba0b5e96af840c,3,3-4
af05a831ce9fa39549f79cf2b29e3c69810f56d5,4,3-4
e9aaca65c360eb57a2a8647d8a9dab90fca43a03,4,3-4
46d8d80e1904ce949a23b9341db0b19394bc59e8,3,3-4
2d3ad11a18fe0d986c549b369a14e28af271a850,4,3-4
a4a71cf0d480d784a0b1ae7df623005be4db6e1f,4,3-4
f267e058715cce6accdac93e7f1235a5d589a5a8,3,3-4
5e0d49a83ca7bdc7f8eeeee9357f63ebb88c957a,3,3-4
8fafa82f26a533b7bef73aab34a2d9e3b9d297a6,4,3-4
50cd48cca03f4ea73a1821996ba3c2d292a0315d,3,3-4
46cedc9fb34a074806586977b12f4ad16c5fac95,3,3-4
bb49f68ae07c4a48db7a84d528ab3592c9a701d4,3,3-4
b12db975c3e9a764f6a078de15e29a88e8e6c5f5,4,3-4
7b379c38a87410e1776196adb5ea29f360df623e,3,3-4
720a24e5751f52d61f6a7755526df1b9b4755c08,3,3-4
1ddd79b9bd4b16ec0626e460b30aab7c5f434d6f,3,3-4
69a2e8169a8accd4ac4334b2646041a8e0eb82da,4,3-4
deb2ade7405555b62f3fff7035eafc0dc9f5ab21,3,3-4
bcc31234ab8bc45bd7a35f424bf3639d234ce7a9,3,3-4
6209d79946faaf7e78e0d460126ac6b44babdcb5,3,3-4
4db049bd56fd20daaec441cdc2d41d49b1d686ba,3,3-4
24e3670f2c31a39a44a7839214e8a1cbfb9dd06f,4,3-4
09c91e83b065bccb40beafd1cd799a200f372a7a,3,3-4
05362ae2ce23e10b3405ae7e5bd56937a4b215e0,3,3-4
3f9dffd00357e11345ed95bdf4b88e23c9258a09,3,3-4
adc7f8ae20601bb62d152cb461a939a74d415bd5,3,3-4
84f14203ee4ecc4142e5c9dd495fce4029b42f85,3,3-4
033a66a3ca71b925691bade41da19a56e9de33cb,3,3-4
bf82ff24eb3f9f5674d2c3da2633164ad95912e3,3,3-4
20c326666d8566d9dda7258875d2c3ebe593f2d2,3,3-4
d37c66d8516adb291d05d2c14fe6eaad1ccf0102,3,3-4
98c2f0754713e1c9bc522397202399a2d15b8355,3,3-4
68265f31b58704121e97635406aedfb68992de96,3,3-4
f95686cef65acaebb9d172adff1307da8607e244,4,3-4
525b844bff64f9d9410758d1570941deb769d1e9,4,3-4
0c08c174640502dda0cea802be0752f94a17e046,4,3-4
161938e8f6d30f5165b27a8b189298cfe5594f3f,3,3-4
2ae366f29c52c2bd04aaa47e6cdea3125f054d5f,4,3-4
77dc22c2d1541ee9ac8a05c1e2bcaee1c2f71ea2,4,3-4
7d521243c1c01b52aff3177d7d15cf0a112b8508,3,3-4
ca04016a7405dc071b45a06da0a73e7e88fef551,4,3-4
53f018268f8cdd7fca4de0c35db0460bac53e223,4,3-4
0de9f228be65b4657b768e9653177d906aa0b8e2,3,3-4
938fcf1b4957dd3828f20f5d0f03797ee7d7b448,4,3-4
9005dff03e03d0a9f0922bdfea6f722f25f88008,4,3-4
74a2fe3c9df7d3e72bb7861508d882ed39b91f8c,3,3-4
b53bb6a02d0d43f7c22167af5bf7d469da8b0772,4,3-4
578613b2f3d3c48071ddead87c43a92392a52b18,3,3-4
31d8d2e9a45102b1daa7cde9ef96b524ac9e362b,3,3-4
a7b6e0b237a008c16539808c8bb468ab602b140a,4,3-4
0692aa773ae5e7f5ab88f9f1505d4c00c402d2c9,4,3-4
0fd03c7e16f6f6ec3a81321df1b96d5d182cc90d,3,3-4
00da92cfe21a0c281259fc0c643263bce79b9242,3,3-4
5861b248b3b82c1429d358c3be6bf541f1195bc3,4,3-4
0efa454d646096d350ac672e821fae6efc3c1116,4,3-4
194019b36c5309339fe7eb7f21bb786a2a68eae4,4,3-4
1069d2df8b02973d7be2c11d3c76ad7031815e9d,3,3-4
1962c4fca0c1514421ea589b9cde384e5a90d27c,3,3-4
f24ea98f45b05e10a8d511c421518dab2e2800c6,4,3-4
8908f4dafe52b19d673b957874a4d190ba21f348,3,3-4
5e35c6a8dfa387927b4c98ffbaf01c104d793f27,4,3-4
88cd7a5b83f9f0b18b18a17f89532bd71f83ed0e,4,3-4
8ee3e78935767c98dc4791c913684887eb5647ea,4,3-4
39f75038ae441ff3dff73fd655f3682354c565c9,4,3-4
a2261d041b2d28d59e3f22da81cb8250bdcbdee9,4,3-4
b7f12b70bff2f7182debaf6cace509f1fe45758f,3,3-4
f2ef907ebebbebc1560ee0f516c9d536df0b4551,4,3-4
c1834c6d71c34eddfc7a2216465a90819078c3d0,3,3-4
5c213104893b2ffe2aadf19787ceb68bef871d0d,4,3-4
87f4f00a8fd7d9034a451536f5f5edb5c2431b29,4,3-4
cfa22066218b22852a3ceec2d9a84695a5318e70,4,3-4
f1a7c7e5b097e47899df2aef6b84578062cd42a9,4,3-4
dabc76cec3b9b0d5a75367daa8715206c06dece1,4,3-4
e7b9a3b513869a181b178c2aa4a72867ee75484f,3,3-4
8d1316203f779ff7a5d8b51ef88cff12b0902d8a,3,3-4
77d97c9a39bac491b8fb52872e24e92a0986a9b1,3,3-4
cd235da60d44eed55de1f8061663fcb190c42402,4,3-4
3949c17758ecefa925e675caf162bcbfd261080b,4,3-4
0daa8bc930f47235407a8c9d281e712cae483cf9,4,3-4
365b1485a3f26cf5f865bee7f50ea2d11fe867f0,3,3-4
dde5182dbb8ac1affad1f4af7c17ee00c220147c,4,3-4
fb512ae81d9be5f1bd1a047d7c152f64fa9fb307,3,3-4
bc659081f7767e669870622e8b256b3fc898c7ec,4,3-4
25c753a465d84daf368e6975a62d1358c275d928,4,3-4
b8e18406bde3e19ace0d256e6fd7f8fde09de3e1,4,3-4
04b82d2dbe3d49cd30f9a3a07fd40cdf24671867,3,3-4
c00d2f362e73a5f105b61d4c1dc52bb36cad2c84,4,3-4
a072a6b4a4d222a9cccf4007c289a207d80c8a52,4,3-4
93c102a0051523dfcbd1c1c73aaeaf7684772235,3,3-4
6a612559faa310d3a61ca64e16ab584a58a391a8,4,3-4
b59c66febd8f37c18b8f360ddce4cd8ab97426a4,4,3-4
a1a3d2689504c9bca5249f9ccdf6e2d4c9d26e0f,3,3-4
c265e043371defd2ef410eec5070921dd2aab7a8,4,3-4
8965039f0db444e13c97e6d22e311ee09b980f17,4,3-4
038a825d5a029de893c76d013e3a4deea50096c0,4,3-4
4069d5ef68a215c1ece7decb6d1f1ec35aec95e0,4,3-4
745ba2d496ec5096e98082de46939cdae44e50ec,3,3-4
23eba06564175d1b7864cb736dc5f92f4700cbca,4,3-4
2f917c0fa185e3f7a4b34faff9f6c7c34ab1812f,4,3-4
a261b05e7c55f7349e9c4d43a0d5e7e09f6c2b5a,4,3-4
395d82fb058f3b2555c092f2140db363382d6a17,3,3-4
effaa89d8a4ba755302f017894d41823ccbe510d,4,3-4
ab83a1e680d72031fbb85cf50d4f6f65d8de6acd,4,3-4
12fcca568d21925d038bb6bd1fa413b7c88150a2,4,3-4
657d0f4ba24d8b1dd8d114d49c85a56412c6018f,4,3-4
b10c99872e3e0d106913d193237a6da81f1ad112,3,3-4
7b7a854b436831458f9028cf06b3ec28876e4fc7,4,3-4
b0615e1b9eea4d5fe857409f8e0bc56b35ac722a,4,3-4
47996bcee333c042c4ac5b3b8af25bf28e07768d,4,3-4
e213fac5a0df219f6c766b17cafeab48322825fa,3,3-4
b4d1738941283471b0277930c1ed987a16a38fab,3,3-4
d270bd1f09be805d8b1ee507dc7843024e25ec49,3,3-4
fe08f4e838eee1a3d17d837d5c1998040c05179e,4,3-4
3138a87307e604c972d6488fd9ec4da1cb9589f6,3,3-4
f9d652dc74f57e5931a97f6145f00ab6b0a360b5,4,3-4
8ae0fe89d9a8fdd650116a163496eadfc8228f72,3,3-4
64e9c4a6807d3b58372ca0532fe5cbe890e86f27,3,3-4
4f2c6041b2b9880458737df0841ede6cfecb2b47,4,3-4
c719166d5460c136d5bc386ee252747994c28638,3,3-4
71b75083fc1bfc0d0ff47d0be153e0ba36918358,3,3-4
0ed8b517e87c9767d1552a9d0a37b681f2f69c13,4,3-4
46452db9a362277caf48051515a3d20a8177e772,3,3-4
0da391b520ec7e260d118619bafe661989d89a51,4,3-4
46b73d8d7bfed9c7b3eb352a690d2e08390ed1a6,3,3-4
288ae17e74488c55778063d5d5344b5b6924b45d,3,3-4
daeb6828ff6f685b444c1cc901a9889bfa7bf4ee,3,3-4
051f071ebfe7061f12c9a9772bf4ec53bdd06da3,4,3-4
279d77b1a6d4e7976895a2f5fbdc0412ffc661ea,4,3-4
afc7f3efe85022c235fec66d4b48be335618faf2,3,3-4
99cca63f70199bf7c8f8d154bd1c114da4f7b5d3,4,3-4
ade5f09dcb5276d3e0ee8b67d83fa372013699d9,3,3-4
b963f0a03791db19f4f74967e620a5b5b02a0228,4,3-4
26c75f6d82fcc84c463c229390c123cedeb8de75,4,3-4
58ded366e19e96e4dc0ff1322cb597d24cb63cf4,4,3-4
c7753a4dfa4c4fa1e81ef202cd438bb07796b229,4,3-4
a6454e5c40cab25ab0f805bdc642bd9ad457912f,3,3-4
dd47795c9bb7c2c816c48e766c2ab699a7dac844,3,3-4
fe7195f0907981b0fd27d1273bc2aeb4aa7cfcb6,3,3-4
6bf8083a113d71df68032d1d4959f1e5b207cf4e,3,3-4
3952bb641c4e89d3d2e54e59ef89bb430be4aa1c,4,3-4
42d4baad1739ecf454cb4cc5091e4d50074bec97,3,3-4
6b2afb965030eea9f94c326c8f9e1280ad77d332,3,3-4
39ee35754e3489642e4ed2254d40c06a9c47cada,3,3-4
ea4557c8292ee115991151440de41225e1df1aaa,3,3-4
7e7bbdcc35c1f4abe7fbb01a5246df6b7c971347,3,3-4
56b66cd3249cafead36dc85db4dd50122d26d721,3,3-4
aed080e261de7cf76bfc27716902ad841ffe300c,4,3-4
6119a21d06844a195056c80e47f355cc4af1cc84,4,3-4
0ac7261f739a71d5c537c6c4c259f39791fabedf,4,3-4
30309b3ccf05e443d62547faaf37709c6080013c,3,3-4
f974ca996acde800c8e813e603ea2056c366ba73,3,3-4
43090699dde7bd9ab282e35727d072dbb59dfc98,4,3-4
63ce2620ec2ab8c8d10abe2bcbfbf8fb2f9095e8,4,3-4
b072d18b4213e7fa9008d4d0063e35aa87fc2bde,3,3-4
2a96128db77f76ed2f7c390d4d084a3534e103ee,3,3-4
2fba92ed11e911a07932d6b87ff7ab47740a6041,3,3-4
fb015f5a64abd27b2bd4a755faf2f8facbbee6d4,3,3-4
b0aad1388b38a52ab4b71dd89bc7a48e4c2b64c4,4,3-4
bbadb1ff18af0bd6aace3f7d22863556cbb1d494,3,3-4
9c699d2514380e06a7811dfaec28d6baf3d13eda,4,3-4
093bffe5c06fe43b4c8b7ca074fcdaaafbccf4d5,4,3-4
b60ef580beb7f0b64399de470347a4f2d0b87d8e,3,3-4
fdd578b7714e52fad0779b5af711e86fbb73d5ad,4,3-4
bc9bbb60845fcfb4c88033a3933e2dec30bdbea9,4,3-4
e55c8ef2515d0626e4fe59a090dfc80388fb1ed5,4,3-4
c332bdf5cdc7fe437478c6b183eaf89dea2b070f,3,3-4
cc366f00e2492b94685f512e145a2d3bb800dcb3,4,3-4
3db38c48a1ea09cbe2568c9085e1cec3a5a5c4b1,3,3-4
abbb0f2c9e1a8f1fa2a32a692e24aa2622e3f7a7,3,3-4
b335f0a64c1e4780319d3437c9b721c345500ef0,3,3-4
b5204e84067caa078c005bf4bb59c68c934672fa,4,3-4
f42cbd1f0da5bca101d52b13019bb3661fb4c5f6,3,3-4
3264a7d1d5171deedfce8ba657413d159373c92d,4,3-4
30b68b0f1791870a5d7d2aaaeb4441af87e1a952,3,3-4
01a06ff4e326e72dd77af5f608fbb55f76f9ea75,3,3-4
0d1518e97e496b27010d5ce6827d0e1f5686770f,4,3-4
efd8d2dd378a7f4e6efe7621d62143ec83413912,4,3-4
3c69f0b3dc6e0e5fda7ef3bc2fb320e5142738a6,3,3-4
dd597ef2f4b5da2c935ffa2ce01d3de093597411,4,3-4
68bfb96ec47db6df3c52ba003cb1c2547f591e5a,4,3-4
9830cd07bb8293a8075bb1baa770e09a7527b02f,3,3-4
a7b42117fd00f7e450b989b738e98d7be8d07cf5,3,3-4
f7001f319bdc562ce2efd72df106c32fdcb4ed84,4,3-4
c02be93575544e57724c6a73132e8c8d1e9763f9,4,3-4
56ae2275c6cf68fffa344604169e6d2df49f65fc,4,3-4
f7710c3a1042a3da695ed98b9d048a55f6c1cbe2,4,3-4
7707d2e02d7975cb48028574f1ffc3721e7e5184,3,3-4
9c694c35cb12b96f344ec8ded5f76009ad083a00,3,3-4
70e7da571272fb96b38556af54c468374ee1171b,3,3-4
ab0a0a16249b4660ffc545cd5483055aeb2fe655,3,3-4
6e28eaa4751943134d85c7bbd54012d214ae0703,3,3-4
e187a30aed56b413b845b519032051c0ee4baeed,3,3-4
88fa1e770feb23757a61c771662fc36f0ac8693d,4,3-4
687833ed37b97860ebc88aae7e61e77c80562bb3,3,3-4
1b770d2b46afe97c17fba82b099884c653ef3f0b,4,3-4
148981b67d123c7aca881eed506656541d42086d,3,3-4
428258780114d805e205ac5c121f9fd0554e5926,3,3-4
096884de8424e898918383f74cc77fc8d4b9d448,3,3-4
a80798289fe73589a5ea5d8f52a12fb7bd38b41c,4,3-4
fc1a2686cfb7d979c3e489bbfd8efb21ae8e9ad9,3,3-4
8dd15627cbbb64c29334bd2e6ffc860b0e76d5b7,4,3-4
65c424aeba0ebd5bc2d43ac368b343f212bd9727,3,3-4
b95799f526b19350fb8a3f746aac98d4b4e28deb,4,3-4
818dc5015354edc024233448ef909d0ae5c14042,4,3-4
ca24017050214804710bc88ab8b743bcd748435b,3,3-4
befda016b38bbef3fc1d0202c011e2f87384f7fd,4,3-4
775558edccd2a5871f482d07030dee9ba97fde96,3,3-4
886115b0a2eee4a8ae6ceeaccab36d89a9e1a711,4,3-4
9bb2ca59e47fc6b66ebb0775823ed483937d62fa,3,3-4
e551114a260987db804c76d91cf142f7067642e7,3,3-4
1ba362f07e3ae59c83591ad34f3c6cbe382e9856,4,3-4
42b447f10402fd245c145704a701bcfe254f6faf,3,3-4
761494a348e7acd941071dbb30aa4b88f34dfeaf,4,3-4
c581e1c172d4788d8ea579b2a7c7991109e40436,4,3-4
5d92b6d99c5bcdcd653bc49b304f8ab3379d5052,4,3-4
7f10d6b9fe2cd8892d89962d470022e31f814491,3,3-4
2d61411cd9cf81002224803bad7b52e091c32219,4,3-4
4147dbe758aa8d94fd97cb2aa707e9466486f90a,3,3-4
7d68acd9db0bf420e33d33d796eae6757250554c,3,3-4
0c9232ceff5922ff8062be17aae32729b64f460b,4,3-4
e2affb8b7609a7f4d8efaa03995ed6a095d9c69a,3,3-4
4c71b9ce8bcd71b7b4a8f7cdd2c10aaf0d982f0b,3,3-4
b524806cca449943fa88f8366391a6f3ac1f621c,3,3-4
dea6202ea89fd3c09f64ca50b18cb1b5c5c76ee4,3,3-4
3a2376d2dfa369f2c8bd017f33d11e09a8b46171,4,3-4
f9cb114f08edb277de1e7fc69f64f504d88c6bc5,4,3-4
93a6d547cf03c5ed49f100f83c179601e663f5ae,4,3-4
c7113a1fc0c38e0c517180a93db828b5377e5846,4,3-4
7178f4ddf1484c971c33fcc5bfb0bf4b0412973c,3,3-4
6d3b040b1c8805fce12bafc64664420a7ba8ffe4,3,3-4
b0a073f0d92de70741341c2135d915099071dedd,3,3-4
fda95bc0fb81e3a2dcba809558a2b8f5465453e2,4,3-4
ee11be2a8105d803809250325f08e75fa19f47bf,4,3-4
ab3976568b4b24a7e53e9065c11165fd2765a7c2,3,3-4
3f0baf6fb3cb42edd2c07e63f7d88d98bbce1b15,3,3-4
d725faa97b33217716a23d73d657691edff974f5,4,3-4
e7f366d348f4cef7b00b651bc32fa1079dd09131,3,3-4
8b35d36ef7c953167e9b640a0d249bfe9dafbe03,3,3-4
a41a64ced1584a41267a2227dc2ce8ac44cf12fa,3,3-4
b582a97eb26aca507ba239c2475c0b30c1b84b84,3,3-4
4864fd2f21b88497288f52ca0146a8d922a02927,4,3-4
6c06827be2219de09b2330f1abcbf03d11d3e5b4,3,3-4
924f391537f255e9c561d7e56b7fe8b9d760808e,4,3-4
6a1895726f2ca6fe63a03b15a6699284593dfb30,3,3-4
a38a56a64fd045c74dc3b3f294b6155c393e8b23,3,3-4
dc42b7c6f02db5a4105e331e62644d6e39dca721,4,3-4
bd5ac74f71eaae6165cbbaebf6edcdf5674fc33e,3,3-4
f71e3181d0b0c310699545a47ea1afa312f975db,4,3-4
a682fdf59600f43da4d25decfd9502feb401a5e9,4,3-4
b863f1454a7cc7683a3da7f84db9fd3e518fe624,3,3-4
b81d496427e3ce80e1ee6c75baf47674151e82d8,3,3-4
93d4897d0c4d28b14df7999cf37da7214cfa28fd,3,3-4
d33b4fd2dfeeb7fddcdf468ce98d7197e5534021,3,3-4
64f53783e41edd2cf50c577ac0bdcf992de06faa,3,3-4
e6b2741aeb4fa8115ef180f95ebda84f6fd49e98,4,3-4
e1bacfde73e290370f43af991a1da444d838267d,4,3-4
d04fcc87c896302af3870048dc3882b91f711330,4,3-4
b6db330131d61a41e92df92bac38865d1633c589,4,3-4
255990c0e3cf7d8a7d28bb556f859a98a21b1ba1,4,3-4
1ed913fa730cbf4bbf58522cd72cfa69ce896dbc,3,3-4
6aaecbf23bfb01eba8ad0a4dd98c1f12e28969df,4,3-4
8fde50518479682bf6e0a460f1315ee4d1ab1cf7,3,3-4
8e6e1877c11e6721b1e333f84ecfcac502e18350,3,3-4
979711c9dd037088a98e86ebae3c9fc345eec2c8,4,3-4
369e2f782323edd267a2452b781c99229678ad86,3,3-4
0a21cb787e212266c7c66871d09540222bb5a1b9,3,3-4
3f27a0733a6acce647717dd86796d9450a53322c,3,3-4
a0d223b7b86572cab681599309c7ad16c9c921fd,3,3-4
85c0bc4806b70b3470829f552fe85ae0bafce53a,4,3-4
4724a148a7b245271fb1a05a27eb3ed412e9c08c,4,3-4
7487aa4edd1abd97e151f85fd801cb2e715a9366,4,3-4
79e670c1d2315a48893e8832a791952ca174a1a0,4,3-4
868125813b7abdcac4016e0d9879316d78471303,3,3-4
60aaa99abde96cc807f66dda4e4f1b9899e5e127,4,3-4
4fdc51b3b370b9b83432ce55d773ae6084970437,4,3-4
5c2135e10428e5fef5bb5b7d952a9c95891dfa73,3,3-4
921b748c16991bcf57055fa94a4f23dd626a3d43,4,3-4
cca5a81916ccf812fd63d41909ccd81cf94234a0,7,5-8
fc1d6fcc1852a31bf757cb1994db95c8266459ef,8,5-8
f526993acf1d2ab81db22a65c65a21fbf9b2b202,7,5-8
2ff4cfa575c59b0199d68f2023d9cb099abb6b46,8,5-8
d5b57ed8dda6106566e988b4726362215cfb8419,8,5-8
8ee978644cb0027f2c321b31726214ff62315dfe,6,5-8
2bca3837ab655031a24b5ee7f686d58ffe256331,5,5-8
9df4d403a2cc2744e4b483d0535fc535184b489d,6,5-8
a4cf2fbf30b689d5c996ee791570a7248dccc963,5,5-8
4f5d241a1587fc1099a97b07626afbd79b56f749,5,5-8
165dc4f9e6f9a980005cab4c5caefe390524fdce,7,5-8
ae6d19ec7061676104f2a24fff2d193318656f5c,5,5-8
c84a6ae87ba57cb0e3a351cf60d03d7d19d7f60c,5,5-8
cd6be3e720a7c21ce64be3271a6bdbb00aa6591a,8,5-8
c7657845c169de4c15d79d6a797557169da6aa5d,7,5-8
fcee65eb498e5ad9bf098df7e36abb18d44dd5a7,5,5-8
0dbdadec0278814581a418bbe0aa70a1b2aca2ce,7,5-8
692044da039b11f866d04f392591155df78fe188,8,5-8
30df679e7725d6cacf95f18df70f9c6225a4435b,6,5-8
e7cbac91c2952bd1b215dfd6b61ddcad4e6c759c,5,5-8
a680d9baa5687405fe85af12a25fc100504d1fc9,8,5-8
ee937d66226dfdd0c660022c47f0f422ac2d0382,5,5-8
7e49a5a79d4395ad608aa262db78b2371b2ddea7,6,5-8
61c49cd81249f1400900db28067084680ed70546,5,5-8
e0d729f286c33e8e9119c7d0e5e16f92efc08d85,5,5-8
94552a49089722cad396852a8047afcbd33890bc,6,5-8
27aa0207894c6c1d52d29f4f7fffc34032b436d0,7,5-8
cfcfca7c0edcb92bfcd08007b2aa7a7b8bc05327,8,5-8
4a57330480babd5874ba6f163be33063fbd75cf9,5,5-8
001e0d7b2dee32c3a4ac40e46960c1dc52023673,7,5-8
62cb4b09eaddd6265cdf1e154b0d01185fa3962a,6,5-8
5b5df639ff0cef7e18667e9c1c81234e7ad57a77,7,5-8
b4ac81e2061ef968dd4534b7a958228cac06bbc6,8,5-8
79fce4fe27cc67b3a94a3cbdf358e43d1412833c,7,5-8
8bd3e2ee389b9694461453c4142c2bbaab253dcf,8,5-8
87772521d1be65e8f5dbe9e4f756c19418aaf4d6,5,5-8
743c8592f8a530e71568c58086dc9c64b16d0573,5,5-8
6945bf8d117fb24c93fe8f316fe23c17c5f6e6e8,7,5-8
ec1c7c24cc4420c3cbc36e1e32f38cc1aabb6e76,5,5-8
6e673be5538b3090a6b692bbeff71592b06cb5ba,8,5-8
6e707f4bb8541592ee297161c75c18b568b83027,7,5-8
e4f0edd8e5ed4a8df4ba8d90c632969087005a2d,5,5-8
a1fdcd7cf79e64c724fbc12796c23c18f3d46840,7,5-8
179fa1f2afcffac0ab50eaeabf6be42b831be567,5,5-8
eea0e4f532048bf19d814a4c250572eca12dd75c,5,5-8
9560eec922280c21afa9048173863c1cc6bb158a,5,5-8
3b3c397ebf638555901281f4c5fbe23380aa3869,8,5-8
0012377c79416b91b140320571aeecc3743b86e8,5,5-8
d6366fe8788f738f8f7ef2d9bc5f12643154112d,7,5-8
dfb59d0d3045feceb7c566d2396eef5965d84b3e,8,5-8
0501ca93d36878a15bf23bf67aabe173dc85a25e,8,5-8
eebcf4734210ca6d370dd4414c9884e6120f933e,8,5-8
f35ba6dfd1fa478f87f2ebfc290f00a99e17be18,5,5-8
072404b57c932551e21f70d28386cd22226e5e8e,6,5-8
7abd560e7d6716784882fa3f8063aab5cdaf2576,6,5-8
64afbc8366c8149be191efe376269535a5b8e37c,5,5-8
b0fe906539748a432d41fd502085722eaa770321,6,5-8
ba086435ff779cdffa027aa7390785a7b5fe661a,6,5-8
fb3115dcdaaca65570f4200a4837c20cf8ca0eb8,7,5-8
d2eebdf2c6c2ca1dc7b8bea7380d46a317c62f34,5,5-8
96d6dd2324aa27e33871ca66ee50b092efe6b5ae,7,5-8
d31e37a5ec6fda9952605bc7348819811ccb90af,8,5-8
0042f3337402fb98e6c757d8763ccd8fac5437a6,5,5-8
2ed5c8657ca73677d13717e1223bb853016caec6,6,5-8
acc4571dbae3f17f6923e15f3729cb0751d3435c,8,5-8
70387b9c02272886912e0885b706f521b24f1676,8,5-8
c6dfaa61b870e10a9cfe1ad9d662167f2780ccee,7,5-8
ca48388791e97887e114879f2de4ca64ba4ff229,6,5-8
6c9c887b94b4a7f701edf36336873fbcb22342a3,8,5-8
8f1c365c87408950a4da584b76b6036613cab522,6,5-8
da790a3ec1c4c9d1db6e0c4223c035cc5a50bdbb,8,5-8
178bb0b217fca40fab822a5e03b9e46cb31a9161,5,5-8
0842aa315e5c76a2c5ad79317e9813d79f67a83a,7,5-8
e95238c2eee82d9d02eb8714e2383d4e6f72c6f5,5,5-8
740329fb56abfe1efa8fc322cba5feab46c28e86,8,5-8
c2236f662b693d736228d1ff2719e7b69d7efe67,6,5-8
60bd38ae764cab44b4e7cabf1319dd57ec25e29c,7,5-8
f980d64e0c743a28a2396739e451a780c571565f,8,5-8
f33f8869313e005658838f7ac687175f911c48a1,5,5-8
7d72f070f6688da67ed50015fec8f898ad270b0b,6,5-8
f6c4e335fa7653ef08aa8f6a460728fdf5720842,6,5-8
2122b1c9ab5b142037856e0bba4b11272de5cb50,7,5-8
dce0d7e305851ec782d1e76016f09e774d426124,5,5-8
6a330b8bd1d21f1e5682da83d0ea113994585a4c,6,5-8
a61ce655e63d1e53e1cc78bad7c78356802a79b3,8,5-8
6197a51c8fb9ea4ada51d9d3298601ce2180eba9,5,5-8
487ac62fbad9e7683ad58480bfff55b558f4347a,6,5-8
07b8be0133d2844e2ffba52d5d939df0252d7b06,6,5-8
ad44c4a71b7844dbfce2d6bdd1b67573b34a6c0b,5,5-8
e9f51874879e338ae6dae2f11731bf64b6aaf75b,7,5-8
18994a87ce2c42fdda2d7eb47a50bcfa92aa1592,5,5-8
46642503d412a66359b5fc6db9634165843d3d0b,7,5-8
9359b53f07c0da18048e9e8928a0347220e21376,6,5-8
10c9c9fdf0036bbc9d4279e028418be30716ee42,6,5-8
1e575b82c9296e1675a4804384f7a2381a91f6e0,5,5-8
cc0c8eb493be49fe275400cced78cfb88b30e2be,5,5-8
dc5d6df3965155cb10247988314d5249316fcad3,5,5-8
95ad2fe3e2aef8d71603ee6c254d8ebfa5488263,5,5-8
f9a44b5962dc85c2703c35c48b7f35eb121f29d0,7,5-8
e5172b2d3df8b83c53d6de8f06ded7a856fcebd6,5,5-8
634651c1aaf0b0c47bcd65a955fb01b8b9467581,6,5-8
581a183afd68ebc19fc62772be65e135ab643ada,5,5-8
995ee9e7f4a835c0c42256d700948ac3a96e65d1,6,5-8
3b1fbe47b4887536895885eece4f2519c369fc16,6,5-8
e97d6c6f85a72e024dfb9d3b15825986206c4e52,7,5-8
a423618e80311e0d2c72a7953f9daf392ed6a75a,8,5-8
de1cbbaac8bec27ed23e7dcb0ac45d76a2c6fb89,7,5-8
6dcb5579c123f91a86d561fae4daed5fe4f87d13,5,5-8
61370acaf0a2b7cf9e55f66008ff8308f1eaa467,6,5-8
d3b5f751605867a9e230876ed4a59ac3ac59748e,6,5-8
5f20d04ad77aec4558b57ed209571ac883fbdfe3,7,5-8
8e5cafdbf39260ea5e0072a47abe6bce949a4a72,6,5-8
57e28f6c0ab64b9988dea0f8af08a1e5599fa269,6,5-8
39df176272a284cea55612205f0347a514c6d406,5,5-8
ce1cbc062040e27f25062cfbb238251de974f2c4,7,5-8
94549a5fab289b6c175a2e333c5865b28f91f570,5,5-8
99561d107151fdb14b5054a07d2ee9ca1a3a3418,8,5-8
23326b12d363263b3879839025593da0a6e85aea,6,5-8
8ed2638a3163f443495412d431d1145518fe825a,7,5-8
ae1ea2efcf7db124b0091d498b95b287f146ff54,7,5-8
0b822350c52dfc8f208fcbde6b69b385d293b1ff,8,5-8
5bbf41c4ac9916e1320f72f88087df3e50b99629,6,5-8
53a3bc64350e0b7036b1f2f87cff8574c8d1dc3d,8,5-8
409a0fbca822be2dd302a49179acdd6620b9de0d,6,5-8
7c9d5d6ac6b80d82e4e28185853db3555883ab10,7,5-8
4faa69359c8291e813007870c9d0ab76b096936e,7,5-8
67ce6ec64d1fc8b0ce255a9199bcdacca45dfd62,5,5-8
804e429554397ace39a8d24e57a35f8b1299919d,5,5-8
4ed5466c2236866bedf17b0f4dba67ff26dcd6b3,5,5-8
10281c5bb75939a52d48dcecdc0b32ec4c8a5aa1,7,5-8
3cd6d93d1d8176ab8cc8913ce19bf98de109e081,5,5-8
6c0a129e7d0aeccf96c3ab2578eb559fbd20a2e6,6,5-8
101b037204338c3f91c7c2a1f494baf233a3cc31,7,5-8
f82f9759a3f168ecda98ec07cf5de229fa0eb35a,5,5-8
bae2593f6f3d823f00507802e410dffa7fd3ff35,7,5-8
c988e42f8e87c7c0197dad94cd2083b093723f33,5,5-8
832dccf44f3aba205e18b1f1ea25bcf1969f34ae,6,5-8
171c95c261020608e67b00e0e9d73c3cd7db4772,6,5-8
a3e52ccc21a38dd7291fb35488f0f1eb997d7c85,6,5-8
64984de500b22dada64750bdf32c60c566a3f8aa,5,5-8
3123b1b6479a2aea43c6e63e8d02bc519fd7f080,5,5-8
e07a4f884ae83a709cee3b0ad74590bc65b24c0c,5,5-8
e26ee9ac76bbd43bbc65b6708fce66df0e2c58a9,6,5-8
6bd64f2cacd664b64b16352ff0973a3b8bd9ae08,5,5-8
6868116eaf4867062c5e5abc02c9e40efa7ad681,5,5-8
833cd2d4a13929cc80abef7de1467c0c83fa89fe,5,5-8
e5a1ea45b16086980f4e4baba6571ab0a14fa11e,8,5-8
8baee1d5b68e45d544a98b5c412d6e5b52993cca,7,5-8
4ee040174f4993630c4f8eb850647e210a983ace,8,5-8
6336d5a48087963c006d3e6ac52119bf92015c7e,7,5-8
e441aa23e3bc996ac79c2073372cf1092bed3b64,6,5-8
e5743de369b444db41e4a0f6f27986c686c412e3,6,5-8
e8ec4abdd014c8eb33df07165a15ec02e836bba4,6,5-8
b2cc8b1d2ec1c0011ebf7d21a409f616b1822b11,8,5-8
d026dd8471f4864e2502a5a3f557646a63828ee3,5,5-8
39bc948ccae3bce689586b7d89bcc6aaa7117d40,5,5-8
ec9581c72beaa8499ee1e9f9d190be32ccb88062,8,5-8
13cd3261da6b93bacb07946088bb23210c9b20e2,5,5-8
6bba77e99fc6d4b960cc34d87405062a7456196c,7,5-8
627a3afca7508a7b3a9e324419152c541d58e937,8,5-8
75667b6ba492d57fd12dea9b5572e64e6eeed43f,5,5-8
9a9ed4d06634103430e0de45a3ec3a3282bc28ef,6,5-8
1145008a5f84555241f672c7428ed93ff0497555,7,5-8
2699ca7081c31e7fff22b6b858dc2bebc9609a6d,7,5-8
43a4d95b4dd87e0c4aa4b4e3a69d594fac85bbc4,6,5-8
24f36f62a85bdbe4bcf5d4f2a716d7b8dc1223fa,6,5-8
34ad70b9ef1e91152d569de9253d4a37c646838d,5,5-8
822ef50b95a9e939446537e5647f3545bdcb8e76,6,5-8
90351fc867efc9654b0975cb9f596ed7ad78fc92,6,5-8
b9ecfc7d2676379dc895101ad27ba5295b5958cc,5,5-8
0b4c1afebf2602d42537614622dff39e2adeeba5,5,5-8
91f381574b1d787b4f705ce6be018b723d25725a,8,5-8
698360da2294d8ff69631efefea8c94f063302e3,5,5-8
b922c77a05831cff5c43deff61c95bf11f34cac7,7,5-8
89ccd9aeee10857068d8ff362a4120247fab6deb,6,5-8
e169d29c38891da4369a7adddeb8b3143252e463,5,5-8
da9a9dcd07ffc9c37540091fd37f81486019fa55,5,5-8
9d8403f62a963dfc4763bb4e507a1e6a555469bb,6,5-8
be9687a40cc87d978f728f64263e55006911a961,7,5-8
964f1738e6c7684b4d487560ddd7e1fcd65ace7e,5,5-8
1b5887f2a6c6156b2cbfaba413d7de40798cb631,8,5-8
a36d2dd0c884c24d7f66cd9f9c43c6dbfea5b35f,6,5-8
e707da68478ffb077d2575f8ccccc47c366b8320,5,5-8
e0d77187cfd74a5643d4605a9f4eb6ac6cc16395,5,5-8
0d8e7eba051aedf5297c6be3d3fba5a3fb8d8dc7,7,5-8
3fc7bf22c16e4434a15e2ae8cf3589c4de12baea,5,5-8
2e2002626fce6d07d39051012649fca361803708,7,5-8
0936cf68b90e2345809aa5320eec0c8576d0cacc,7,5-8
9386dc5370ca814cdc349911663b8c3d218fa81e,5,5-8
01cf6eaa0ef76701b477e4002009c913aae27744,5,5-8
97b3f7e03c4079e8fac2443589606264c3b7c790,5,5-8
ae55067ba51db1efe23e202c77cb702d789a5a0e,5,5-8
d8007ffd189e49a7b8e175e0053dea4cadd3418f,7,5-8
1f60866a96b81135d563289370029d412a2b2a1c,6,5-8
814f6cf3cba47352b9021bc3852775f6d15b629c,7,5-8
bb3849d206393c64132c926611768132f1b20923,8,5-8
d4eb6a43ea975170c1e5fd66a99d5aacad51d086,8,5-8
5a342d7c8a0bfbb0affb6f12c7c9d1e86bbee2a7,7,5-8
5de93c77675a8e1fc2721eafea7cf2e772c815e3,7,5-8
5f1bc75d857c1ae0a7815ebdf302acf872a9ee02,5,5-8
bbdaeb0a6233f39a745a30891c0b3c929b57646e,8,5-8
d2839ff68bf7688f1521fe26c0f593358d14eec3,7,5-8
20f90fec35d0972cfcaa59644bef5ef86fb1e9b7,8,5-8
631b814e7aa408b0604dfc22bc75edbe04711553,7,5-8
1c641779d2c6b31d51bf30b61bfc0460b162bd43,6,5-8
6e772f76a80e4cbae7abd136dbd06bc283f1afd9,8,5-8
86ffb8c0d56b60169a1c275dfb5257c685d3a418,6,5-8
d3a95ce73c2d39015dc873941858c1abee552c5a,7,5-8
855380d7ec23f070f6f1852ed7083c3573853a19,7,5-8
c28fedb4bfee60c46368ba48b06824b8b6553224,8,5-8
40ae0aba34e5ecd24b10f90035843e26750fd247,8,5-8
b8c041665176b4461714189dd9adaa9553394b69,7,5-8
72ae40ac0a2e2268e7c11be702969eab47369ac1,7,5-8
765cb1022dd06a44ef914c6ce638d2cdaf341476,7,5-8
4b08d3b279d4d7d58d9b6f1027b3c5832005e8d2,5,5-8
329476bfe07d717a66eedfdea7b4d2df676725ad,5,5-8
41af42ba1dbe524dbab95e774ece975681012e41,6,5-8
0405306f0f089bc46716cf4dff3fe48178dfaa3e,7,5-8
abff3523ab8574e06269d9d69b0ae61b0881d500,6,5-8
2b1bf75b170eff17706da7135ab96c1fab4aacab,8,5-8
2e0468388146654eeecb10992c688a7b504501fe,5,5-8
f069a0b1fcea058bed4ef040dcbd5faa71eee605,6,5-8
83c25408b1a315fd3a4950a1b565c293c208f3b1,7,5-8
d053d3d0acb62835d0d6887246c59f5618e7475e,7,5-8
93f6aa3f83eec86c5b9a3f473c88d3c1ae98c0ff,8,5-8
af8f3d3e78ae4ab0fc248c40e9182e0a228299c7,8,5-8
36c84f33ecf632bbe1159f516f453405384eb749,8,5-8
eb3e3e7d567af79842f4cf19aa24261886c31fd7,6,5-8
18dc94e2a6a7f142a59d392cf602306ca3a706a5,6,5-8
f347b9b697f84018b9903c8e26ce48a6d562ada5,8,5-8
976710afee6a7e9ca89fab64f0dc20ef0834368f,5,5-8
8da6e3e921573364e0fd49b0b1b7a74754ee0bd8,7,5-8
c904e0f05409c6c9d72452d4f8b5552bf86635a6,6,5-8
09d2c8d5deceb64cab5ade4940a80a9000613114,7,5-8
3c4afa2aa7e2c5bee7d4dac3bc3e7a28df12fdb8,6,5-8
a9d23d155010ba4a710d4521517987b0aa23e7ea,8,5-8
442d2a30161a301883489606cfc18da18da3c5c4,7,5-8
cd132d71871696e3790dbd9e084e7aa70d21241d,6,5-8
4b047e840b734f19957ab194793ba4aeda237e0f,5,5-8
03c23ab9ec6e0e6927034723be589cd3a6f3b9b1,5,5-8
d5d38fdd3f950f9df597be438390e0569e706614,5,5-8
1c48d7cdbfc740d4bcb677562927b91b634545cd,5,5-8
13687cb626fbbceeea85e966ab5a916ac7380520,6,5-8
1f9ea51ddbd389f71c552780e4693d6523f18212,6,5-8
efb512ed08ffeefbc0025141773f2c803549a413,6,5-8
9485e34dacbf77fde58bee1815a5903a47fcc0aa,7,5-8
0182fc981275910b4d0cf133fdd6c930a3b948b4,7,5-8
bfd9c89ccbfbe40c913151d6c366084a9f03f2e9,8,5-8
a00599cfe78134b3bf955e352888d8ef4d46f33e,8,5-8
f31a68065a4e252a3e5e6996b84d0ebcce6e14dd,6,5-8
14cc210b5b41e4d535d4c07ab3fe8f0c6ab26e10,7,5-8
db3285b36aaee13936c14d65decd24dd0dbd890e,8,5-8
5ce77668daf91a0e7206759186f1393fa7f69086,5,5-8
42bc07b2e06c242401982e52d5deb4f8e0523cbe,7,5-8
e8ea1c6bfeafd38294f168b6841825830133cc48,6,5-8
ba47a6d31cccbb75ceb7163f3e34db03ec00d8bc,8,5-8
607fc59de252260cf608ef7f1791edde174752ed,5,5-8
12af3012abf64b1d9b40067bd33f7e64441e0967,5,5-8
98fc181d330a4c645e9d037920c5c2d285b38297,5,5-8
5a1e35f149041a1b11a731b06a0cad75e43bfff0,7,5-8
d3f05bf0643c63d6764fea1147cbf95a04c34756,7,5-8
82910b05f9446b0d002bf1d171c0c1fce4a51df9,6,5-8
678bda349f427813cd772eb118be0ed30387baa2,8,5-8
7f55fa77b902eb1bcad1f582174fac5360a90cf0,7,5-8
5194d782967cf07b5ff391af663092caaeead429,6,5-8
c3def84e620794a0d1db0b401493ed1f2a33ea9b,8,5-8
68468998fef67083f1789195dae84a1509c60bb0,5,5-8
6eb75586332f812194e4f81410b45590859da3fb,7,5-8
73b20f442d0bc98d1feeeaf772b9d4956f508fd4,5,5-8
0929f2731d99e1ace604757466f6386c64d3f877,5,5-8
a507d2a38e3e0c5983e93aba66b6f01761a97c6c,5,5-8
344ec71c5a6b6518cce238d171e6cb89975c06ac,8,5-8
c033b7c8d03b3a64d794505f0a1d255fc0d4502d,6,5-8
70a7fe6a4b176ced3ecd901607892a8fd51e6c76,6,5-8
7f204723e1962aecb3351ccfdd1cb88faf43dbb4,8,5-8
aa817f14f542373dd3ec63309774cfe028db9ec6,5,5-8
8f3fb0e03bc955c9f6ffaae669671c1878af8ebc,5,5-8
5eeb63e82794df62772d4bd42d448f0d46bfcf91,7,5-8
082ac30e842c41975805275db20198161e1c7d54,5,5-8
f41b382d5bd58fe995324b4b0d593764ec9a52b5,8,5-8
d7a7cf123e48632115e8cdd8cfc2efaf607a78c3,5,5-8
cad08e2f2d83f0c4e01999154dc0989b4fbe8703,8,5-8
097470d128160555e655430669256b9fc21ec017,6,5-8
e0675031e67d9d25666e3e11414933e3faeb04a5,5,5-8
de022c6f2b44eb721d38f72279a419eaf0fe363b,6,5-8
fc79480fcd0a731012c461958fcc2792a5894dde,8,5-8
f96ca153cec79f5354cc43cd8abb67e4e19e7530,7,5-8
bcc6a57a765bee1c505c931bff202d436b37aafb,7,5-8
454f848312d905d82b15855c2509bf03c6af4152,5,5-8
ac8e7e270b1d18af03e6d6ae1f93dc6bc4afa602,5,5-8
af6f8ea3b8530e04f72448f48e644e8f1b8e88c9,5,5-8
ea5846ddc59d63f0d5d31f32eda593fdf9cdcbc3,5,5-8
330c868a62b8d3b110748ffcc75e1aeed5afef3b,6,5-8
96d6395623868bb569c41d326214fbb5fb4e307d,7,5-8
4b93e0cd2be652a3df17ed940c29d95d04f324c7,5,5-8
25421cde1e4ba7e4f13d4654c41b903708a3259c,6,5-8
b13ae2540448ae1a748d59f769c793511f1494a4,6,5-8
494a3d10e29a449b417b2abc4a65fc81c5edcddf,7,5-8
cfdee4b682f120c490d7af9d23992e9161a53266,7,5-8
fed97de9eca5f80bd45fa95ca1a44ecf885ea24c,6,5-8
4396ecfa6cf0a81537fa9197a1bc8d87233684fe,7,5-8
721637b995aef8060b4c385772b8b61af7cbb123,8,5-8
2c9470daef09d8d7360efb75e3046f5facbc38f7,6,5-8
b6b5a7c547580482a0924d9b8753cc579eff817f,5,5-8
2999a5ca80606c6ec51492df6a029175e318fade,5,5-8
7de78e86d6284601e15735bd2276edb8e46f606b,8,5-8
f2cf0c1790b9a9453785ee1fabc9c98b945617f8,7,5-8
1927b46f41f885a20512ed626211f4118f80c84e,7,5-8
e245ff20530a68f909be6677734ec7f6a3d9d4b6,5,5-8
c2ac04fc95349d175b832799260be345c819419b,8,5-8
55fe408aed2a3610170f1bcc5b7a576bcc1eac2c,8,5-8
2c305211cceeab6a88aeded392f4a5e33997f241,8,5-8
387c1c893aa3d8bf92a6dca3ecb3f87cf5079ce8,8,5-8
7a0c37b386debc45c0e8bddb865c45acfe3d8a7f,7,5-8
946c4abafc366088e9691dfa57fa79a5ae631740,5,5-8
88324ef0384380527fc337c1b9555316472fabb0,8,5-8
133d469f48ee7d85bc8fa340842e048f6dc9815b,8,5-8
e839eb8c0696dc4c44ab9d688828fe163990802d,8,5-8
39d2ed33cc3066e9806fa85a9a1d3e33e7624597,7,5-8
941cdc4d0fde2909946e3079ab08fe5a71ddb03a,7,5-8
368a572e942a1556c304844a11d62ed8a841d40a,6,5-8
2992b3be23e28b26f2c45f610a548136655420b8,7,5-8
7a8fb3b3d1e2f625baa77cdc5c82520ddcb09f64,7,5-8
f90bfc907a9e8182bdec21329ea145514cc0a974,7,5-8
4245687c5a7cdb5fde238106341d209d0d81ec5e,5,5-8
847dcf6b292745dc4796289b4448e25004861c01,5,5-8
54a76f8f51f6a3e1078a85d80d39bb37e986df85,6,5-8
a5837a90f2bb31768a77b6d2ecd2f36375ff5933,7,5-8
398679a9a7234272025512cc102770efc3518f16,5,5-8
a4c0bc3066fc46785e96e87c232bb2b3518dbfda,5,5-8
2984ddce7c16cf084c9f6637b2ceec158d13d94a,7,5-8
794a3ee574fc6d5dd4d20e32f31d17895a398547,5,5-8
b963493a8b97e0cf1726acba6f2951bf2ff92d59,7,5-8
9f20b79f97223cd3b40f38c0a7c3bc0058532366,8,5-8
eeaaa87bc46a6ca48e314b5f75b4f9b27eb83f35,6,5-8
186bc5344ed89d9d827350ec4050b145b2f008e0,7,5-8
62c2ec738d66c2c4923738fd3ce4580a79c736a5,7,5-8
47eb0a324c311a101e20566b8fb7b69cd470b27a,5,5-8
2721a82b61a924a0a5af34e434f7e17364c6de12,7,5-8
3012da048b1fdeecb062be6f04461376e24a8961,6,5-8
e54ecace738117865d4620079399a36c03e5750f,6,5-8
360728212f68feab82f92cc5fa37a58031a6a484,5,5-8
61119130fb85ae478991db36ec9591d2e441b030,5,5-8
21a3f11ef1e2c3b33eef31a5b448c2b080ddd78c,6,5-8
f30a916941f9b501ff3bf85ffef81bf6668b2b14,5,5-8
225658f37086becb7cedf0e0713d7ced0ee086a8,8,5-8
809f8ce11a369866ef2c40b8028a48ee5467197e,8,5-8
11aaa20fe95931295e9cad73dc06e88a0166a0c5,5,5-8
98faa8f42c24b7e638aed3e5ccdeba416ac8cb81,5,5-8
8d6f6529351963d69e6fdc9751e1ba44f990da2f,6,5-8
c4bc18395450eb2606fc6864b4b6f38ee50dedf7,6,5-8
2c5013dbf0098cf21007038cda1875db737726c1,5,5-8
af078d11dafdad85cb9aee9fd6edbd56e387f075,7,5-8
f83ec963955853c7ef1f74c93873c2b5f12baad9,5,5-8
00a70ff01c2c6946255c13e0ea07141a9dab5f8b,6,5-8
df4adf55593d48ee6ced495212e9e7946263c0e1,5,5-8
3be749870f89ab7a22fc6564600d9eb9a974c2f8,7,5-8
d1b63e76e344cee694af6cfdaebe314b7c7db376,6,5-8
abc93db643acf806fe1989118e77c9530d1f2bdb,6,5-8
16042f374e617bd30055ef14202c6f3cecfe8503,5,5-8
20a67482360db54104c80fa65eec564bf2a33630,8,5-8
c79c203f6366c8ef0aa3d25399b41b71b3781fd2,8,5-8
f9ef6739b8ce039f37feab89a7d38e15e5ced7cb,8,5-8
a1884b94c932c5349f24ad66baa76871d2c036d0,7,5-8
f5bb72c1bb2a951dfef362096c84c3dcfce6ab42,6,5-8
7430645b0fd063fbcc052d1e0c652cfe9829018c,5,5-8
86da6a8be1246319619757d5555f6c4bcec0eddf,7,5-8
c5073beb2a8394e20587417bd606208c4913cae4,6,5-8
6fe97bde98232d78618dae4aacb980e0381a4f1c,5,5-8
0277a39bdb07187cb7623c8ade5a934489d0e0fd,7,5-8
46effca82f478cb7b7f044b14eec2a4ae354b9ed,7,5-8
6cb0b14b01819458b99a99a0cb7df77ebe2f5a66,8,5-8
d9abc840e2b8e9afe18d21ca7408ed5d139a6d65,5,5-8
9eb85a777c956eac7224a1ef1c4200d3abb1c3ba,8,5-8
42c2d74e965753ab10444af28c08f13db369bb21,7,5-8
888842c77667b773928e736eb0e3aa8f697b579a,6,5-8
8d2bf32c5bc83282c5470c829eef420a1ff816f3,8,5-8
0a32bedf9a9a212665c120ad0e7007c8965aabd3,5,5-8
f1e15a3d14e458915c8207fba9a5d4c649628a9f,7,5-8
c151ce1c95636682784df2c0e27517865bc2cb13,8,5-8
482c902e93073e083a0316925a02c7bc8d222c6e,6,5-8
abbe875a4987155db869c28feb1a5cb045dcdb85,6,5-8
640bc6546481c36045dd56c7562475c15f358eed,6,5-8
863408f77f89274efd9d948e7f462abb7bf95d30,6,5-8
82cc250697810ccc64244940df4397b25f0da371,8,5-8
ebf087ca44c394aef772f430f8b576a960633ab1,6,5-8
36c690f1f89e43dde884a12ceca8570028cd2996,6,5-8
c9edf5ce3689cfa08788427c93e8b2fbf020a6be,7,5-8
728230c40654072abc95a3b4deb984530afd11e0,5,5-8
5677813cd293cf4410cd487c23beeb8f9fa0185e,6,5-8
cd4b34871750d60507a62d058133b2e4c8d5bb2f,5,5-8
8262c878e60e556885045d123c92f10fde69a52f,6,5-8
5fed52f705ddda63ed9152b68d0db08d6d9ae7b8,5,5-8
aecfd41411d5a0faff2a6dbf04ed51abae42cd82,6,5-8
4f7104bea724850ed38442a66c59a16925bf24ad,8,5-8
824b9342a44d59eaf8c1e1405dc5034d17bab0c3,6,5-8
c28486b4baabb800e3da70edc789703c33b9833f,7,5-8
3506cb514c78c4727ff8cdfa0492acf713ffe58a,7,5-8
aa1a89bd1c7e4d908e287b0db797c3a9eeaecd3b,5,5-8
3593f3cc6ab1197fc9e84fb69484f7f15945fcb9,6,5-8
31ecfc13c147c007b3aa3f3ea5619ae4cd997149,7,5-8
c97956a2e06922f3621670ba0e1be6f2ac65534c,5,5-8
c3d388e34224f1a66d432f8848e6fb4d7850cdc3,5,5-8
1a23f035db5b04416c9fe2875cf4478760bfd26f,6,5-8
3b1b6cdea8e71f8530d2a87293d7f292b2dbb639,7,5-8
e62ea16894debdbe71c71e73a70a333e4564dcc2,7,5-8
dd034e2fa2c5901feafc6524e9034cd754eb100b,7,5-8
483ea11caf051258cfa597b076a06e48e05af28c,5,5-8
92383aa8063edd4929307978dc69381ec7943e8d,7,5-8
de84c6bcc2c149bb06af0deb656620453df273b2,5,5-8
58d011f601400ac6f336229d780a5e363765d6a6,8,5-8
752250d5b3afdc09dc843d59695fd1872958454b,8,5-8
1c8acc7110114a64c7c6d9a2ade944a1b8cfd48b,8,5-8
1d67c225b1b9382216ad4b0dd6de09b2252a119c,8,5-8
d41bf541aba6a4d9f30ea38e3df9255f5a18adad,5,5-8
22ed2c865026c8372a8e10c9819b47c95cac57d3,7,5-8
b1b18c51356d6769c419d56584b35cc7ad85ace7,7,5-8
77bb6be8aa45aa6bdd3128b1c3e44dd33ce14407,6,5-8
989f7daed2e783160e7c0f1f7b9bd9c1346d2135,5,5-8
4b5727dd61d61aeee0553a5e39cd46f0647adf8c,8,5-8
e21a33e6a14d9274f706929e5d0217540e84d362,5,5-8
5cb3993fb40c13c817a25cda1e13370d9b251595,7,5-8
b37f3dac811ecff9c01b3d70790917fb900fc3fd,5,5-8
32fc7886efe0035623b8d308e508470b6edf1936,6,5-8
c15329ef1ba4c0133b1b7c967aa24ac29055c115,7,5-8
3312f160b127dec327ef67d5389879b22cde2085,8,5-8
5a7bd2341521e142805770de32ebf786803245bb,7,5-8
19aa670ed454b00d31a87d2a2775a375c78ae935,6,5-8
d6a9468a621ecabb0bc6b756a211e1df74d8fd12,6,5-8
03fd6f0cd0684c0bc1f0b8160b7100d2a5b0d1aa,5,5-8
21a15e27bba80777830f650a0d1c1d2cb4ed193b,5,5-8
8873db5402347f19843b24db486d52b5d0772fef,5,5-8
e41c1c8dd703ea06a44da26346441d16fa3f7689,7,5-8
819228b23c85739258159a5389273bfbebfb5985,6,5-8
131992f263967bd55bab1a207873eac893e143b0,8,5-8
cbb03e766d17277efc19f90a7ee8386cc72c445a,6,5-8
9ec9ecbf7084ce043057a69818ede01a3452d738,5,5-8
8b5120b5cc7f8c419b3b188cd8899a96db6edad5,7,5-8
f6870d827c1fcd1f40e1e177b0530426dcfe0211,8,5-8
3e1319f7beb0cbcf02b81251927fbe6f1a564b00,6,5-8
b02e3c2dd328007957785e01e5c29d6509cb7fda,5,5-8
056b2dc764f6bc5da3b34aa4710dce2d17a94a7e,7,5-8
5592643475432d2696302a6eab3036b028173850,5,5-8
ba19bc9eb6592bf5afb9f00fcfccfbee7aafe891,8,5-8
2790332b33d80b3245f231bb0cb73cd54ccb155c,6,5-8
02a18b0079f7577dda5f79cd19af4284f05e6f7a,7,5-8
d516662d6cc212a528d8ee76e33f2ae91a016b44,5,5-8
3438a3ccfe4187d6b452cda184bc0ee7499f5bb5,6,5-8
f7d43166a549487d08eb9be0414122bb6721d13b,5,5-8
d5a775574b8ac46a94809ba207998df8024671dd,5,5-8
42d3568f27c8ee0e344a3c443c9eb87fd88776e9,7,5-8
5f34653f554777fc4ea3e18f99f634866ac30c04,5,5-8
f62e1b7915a1c9735aae4f612de2f07988151091,8,5-8
15719b10dd81a71032255f74fc12691b194f170a,5,5-8
3a3e23fdff2199157068b173b72de394f1bf1f6a,6,5-8
6b648e7662bf14317d89b94240cfc28ad4a7b76d,5,5-8
183a3d11a432036a84219d5e4cd6e5a6a83b2563,7,5-8
4d584e9c52987ad84dd98ad5ff05614941b0af89,5,5-8
fd31b83f50f5fd0419ae056d1a056431c3997897,7,5-8
3b2a71285064da5a4c556e301dd9e39dde604a99,6,5-8
3a17a86bc4571c48dd240189682f2d0b1c5e3e3b,8,5-8
c3fb5104d910683be288e77fdac095ce8155bef2,7,5-8
2630e12930b8ef2c9c863cbd2b9b1dcb7db16420,8,5-8
399b0629a12cd87bd6decf545b0aae41373646e2,5,5-8
3ddc2c0f4ce8e5d049990043f12ed73273221181,7,5-8
0e741673a46505ceddb00edb7ddb12d7aaf24ec2,6,5-8
ead1460eafee9e7e8294b4c2ea429b0db0b3ce65,5,5-8
11f3cd7258a5487b19d88dad788c05496f56c7a8,8,5-8
6449f6b20ffbb1a01481cbd0026eb5a8fc546b4f,6,5-8
3566c99605c158901c087ee674596fed75f1f887,8,5-8
fad8f4887dd6444a674741f250f97ec3f3f45bf3,5,5-8
844072e7823a778241a29d72ea13d42d22653ba5,5,5-8
7c2563fb8c23bc06134c691829cbf6262ae32de6,7,5-8
d35e13785a632dd92246a686e4595c1148b8bb74,8,5-8
2ce49c5e1f242919267511cd2ab7824715a5b58e,5,5-8
54b5aa81ef2ed8be54c58c47225ba41b6cb35359,8,5-8
5963a716b0d2447a787269bab6401efb05dd2d24,6,5-8
62643f017d9322d0f4e377f64c983c17f7b03c6d,5,5-8
37cf6719531b946c8d113ab40a20508b4d82ed6a,6,5-8
9e4ee3bd02ac362b943c7bb53750681cb9faa5b2,7,5-8
ad55e38a1e9b4ddfc90e6b0f91a6f81af1a91d8f,6,5-8
707ddc74df326bde542b59d3b8bcda92cc211ce1,8,5-8
110f4de79646e90e6d03365b26827c3866fb5430,7,5-8
7ad2b20cf2746c79a48716a85da39b0c8c42f0df,8,5-8
c9c19c20094ffd2c8eb22fc818087e33766d672d,8,5-8
edc3f4306b954b960696640b843116e8bcf8a837,6,5-8
de10e50c31dca69358e3a7fa4940899709dcddbe,5,5-8
58067a67c4510876e20f5666ea38abeaaceb623c,7,5-8
e58c0b7a403de9ee27c3dbeb9f9b2654e389833e,7,5-8
fe83abe413d5bf9856a4afaf58ba0e43fb76a53c,7,5-8
0f95c96f82e9a30ed4f7a15e652fa4ecfc23823a,8,5-8
02db18bfb580fac66d31944e248f9176176f1ce2,6,5-8
a4149b0528c3183f0a066599eed085d4327ecd98,5,5-8
86e3fa800ad3d1600bc4105d4794fcbe3115c311,5,5-8
41ca34fc37366f3c279ca0be8323bab60f4d05b4,6,5-8
a4bedbd95295971d22dcf369a449a705c3740b40,8,5-8
37ad58150c5b4e6ece4f415785ff62b358358332,7,5-8
9e1db0f7865aa54e58b72f3c9b1bd037dab7125f,5,5-8
48aebbc00d765b0a6e3ee613845d373704e54f86,8,5-8
cbed2ac894b8d2ab9f4bafe1e50a152851bc1beb,5,5-8
117983f3045f165efc6a025edabced20fb4816f9,13,9-16
256420f5e76681d9108185337199f7d9b5f0ee91,16,9-16
c8c381e2c70c9d1014180e9bf226a76ae151da51,13,9-16
c3c05090ed204f77884ee40156f6f438a01dc2ee,10,9-16
eff6d3741faf8965ad1ddeee25341ef0fe69e517,16,9-16
080128667b99931209ff222c06be07645a276dcc,10,9-16
e3aa9da10928136529f870e620b414932c8a3048,9,9-16
87cec9b36961c4068829cb4a25bc9d6ad5ff448d,16,9-16
bf79a43cbb8217e3abeedb0098f09346549162bf,12,9-16
801792d4545d75af2d7428c47b54ed2dabdb59aa,11,9-16
79c6c897d122205def72e34747638b4b3dd4dbd0,16,9-16
9f33133d20ffccb58e38d1de368e5bfdc213b931,12,9-16
eb56587f25569e6189e639f6ef3b815da9e8069b,12,9-16
d1819b90a73fe23b590e34033a930f00c92cd52c,16,9-16
2e840f28d8e2aaed353679819fa5597c2b0becf1,14,9-16
f0600ed5633a60399454fe046a030ceba8765138,12,9-16
b97919d81c194f7e3396af27a623bf32bd62a3e2,12,9-16
306a2c4cbc05559503248c1f5fda325f08c6d1f6,10,9-16
109c0e28d19dc0aeb0912f2f9063582853cdaa4f,13,9-16
124eceb47e19c35110e6b222a7a74a1d957dc3f2,13,9-16
0a84592fc7eeaf33dfb8d562a4d2b088f51a01f1,15,9-16
beac19c6123103a40c355e9513de2ed9e2c1ca44,10,9-16
c6bb0cb1768036ae1b2ad68a5973b4c86c182f32,14,9-16
10be74602e5b60063d7074660b78b68114af7193,11,9-16
515639f09b3327f6fc3f7d14f3cac45f50bfe076,9,9-16
00d5982c5e9bb757e3425e3369376aaf98a6db0e,9,9-16
a1735a273ee9a6600f885aa3d603d9f31126d177,9,9-16
9fd359074f0a5dc22b74d14c8332f89f9b8ccedf,15,9-16
2840164c5705fdc44f230a4108c50c8ced268542,11,9-16
e7be5857533ec6adb0bd345065b2c7787f405f04,11,9-16
79cdd7eb5c02c6d255ceb75b2454ddc64679ad41,12,9-16
902b53d7b10bfee853fdd1362774165311a11fa7,16,9-16
fffd82f8238f9ed2aa02535d8afad71a0c3ccf3f,9,9-16
d6889a1993642afcaec200b83c63f74e82488703,9,9-16
a7e636ffa59fda0ac34bcf7d791495a59c04c825,13,9-16
30ca8fcb89702de3e396a0717f02bd434cf4aeb4,10,9-16
29430d520209db1b997c22e6d1427626ca6d47a0,14,9-16
487a8b0d492f1a55c14f0bcbf5d5162c37dff207,10,9-16
a6f30f209915f1dcbce4a62a971ea5ab0476c08d,12,9-16
a0f92e98dd90377324d7d6aff5f9c5a21ce0dbe4,14,9-16
ced04db9f496ea5544661633b2afaf875a6ee1ff,10,9-16
26ee0e1e24ef3c3c9d170ef412e397a7d8b9f861,9,9-16
bf751278da6f26f89733a65730923fe3d509962f,16,9-16
d9639eb47c16d2a0933a952e713a4677e39d2f5d,9,9-16
b1a828c2739c4563dd2f7350e62c5900913aeaa6,10,9-16
30a55d28365417136c0d318f6b33fdb24a750ebd,15,9-16
5acf3ce1d6e53fd927fc18b5335e496f08054b55,9,9-16
0e7950c9fc45f2d7976412c4f4965c19d92f8d86,9,9-16
b3ea9a04269466b040a15e9922bedbca6e465fbf,9,9-16
aa2649f8e9c4b8b174c5c4914d497bbffcb788f6,9,9-16
03f9114b305ceef2c15d83362ab702b7ca1beacc,15,9-16
99e0aaea3b21552ccde44694b6649d0ab98d1ba1,10,9-16
c985a164dbc69f938f9976044479bdc4fb063bb4,10,9-16
a176346d5c689583c611fe876ed0a30b3db5d434,10,9-16
b65e7e5b65e3642f64972f0ef389313d584771cd,13,9-16
719a7124535695e764b3bd523668b1956e929b5f,9,9-16
37421de7c2043e51e1edf7a152c18a3fbf942fcc,14,9-16
fa4f661540bed1c1b0aac1fe5d37680465579287,9,9-16
62cf5b03f7a4f0b9019bcb9ecf85da7863250d17,9,9-16
01b7b9ff26cda5beb9d684ec412b61c8e80db8ca,13,9-16
4a27905cb303da6d28ec8241ccc2ecee64e3070e,9,9-16
b9a67a04bf7ccea5a43af268d0d037a9f262e8c8,14,9-16
8b37f5c381141e9be80ac3517fb96f316a717822,10,9-16
a150f734e8b09b94672e855c71c05fb6cf772ffc,16,9-16
0b21e47c91f0a654bdb3a7cb2150287358135cc7,16,9-16
76cbc4386550e4686455b2719ebc0a33fdeca567,16,9-16
3f7d82120cbe23078e42bedb6638615c13c8694c,9,9-16
1a1d79e4d8d6ad70f9d656a61e05f1ed52cec7fc,13,9-16
0468b98af894cb9ecec4bf05605c0044dd59e40f,12,9-16
969795432c43d23aa2d0c9b3e2dec86f3f6e3a65,15,9-16
18fceb7c56005f538bd40413b16fa304bfdfb626,10,9-16
682933942d8ee5bc185c232f7ec8f70fe7eb2f29,10,9-16
aedc671a88147bb05e795a81fd000e004eae030f,14,9-16
37f3208a9d5fb0cdb653534ba193372dc34d1c4e,15,9-16
66b3a9960e8307f5ad6b9a0a7cc28187d7848944,12,9-16
9726e64fee47e2bce59966435cc2b39b1076455e,11,9-16
42ac525f9900fdf1b1559c6ce8482f2c2578303f,9,9-16
ea3f281040a6ba8e603548e515be22001c5921eb,9,9-16
592e07c9be91e763bad609d8cf8052bca8cac2a3,12,9-16
00094aab75429ab854d4df575fe64b3df4481260,9,9-16
ef76b55893197b4e212d093b2765a6684867b56a,9,9-16
10dd2c3b2f90ea3d85e5d94d78acbeee94fdd5da,15,9-16
ebe1822a482e46d9ad95c8be789f74f40ecab008,12,9-16
fcc8e5fdf50d8e476d41dc785e50b647cd1bc3d1,9,9-16
64e17bf202d0e7c6bf84afd7225f63167b1329a8,9,9-16
909bc0ff61e1ee4d107b5e31874754ead602c316,11,9-16
8374e68bb1c36f787a2f87e73994b1219de9e94e,11,9-16
8fd442d90f0db45da1c0cd73fa608dba74c7a96b,15,9-16
a2229081fc0e1a9acf3e60b69ed08eb644c88df1,12,9-16
8cc950d75c5f6b913415ed05c35af6d6ea2d7101,11,9-16
41bdd7a369d77514e54f6822bb7ad745240e94ea,14,9-16
7ed6e0a402c5eed0b7a829d165e01cee4899f384,9,9-16
206c8794bf0270c038df94cb1e05b91a46fb5c25,15,9-16
25877e59242a8ee27edac97d24c51964f933b5a2,12,9-16
6fcf98f57e70bf5884f4e4f02b878ab9f6413ba6,10,9-16
829c34b0edee1f006ee6ae7dce30379a5a392eec,12,9-16
5775efa1a76231f3b58139f578bc1e6de665189e,14,9-16
6c887ba7e082a3d13a269a587185a61464905337,15,9-16
f264a4b20f39819493200e96bfcf00e8b5eb41c6,13,9-16
9b4d141f9dee73db9dcf0d4b48c39adda7aa86e2,14,9-16
b4237f4430d56a77f6179fc1e838243d430a8a67,11,9-16
a2b7a8feb870637d5d4437c473b8ea93eab480a2,14,9-16
9031bdc9987fb4c4b821026a17acf1ba0fefa3a0,13,9-16
d533395fdf91405a06a88fe69e9298a0891d941c,10,9-16
f06551656908efda74951a0c62398ebfc78df98b,12,9-16
844f9f2dd5d8f3d12a9a9b298ea5a4d24ff7ef9b,12,9-16
d91814c0c63e022550c2fa8aa7ce773b5d3dfad6,10,9-16
9bc7c6d73bc629d32e2706eb0ed856fbd1705e77,12,9-16
26954363b53d2e9aad5f22dde76b2c8b60a1a3f2,14,9-16
a7ece5542dce69007ec777390ed8a2b0633cd0a8,9,9-16
e202e4d17d09647d3c8f86226f6f18bc887ddfbf,10,9-16
455bd2c43eaf0524b84aa5dba87490a3db20a680,10,9-16
93afe5c4fdbca74f372fa69eb08bcce7d6f1be90,9,9-16
718fdc9d4f0f9a3325630012777ed2ac93b7d096,11,9-16
752de90e79947aae4519df6d376c35e3fe64512c,14,9-16
25b36fce7f7cf9dcd81aa299475bef891b43cca1,11,9-16
25f7411c8f16dd57c2671b875f1c273ee6117c00,10,9-16
7215a2876683ec48188dbdcd92d2bd762d1759c0,11,9-16
e6f9bc32f10379363b8b1b68f2f87dcceeb890d7,13,9-16
6253caccecba618ea5f1a401262755497b6b83ec,13,9-16
140d11a92655f9a5b5aa0ea8a85d28020039b370,12,9-16
c29d8965631eaac431f0cef03afcb00be3287442,10,9-16
54256ebd076577d4442d1d710446b9927e61a814,12,9-16
c42c0870f0620d6e8f1789fe498e9dd9027aefd6,15,9-16
a12e51504139c267a7a8c99bae350c6434a65af1,12,9-16
44e65769b0ad655e0217db433f9c351e2b8f35b1,12,9-16
c07552cf561a4f09a811937ef19ccb5f7ccd6dce,16,9-16
08961970ef16dca76df3b4dcfefeffd118184752,10,9-16
d40def4387c2b3ba3c04f1575bc8918ef394e209,13,9-16
f3f3c229d28d19adf40684f5ea30bd9542221448,13,9-16
48b0aab703424ef47166bb53be985b5b2d2a7e22,13,9-16
a81abd5b547f926d9af936134d2cf926ff9ea176,14,9-16
ceb90f2d93afad42fdf3f23833443e7efef3484c,14,9-16
863c152d617c991907c674068d4d152bc3b53070,9,9-16
5d660fa2eccbf47a66fd87c5d2d5a580a3d47daf,11,9-16
c2b7660a828eff146687b3ce093e584cb5af3f82,12,9-16
42c9d039cdd0bd7caf3163e0f0439ff95cd374d2,9,9-16
b56a572a27c64960c545c8f32e1b80c21941c171,9,9-16
ee74e5e09582aacb8b00d5745dbaa5ac8748376e,15,9-16
6e469710b0bbeff430ce7ba4b3e1cf6ebf0d24d8,16,9-16
556da77e8055e000317e92984d2b78e5262bcdc6,11,9-16
d722c90a5c06ff14c26cd03ddb72a3529f0a594b,11,9-16
8b2c1ba24015b1309015091d394a952005bf4088,11,9-16
22794e6b4756eb3504d4590fa15168187bbef78e,9,9-16
5bd9ae3a53bff8aec20a923c31bab5bdc9b95631,15,9-16
23ab090285f6feb6d28ec5c94152594b5939cbfa,12,9-16
e18071a9b23972f52932ffba7b31d9a04a981d54,10,9-16
e2c9d07726f90789874abc04c1f94b6c9aeeb603,13,9-16
641f8d8633a876d7ed7fd578c959b0a550e19966,14,9-16
a837be3e78f8a020f5d41ea34623412bcdc80acb,12,9-16
fe2b360885cc4d09d54676a88d59e529ea9866a7,13,9-16
f25c9952cdf5ab67b11db18faa81043c699d3c4f,10,9-16
0457fe36bcf9d1b62fa957874050809fce68d946,16,9-16
8c11582b3310106f6c12584755ae439922d74195,11,9-16
924857cfcd3e582e9320acf7a247b4e94f785f82,11,9-16
3d1668561246068ba3f350327ae7d502c77dcce4,13,9-16
d73e3c28ae4085bf60c3cf4bf8708edb019dcc98,12,9-16
304da327a6fbb677e1b429db6f1c7bca143e42dc,12,9-16
f9e90f188adac92d894df449941a5e2f8b7d1a7f,11,9-16
d276c993a27ce30ff07cdceab0006c79b06376ac,9,9-16
2b2f7806f934694d01c4ba21156036022b77f3bf,11,9-16
c23274b16bc8e38b73582b732f8d4b3227118316,11,9-16
53824c4c38c6321c20258a16f642ca7c96e71ee9,11,9-16
1ffcb8ab49892f4b1025d1679730949534d2e477,15,9-16
9a8be118889798f1ad68ee065ef5666b9365268d,12,9-16
42782e779a1a9f9097ec077310cce46e156ab196,9,9-16
6881ac2a58efd49174f0d4a71009dea7962c41b0,16,9-16
e264957a2035f054b45f96a3371aed2860f86e86,15,9-16
6970a73343ee22f48ee04f303e8d3c74dbbac37b,10,9-16
7917181bdba840cf98cf78f661bc9fe09e94d469,12,9-16
23ffa8e42c77e3d44838d2fbcba569787de7dd23,14,9-16
665467ef2ecf75c3e98016552fb11092c848a71c,9,9-16
03f30fa2e56df92014b5c39cded976e3c030d014,12,9-16
8bf8b5cc966049cc9bfd48013ca8adb2ee398e36,13,9-16
f3ae908f32bbe455387c21287f772cdb9424c042,12,9-16
e3db959b270dba84ad82bc0debee4794328a26a1,9,9-16
269d2e6e043cded56b64297d60b7e7107684ec93,14,9-16
39f524d43beee860b8b61dcf31a6363611cd2ca4,13,9-16
ae612863710d1cab475c7dd677d1970294f18abd,16,9-16
9f28e3c615e11b42c8de1cdbc0364a855912a403,16,9-16
5a759fcb319951afc39b30fb2007a6950f2bce23,9,9-16
8f29391d013521a45b58140740b7229f6359ea28,9,9-16
2a586a28e067871989410ed3c3fecd9fdba3d785,11,9-16
6ba831e6de9da920f72f9bdf7a87f61b61fdd96a,12,9-16
47be265d954eb14c88261c72e92865e9a726494f,14,9-16
bc9020cea982e6610156ddd377f706b24cff4aa4,10,9-16
b3538eeef43c9c84cc8f4f90324b40cbd1041345,9,9-16
ffeb69c82cf857dcb47f58fac87772a642e6641f,10,9-16
a5c78aa5e8aff5e91517a752f5eafcb3f1a102c9,9,9-16
8eae25116e5a9b9d56bf96b768a93ded448275b7,9,9-16
6109eb5b36fcac61d46fab4c4fe9809b0026e234,9,9-16
d6b6ecefaf0116c5fbcc80a1f45b2fc72a6066f8,16,9-16
ee48910465073b260b68a8ad440c6aced8ab6c8e,11,9-16
dbc62e5267d493d8d69e9827322e2fd1f7b6a470,11,9-16
d010b9b8cf6b5c22f882f85928e57777ef0865b0,11,9-16
fcdb5eaa1d489052c4a1cec3e79507283788771b,12,9-16
d35aa64e14522f65da06a0d68b814c5bf55ce1a7,15,9-16
1b665f47879807551d9d0864181882d44d811cff,16,9-16
dd28858eee38299995cd72c5f944db075d056546,15,9-16
80dae6df3e1d03b1132971c5ae16e1863368a1a9,16,9-16
c33133409c51f7a5acc5cdfebe911409c84fe8dd,12,9-16
a0f9f65ddfd4c5f7ec389cc71e0efbde558dac0e,9,9-16
2ab15cd93417d96be5b826db2cd2797e5b07a524,9,9-16
2e850d0108dfb3f2be8af2b299bb74ad145e5a9c,14,9-16
90602bd3907cc2513ad0bbbf98d154dc2d607862,13,9-16
25589f2bf70370ba7dd629e92b3243a985951da2,12,9-16
0a0823fc458d89ac5f7db473303d2db8e834bfb2,12,9-16
4f075f3d64c3039e879e56d303df0450ae1b1e2b,9,9-16
b1fe1a6aa1dc9863f7584a26605eefbbb5b5f56e,12,9-16
eed306c548411e64d56c0dfe37ea79925b036b29,10,9-16
67959c49bb968f44c80da1a211b185c0da0c3339,14,9-16
1e37b94559d167678cbefbc832e469f4d7234747,15,9-16
4bba200903d6c686ee8762da23c00800896c0788,10,9-16
44380a84a563590230a580568fe0bd8323c535d2,15,9-16
528a996ea413471b4a67708b188a194cd35e01a1,12,9-16
65a7f4b38a8e280c93874a95c85c6ce6aacc5fb8,13,9-16
f112f22a75557d9d24fc0a43c36297fbafa328d8,15,9-16
56c59a66d7e9fe91d8fc8fcb246bdd0d5f2d318f,14,9-16
1871af7ee3a2e1b1223897fa802de77f231d8f5b,11,9-16
e9dadf81cbb8769f7890889ed24fd1fc7bc81e39,12,9-16
3efacce98acceadef78d19b4144d7208f0d83b7b,15,9-16
3320c2574529cd673dd61e038c08ac720637cad4,9,9-16
8e23105c70f263b7670567d95bbf4474d80419b6,10,9-16
de08fbb195901be53dc465e28b4b0f785025250a,12,9-16
4dea6505135a686f8868b5bdab6b8a7aa2b7a1d6,10,9-16
321d27887e67c6d409d3f6e83b18c589af7f02a7,9,9-16
7d763f18b31c36a7d1ace44cac40bd0a6d8f4590,11,9-16
c59a4edddc52d3e1c9781ba51bdc43f188e1fa70,13,9-16
2f0fbc910e12b8efc0a72eed067e85d025c4a447,13,9-16
b03b29452a40fc30427e956a8c45d178c58f6e56,13,9-16
5fa65d58e5f70f7ced4186c25b769645f141de18,14,9-16
dcc236dea654a6c5ce19a752ecc202183f856987,10,9-16
a2d6379508fc5efc1234960d72c55b53db2045c2,12,9-16
ca980190fe356fba1cb28aba7e14677333af13cc,12,9-16
180d7233fdd06fa7da39d0b0dcd8e9f0566d0e3e,9,9-16
f040c73237f49208a55654c02aeeeeb3525a9b7a,14,9-16
1c6b3879c53a7e0899ec5e3f40e6b411f2066334,11,9-16
db065e2ce38499d63994528cfda3695d60ad310b,9,9-16
96d98c73596cdec558268f52469e9353923febb1,14,9-16
1d1257dd20e627853a0430a44ec5eed115ea543f,14,9-16
2c6d3abeecf9aa7d587b8345877a94b0f0b94ef0,14,9-16
705fa0a0fa603f205a58ffcc6a1dcd27a55cb7c0,9,9-16
83833802ed535acb6332b07ea42b0c3d1b9f5a67,10,9-16
3ee64fa26616055695c3b2b7deed21c742ae8c1b,16,9-16
12a428840c00a750d91936c014b5ee4a5ab76a16,10,9-16
2f1d6a3188c61d65ffd8bfd60e99a914bc22d980,15,9-16
51aa07e2a1daffb255368032997e60571b6342f3,9,9-16
df38bdf8d68d661f9c557684a7fbe5eb506ac248,16,9-16
d0e558e55cdded7dda70f18482e25c777190a069,15,9-16
edb73c43012d121a1f88001a3e4cd3143f33bd27,12,9-16
ebe8b0f94f9493be4cdc60b9aca050d2bf81464c,10,9-16
9013adda8b803b1f5a2cbbdc1ef16af1df53abd3,12,9-16
148b800eb07b79c497621c8d345b5ff55e5ba63b,12,9-16
e0325e2573736c107aa10d310f65e0aa4cd52569,14,9-16
14e7ab5a47c7536323b283e96845b252f02d1b10,14,9-16
b0257e146204a6bd16a324dc36ce71cb17872719,10,9-16
deda99a70bb89ac15f35384c056e6e1d094e8843,12,9-16
80d1d680b13d94a170013988e1198458b07c8759,13,9-16
16c63c42a5459261772a6a082cb27f343a4940b9,13,9-16
9243683d256efcf2c293166d5ba1bb26762ff234,13,9-16
2d2f5bd1886b5a37540f64e1c5775c1cf08173d6,12,9-16
b0224e3891df76a8687261a351deabba1e29cdeb,9,9-16
40704781ab59735d132c2fa5a516022a802ab63e,13,9-16
8577f52cd72b759415ab07a022b16ce94434ea9f,15,9-16
62c50d8d3a3ed378d4acd7e089021533ee3f7ec9,14,9-16
875189ecb32f9a22e13dbac3a03d41e835d707a8,12,9-16
064e16bfd7bc27c9441538fc7c6a96f26fc11cd9,16,9-16
ecc3f021a2728de2442b01c646fc831bf319148d,10,9-16
c9e7f88a5fb45d2f24152123e47c2754a7d15d37,11,9-16
6563d0af8e3ca8cb90a895abe45a01d4ca1d9625,9,9-16
7b4da40f5e75d2b1d1f8e395e086835acbe972a2,10,9-16
4c0ffbcb283fdfa411c2301a581c045562ec2f28,11,9-16
6b3bd9bdf9d456428fbf4f7350fabc5b68dc557d,16,9-16
b7272423d50501c2e7f243c3a0b3e684f6b26ed2,14,9-16
52025f53a7a34cdfa6a94172c4918e87db6259a5,15,9-16
b932735be269a93308bf195dce85e44eb84d934b,11,9-16
7764f265a30af2e10990a84656fe1c6cd81a731a,14,9-16
35e3a775d20b18bdcfdd173139b163b5a2aed515,13,9-16
92b5fa2d3326bed9877e8e7813623e29d375b0a8,12,9-16
7254c73a000ca10f2deeeb90ff54497c855e5f7e,16,9-16
d02bb8030a593d43b3b6602bd7ac159bcb204678,10,9-16
0c21ed5c669e35bfc0f5c36ecd19a747c6f0dd4e,14,9-16
1861aef8754f17632003d6e4c78f56791a49697c,14,9-16
e31ba038daa30babd351e2e76e557c751a96185b,14,9-16
9cfa88a75a383f6d03e54d7176e7b8cfefb66b6b,11,9-16
879bc868a0a7682cc7040a45d3870afdd8b95189,11,9-16
8613e30d2e429b4d797dc9c9d00db56ff9d8bb37,12,9-16
abdcd2998e74e8dd2f130cbe2dc93c2dc830ef99,14,9-16
f61463ca235995cfa24bcdc743e5f1cbf50cb280,12,9-16
1be8650f8a5b9bb88247a1f9231036929772439d,13,9-16
e2debbff33314df598d8a375271df6cb775ae2e5,15,9-16
d92e2351c6c2ead34581bb41b216f9096e1c9d5a,10,9-16
076dcb8c57fa4fd02ed45b96e9340aba1a93cb4d,16,9-16
307a4538fcb4e20ac8468219e77d7409b55fccec,12,9-16
261f4615ba8306050e2fa4a17fa4e48464091def,9,9-16
87ef505d7d0c2e440560c9b86a6be4c97dfc6251,14,9-16
45361c55a2ae35e408af7bf02278a1a6bcf33873,11,9-16
d22315eb4ca47ecf1bfd43631d5797c6219c77f0,10,9-16
a9b8e100f94dfe2839407cb67aa431b8d07c131a,10,9-16
2bc3b19b8e475fd927c1d367bd5d03ee128cf38b,15,9-16
a17f9880db2f2f56118b766c73d411b83914de05,10,9-16
6be70d34b52f61feb248ecd4390926cd3e57d91f,12,9-16
e8daa21c28561bb972dab00265f0fd568a4ee69f,12,9-16
b13f6fdbf6a6605df171df47b7a6dd90ff2100d3,9,9-16
e6961cbf3f101e644a5580bf830c19f71564b4c3,10,9-16
387b260b362a296e64d57ec0a8056a17822dd317,12,9-16
3683d2a2b5eb806194dee0fbc94e3f6d6a1ec253,12,9-16
6846c11b7b964849907626c7658154723ea6c677,15,9-16
e252e647f891f0c5d25dde1e716307d201694b79,16,9-16
ddd09bcd8551ac88848ac54bdb91fbf996e03160,14,9-16
19dcbc256fb5a1d5e59e9afa763ade82179a3f63,11,9-16
60ce09bd786fe51c3aa22fb92f58929bd88d1b1d,12,9-16
172f2c82d33ec7b05c7b3e00588d8b5044af5766,13,9-16
e8d84d69cdd695cbf0319174550d1b3013c00110,10,9-16
a4f96768adfa02d483684751a89f08c37a4cc07b,10,9-16
6381ecd7fa012c75e9347cc31d25ed066a1ac055,13,9-16
6b1d04afa60ac8664f386661b763164ffba9f1df,11,9-16
03487b389db05eadc723e3e4ea612e2d1074831d,10,9-16
f7042c13130c6f5558d0ed23a2e0b705ddc633c4,10,9-16
9fb04e67fac07a0ba177f07cdfd3604ab9ffa019,15,9-16
6ec47db56d3c35e3ba878b6fdddd4a3b0d22e54a,12,9-16
cbd006a2f0597e5bcd04260fb4cee2d96261cb84,13,9-16
8722303dccdabfffcf1680b8b6c096c4665c05df,11,9-16
e2e3aebf2845c3548717d2185e9bfc4ae5186fc5,10,9-16
287077e1f360fe7d6e80e1b80a5cd863f5d87eb2,16,9-16
a0c11463271ea5dd66a07d604fcc45bd84aa0d3a,12,9-16
4e3aaf4d7d6fc622453f75326359815e5fd006f8,12,9-16
8b68a2e81a1121787856542b10945fafeb40f86b,12,9-16
2ef739ca0c0b36b7790a49a6ce2fee7006c3339f,9,9-16
7ff2ce72a7d6d921d53accf484005db059e49a19,15,9-16
b6d6118fb38333f5935e1492526c85f6461c29fd,9,9-16
ceb730368712630613bced29bc1edc1c38345cac,16,9-16
fc449c731e428f639829799b298912867dd198ae,14,9-16
3e76f88b9317c1163484a3718c490831226e386f,15,9-16
ef659b43c1da36b42015776c23697ac558026138,11,9-16
997580dab303fba1d41c0b9c5e45b19dabdf64a0,12,9-16
ca6fcb0c05ea88a0d086cb453f2683ddf15d1b61,11,9-16
b4af7eaf6c0226faad6cab8eadb8abd1e873ec2c,11,9-16
dacda27f54a5442cd1d26a51405e48f8d8643046,12,9-16
8912b4b1e5b6d55a14543c512663faaf053a2064,11,9-16
036397c16e426a4341eb3cfe8fabbafec78cf3c4,13,9-16
9141a09bc070955adfd365e93ade38b00b83399d,15,9-16
5fdc2469ff3d3f0a9aa779b13689b061e7ba2aab,14,9-16
e58ddb1eec42d81ffff1b95c645d4225f219df68,12,9-16
79112813c36bf0c9ed609bf09c4414871fe70a77,16,9-16
3ad84495cdf556077cc98db7a22f2f9e66d7bcf4,11,9-16
a836c4529ae22891ef6b34c99dd3bdc636425340,13,9-16
fa4909bb59226647a144616329783162e6c7a3b7,12,9-16
e4e7d40b600cae475e581146f80bb0d3c9e8c405,11,9-16
8c5f777c1659dbf5c9b229735fd7c40e877f53fd,11,9-16
baedea7885655d9478924b82ccccaac145601da4,13,9-16
711ffbd9492fb8100b4c89fea6842c38682e4410,14,9-16
8998ca83d61b34af8c33414184e3a215165917a9,14,9-16
2fc3e4526837ee4dd6c927538d171ec17864b28a,9,9-16
c52b686a58717b2bf5d88dd2307bd6d27881f38c,13,9-16
863056e49be590c7bcd41046ddf0a4f86211b544,9,9-16
6a94c054a35ec2480b697fa6e5067cee6afbf03e,9,9-16
2e39224e8bf185a883ea4ebd0f49634133aa632d,13,9-16
6a878297a31237bed7071762363377e481db858f,11,9-16
f750e71548bc287112fd28cecfcbf383bca7bcf8,12,9-16
59635ca8020b87b8add3834ed8bf9f1218a85818,9,9-16
98f19f357be1708b4b65f78cb16ba28e876fa0d0,16,9-16
6abc1de379d5bb0beb995d2c8131c9e8987c0165,15,9-16
4914a9381a38558faa2b5763675696eb27c5e5ee,11,9-16
88c62740449b2e5d75444d45e1e821dd80791d09,12,9-16
ccf62bccb8047202216e0f3330e244a8e7ec68fc,16,9-16
fb57a67db203c1a48a03acb06f0c0876df10b0de,10,9-16
18bfacc018b38dacea90212053c65a027639a22a,9,9-16
6f1b061aef7d7541dd1915a212fefdea05f62f36,12,9-16
8468abf474d7fc13dab3b245f18beddcb3617344,11,9-16
514f1ad1ce057e57afca86b8275c348a2a3e5cf7,15,9-16
1318fc7e5a270c4aaa6a88141dde16575bd7073b,10,9-16
b8cf0dec74f87b5ef1c248f94217e0a87c982dad,11,9-16
f641244ea64201840f815cf9b840edf284274900,14,9-16
7bd89992e737d3c9f5a47ec202c38ca6eb143a6f,15,9-16
95cefaf451d59b0231fbdd8c4b8d03901547ccbb,11,9-16
701961ffd1d3bae2b912c37c4f8baea3c66e7588,14,9-16
81dddb80a8c942f02c6fd3b39dd97fc68eba7dbd,9,9-16
76c40a618019c07d7c0fd4f1fa3b64c3bcdb536d,15,9-16
9d67e9fcc45892b410f5df7f5c9e2af84ee84ac2,13,9-16
79828616910f36d154d40fa7dcd8ebbcae83aa59,10,9-16
6857c8a203ee07e18423f6c164c2dc15e1b96a01,15,9-16
bdfbfd6579c7002dd75c9243c1541ad698cdbe11,11,9-16
1e4732d40c74e2e7ca3cf73c4f433d6ae9f3bffe,12,9-16
7c5d1442d82cb8983ab42898068391ff538e61cc,11,9-16
01f21b8fab6790dc02abbd60adfeb8dce2d3d5e7,9,9-16
a791a5b5152596a3d23fb7b3b74567169a6db7c5,12,9-16
6333574e0b4aa30b7c8f3b1912a40c2f7354f88e,10,9-16
4f5e3a1d2a92dea0b7d21b813e425d0ed712c8c0,13,9-16
8cf5e558e58d28f5326cf84ba80b970171910c75,11,9-16
6b83db8f1ae7c63064e1f3c62044e5f4875278ee,9,9-16
0d252ddac5f45bf83e0ba86dc203f34dddb9cfd3,9,9-16
c432d92da1b917cfbb1385e377a86858b6a644f4,12,9-16
95a773ef0c41f95474cb6ee65a8e71aad171ab25,10,9-16
9b382cb57d438050932c4f49d2e4e75b5c34610d,13,9-16
d5c90f928ce41ba8c5b8a6ddb13ee3136e727b52,15,9-16
53fbfaf1ad993aa185af514747976c3ed2fa0abb,14,9-16
596c5b48c84b612340be9e7b2b091aedace4e10f,12,9-16
64ab40283b89e5fc3689f0434fbaaa1326accff3,15,9-16
c4ed20cf10cc1056e2baeae00acb45f62b9ffad2,14,9-16
7e00aa1c6c99b4da90ce38033e576a1533183b9c,9,9-16
a532fa3b0772199c628fd8856990200111e9a492,9,9-16
05996cfe3344d48506226560fb73de655248e7ae,11,9-16
be4546da197301c590ef5e5fd7fffea3eeb1f48b,11,9-16
d6297cd5cf4c7749360822a8f08a1d7e7effc57b,15,9-16
310dd2268647fe27c1021c9df9d41c80118127d8,15,9-16
584a7e2d3d9233f6e4f067c6d97dfc782f2a5b23,15,9-16
aafd17a8880c59b0945197cb14ec978a0f5f3b4e,10,9-16
92eabcc4c1c3a6b421d6862fea882b5548434b0a,12,9-16
b8f26079db398b35a96fa01bd0808121cf62cd53,13,9-16
851d518c0137aa5b7b4bc06d635d2486ad111990,11,9-16
7bdb63138a4f3986dcaea9d3578db1dda6c37a73,13,9-16
6f37f3040fc1c8f272cdfbac920f277f79fa8937,12,9-16
3d45d54f4fe48f61fb3c8b6c933293c6c1a6eae0,14,9-16
4fcbfb1a9ca5060f5c3b2c1b50fbea0f0cbf942c,16,9-16
f4af4daa0022f3df94ab4931305184f679a85bd7,9,9-16
3e22d60af27bcf396007542be612a67d4f14a2d3,13,9-16
47e8a959354084edd636e95addd3c26d0349c328,13,9-16
a89ad2a041fb41499939a3b7724436aae4acfea0,14,9-16
a5c7e5020b0d8ff302796b4e14f77a469af1861e,15,9-16
5f1d7ec6a9b0b3e43042a09a8560a273674576ce,14,9-16
85cc6c42fb3df40148b32769f449cec4cadcdd48,10,9-16
eba0cad69d18b7d10d06d93765b9eefe3fdf9d74,9,9-16
d65bb9f26f753d9b8591aa713aaeeef58976311b,13,9-16
8fce1b85765d2949d63030bf2eb0e5aa97dde799,10,9-16
ff2697c5886d8cf96f42d7fc49c18fc5327c7c60,12,9-16
8ff463e79766f6a7160b4bd99a959ce8d572aaa9,15,9-16
b094e2704da69031ef0a1cdc9e73331701a478eb,12,9-16
a456d8cbd20d4a21226920b30fee33986d842fc4,10,9-16
420c5b69444d4f4db7e59cbe316cb6df1a25894a,11,9-16
f6395fc5639fb656d6268f755c41ce2391539009,9,9-16
57d0c08c0ff33c89772b3e5c9edc03b2aa9860b3,14,9-16
920dbb4350ebf94e347147a63ea8e9de16709e7b,16,9-16
12934757925e1b4647c560e47787cc55f16fdcd6,11,9-16
aab5b989e690f3e893410b3e88d46b869c72332f,11,9-16
57c037aebd0f1018bd3b4a722c6f63d633740864,15,9-16
7765ad8783463cd2f7095df6ba8ca4b1d8340f63,16,9-16
04171b1f79fcbb142dbdf73232064dc0c029fdbb,12,9-16
641ba0809018cc6005886cb32bf89b7680f9e488,11,9-16
ebf9ba7cc2cd41ab587df3bde0f8f288da88ac82,13,9-16
4254e56a41ec8e34ab484e14468e16225d6fd5e1,11,9-16
aa01c47fba5e6c58ad8708b5d169e26d27173d6b,15,9-16
91c59cd74cd5f1119b730283f4d19b4d1083fe50,15,9-16
7ecb94fd2b502d3939b25266e255b6a13f5cc392,12,9-16
0a0a2a2ffac661838d830730655cd99e93201a08,14,9-16
4730b8809e05486624af81d754721074c861a125,9,9-16
dda1b65f8e727f96a052224e961e9b9c31d6e782,10,9-16
8b6e68cfe01d6fb26464ca266e04c6aff8573a31,16,9-16
f13dcb70cf7526820997fb5cf5ca9cb3d4a5bc24,12,9-16
2150662c3529a5703172b4d7c0b1a43fbbe4392f,16,9-16
5544b8315945aec257f0b801e475f8385d40bcb7,9,9-16
cc06d8b5ba67e7354531476506f7ecb4c71bb486,13,9-16
69ed9d0a57008bfe2e61e7f2d4a5ae09cc1e0b71,10,9-16
948bb7b3f39360f0ea69599f1c58abd98c2d544d,9,9-16
cf4abf9e8ee13c45fb158826ebb58bbd54b0755b,14,9-16
7c3112abbbc23e7c59520138389c005fb3d1ab18,9,9-16
e667418fc2cd6be5c1241454bcbfd029dc5b83be,15,9-16
a03fc52255eac5a79d4c0d6ae251635978780e48,16,9-16
faf1a04aefe9274cc7bbaeb0e9160660301d58ae,15,9-16
3f5099c8dca5d81aa8ec78558beac04190de343c,11,9-16
5234167b1c8ed2aa306b52e0f758dc8d76305990,14,9-16
f5a088a3ebf1931f316c500164ae259de5b6ad4a,14,9-16
fae1be3bd923b376d212fa3a1e304ac488190891,12,9-16
16b5751a61234373f32ae0551f9c28c7008e3fff,9,9-16
9ecce78ea139b97681db1ab07d7046b24acc2af7,15,9-16
90c8434b5d96432a2a8ec548c6f96a1e2b476f78,10,9-16
89bba2d9d250adf20db5df8d50263535efc8c971,11,9-16
37571318044779082c9a65718a14de91049aa10f,12,9-16
7df6928719e391e5ef2daae2f437b373882eb10a,15,9-16
dcf1a14fb961fb52ac795c31fe9c45c1dd2202be,13,9-16
fb7510734550256c8eb132893e69aec2e6271618,11,9-16
82689527ed2b22e395734628f2244adef14542bd,11,9-16
2726cd5b6b0d6d3588489c4ed33ee9d367644ab6,13,9-16
0df5d19757dcdb4f8a0a191b27719b711e0c3ec5,9,9-16
5e7235428216cce0c98816c2c5e6df559cd2f64a,13,9-16
fef884ea41ac2c30bd334e4488a212891e7cfa48,12,9-16
843133d3f98b76718cc0a4d577d77705ede14a3f,9,9-16
16c023057d8288ca36e98e727bbf622a27283974,14,9-16
af1f16228dfdb1b7abda77e890e25f2aa2b5ca52,16,9-16
92d20d4da2578be14ad5d3283e0764b1a7dd5b31,10,9-16
4cf3c83242fbcedab340648dde03230562ae25f8,9,9-16
e88fa90980a028088bffbc257be7a09e10dd221f,13,9-16
c30fbffe9080b1cecf5aaf408c03dd0930f2f692,10,9-16
7b81200c504b7073d092a2624e9f798c069371ac,15,9-16
c2718c772ccfc3e04c9c29646b3dc62cb1791237,10,9-16
3d294c31478cd2312d65fb20ffb476f52bc84052,16,9-16
b1bea6f4667f76568e3089d2fc24917996e03cde,11,9-16
8c596687ad679a773fea1e9f0831e1837765fa1f,15,9-16
f2a4010edc5f8c430d9d3ae19b6e661e22b80c9a,16,9-16
6e5d4ce238dd7cac274f39659a922c1e39995902,15,9-16
94c6dcb3fec8fb5cd50867a3dd56f838b1689c9d,10,9-16
0a1a97bf6ef8d9733e0f641a9c6bdaaf1420d5da,10,9-16
cf3d78bb4a7759ff5369799e3b90f4b21bdbce05,14,9-16
a71de8ede5b47cfbb263c4e7dd933163f1a9b588,15,9-16
830212d06f528905e192aa2c97beb87701fd0a42,12,9-16
c6519ca47ad2ad6435e0c8a9972a879c5e08b8aa,12,9-16
0463f4b2bb74dfb8b636ff1ce2ada32287580df7,10,9-16
f9180aa3c52305b439410ad1d9e8a5dbff7e2c6b,10,9-16
bd9e4ee145cd000c4cd7b239ac0d385783e77271,12,9-16
750e6d350013706e1bc10c6537cfc205be6bde26,10,9-16
861c9e851c72f35fd8bd4e1c4e51568b68c3ce1e,29,17-32
b28191fb997b4dd875c6e3793c11009338c2dbd1,20,17-32
97e7f211d2265068a48c427596ca1bacd0908b1e,22,17-32
569d9e3db959ae45b4ec7c5316220ba0cd7cdca2,29,17-32
d80c7b3c056150891c344f8a86a608634fd992e3,20,17-32
916698206fe1919b68d8cb41dcb3c7e14b6da746,29,17-32
58213222c44936dbd9fab99fdd1773ddcc5c16e1,28,17-32
09961450152d0d569c1f9ba9b3ba42b39219e6b2,25,17-32
c4eb63fe7ddede2cf07ce8ba3bae12132d479521,20,17-32
2f622f045d47ac2e4b70fe15672cda430eb8b779,18,17-32
69a2e451d1cefa989fd1659be51ec6a2e3bf1af2,17,17-32
a84bd0b25a22f1d4c9c4d8bb338c7d9c2966bf35,24,17-32
631c9f5ac00cfe39e0eb204b510da9dfa555a3c5,18,17-32
850d10d3965c998a100b6c61feea9d330bed1fea,17,17-32
f96349f4ceaa4eee3924d7f6095fc64e921a296b,20,17-32
875521e764c974209c8bf08cd738209039f3bfd3,28,17-32
85834757c4b5cd2221b22a27edb16d8c4cb425ed,24,17-32
ca1342b43071ba498d454bcc0555a78e4b17a4d7,27,17-32
4886260278b7200f7826dc661a5a776c40dc0bc4,19,17-32
64fc804a548767bed5c42b184bbba70a50514e52,18,17-32
7cf136f26d70504a3d1ee803fd1c832d4dc1f544,30,17-32
3d735899877922bf3c08b33e23fc52ccd826f9f2,22,17-32
7ecbc5b2a631d0176734f4ee367595cd1cbf18e3,20,17-32
be873da55f391307980bcc0bb4ef5cabf4b183fa,24,17-32
4276899c8aeb97cd0945e80fa2195f98693f086e,28,17-32
8a2d83f8fe6a52f2e57d322b8330bcda1b176bd7,23,17-32
ef17768b959b60ce84ddb0c7b7d83e7898867603,29,17-32
b4f56e1e398bf121ffc416be6fc7d8b9c45ee1c4,30,17-32
12afad2512672a08f692a790499060f91383eeb4,20,17-32
3732e839ab265cbadfbba0f65c7ab92be740e12c,28,17-32
3f4bedab07a2be37c707bb9207581c893433446e,19,17-32
32dd7b08a0af44f86e240ce7aace65276f06f450,26,17-32
2e919f253297da2366034f38f07278cfa86eeedc,22,17-32
25e32ef8ec1d23e8999972744adc6bea797ad5d3,18,17-32
76479b0c384da8b0daa51d71726dfa9a4d534e1a,23,17-32
80a8b2285388f57a94f165157926e45a1e8af66a,19,17-32
13b1bf9aeda4c66efabc91350e537b36e6714ea0,20,17-32
37fef3e2e452b3e0d250d04d46c38eadac789e5e,17,17-32
5cbb6107987b4c1deecdf69543d899b87af9e3d6,25,17-32
4b0f10f3ce7210deeb01a6fe131f3132720160c7,28,17-32
e388efaed0e0bbdd368cbf411b6c66c5691ba132,20,17-32
7275e4cade87b44779f199d352c31bfe57fae813,18,17-32
e028a996630901d118e92e707a720bdf9e7e8ca6,23,17-32
bff741e33a477879fb364d932b59999b464bd3df,28,17-32
1ddba1d5fd55d04862b38814135c817d4489a8fd,19,17-32
017c7c0d890af5093e73f5fa618d63fc219f547d,21,17-32
48753c3b505fe37c4d9068934622d9751df61add,19,17-32
fc8c94ebdbf0530e39913f1ec05fb0ed244267b1,18,17-32
4be76aeb0b0c1e2bdcb8aa607cc0c2d3955c59c2,24,17-32
1a931e580715cea1f10c1b521b047adc5123d14d,23,17-32
489b15c8264ca6aee8d0be810c20d711c4ac4a4d,19,17-32
de242175832c9b2cb70a12ece2375c9bc5338e44,19,17-32
e3ab645888e92c4b2adb83c0099d3615f555270e,20,17-32
3e2f4f27a233376327086314fa8d3152291e7cd3,18,17-32
86600a1e19319a2774bb31347dbecd790989db36,20,17-32
6db215f7830b49ee6d7fcf4c26f20556f6abcba2,18,17-32
5822fca30af72b26a25c6f71aedf05fe3bf5ef59,25,17-32
867479c7aa762d4b34bf1dfcb5097b6075c04e67,27,17-32
6031eed3c9729e667ef64b82ea90e50eb887c11b,17,17-32
abdcb47b5b4c69434607a8722fdb11e54a4fafeb,31,17-32
560ca85bf9f040170a5f6169fa0956f8772b3e8a,18,17-32
f6f153825c1d768d1cfd9853fca41de0c316b9cd,24,17-32
74714129eed0d0b7269275a4301c3413260684e2,30,17-32
6d1e72a1e6be98154abfccb2a0c7a9975e2f76a4,25,17-32
9a0a36a607af5cd1aa92289ba5bd5b54439513f0,30,17-32
fa78679eb0389e5e94de5aabdab89a6e0ba83009,30,17-32
1af809390ca95d6c265118cab16261ef2697287b,28,17-32
d0eb5a24dae941c832cd34f282497c499eeb8eeb,24,17-32
0f9bee60f0080181ba89f18a11c3f0ec88b2cb13,17,17-32
1d41aef8ee32bbca4d7b92bd07ba0cf8f3e4b8bf,28,17-32
3b63c919fbdb293729266f4826ad16a656e8ac9a,29,17-32
12311d6d7cef3607bf92bc0bcdc349f6c99888be,26,17-32
6f7e4aa983fa0d53f9c156f479d1f0222e190dbe,19,17-32
9bc097c5089111f08dfb8d1df0226511f3d4a5b2,32,17-32
2f557484bd69e1534fe2fd2575edab72b50ae63c,31,17-32
a7310e0381788b438f77be75d592fb74084d1f8a,27,17-32
75ad79ce531a4f153f7231d57838feeb720c9cd1,28,17-32
474b38a6ca335e3f3dbf6e0c499d0a196ac48715,28,17-32
2052f7f5ac6bd3d0ac3b59409b37aa18c9eb7cfe,18,17-32
3381384998fa2a4dfbb9f0169d4f47600fe943b8,28,17-32
1113690542234488cedecd23687fd3dcdd0d44ef,20,17-32
d3825e97d73d6128efbe0a92e0e282dc64254583,22,17-32
82aa9c7b0054c432e58489a64d9378c09fe3f99c,18,17-32
75327619fa343d140df19c5eb2f32a4af8a53cba,26,17-32
e5a5bebca8c0f7c69f91bc498e2c223eb2464f84,18,17-32
8bd9aef055864c1cb957baa7425b712d4c51c6a6,18,17-32
aec0f325f4caa87042b9fa7bbf9c1cc894b47f38,21,17-32
580cad37d35083934c999c8372f7df4f95678f42,30,17-32
898451778fafd5654e23b6b6267d07c74e2cb048,23,17-32
c0c7655583aa0448968e1d25aeba116a4fa536ff,18,17-32
36477046b1cfab8828bc24ee53297a5e1da60209,19,17-32
dbac24b99628694b874b48843517f0d224bb99b9,20,17-32
704ecac43a7720149b910bf46e18480448426e90,24,17-32
def975d506fb45d3888675f72a53656cb1118d28,17,17-32
6afaaf1624e92e0f607a273e90f3454ec1eba805,23,17-32
e3d7b54dfc98c0342fc22bbac7648e9fdcaed0f9,26,17-32
4de768a8fee90f3548bca774d8e216a7ef3b3bf0,27,17-32
b31b2a70a39dfaeac5f25363be54a02aa086d9c2,20,17-32
65aed8d189fadf4550fe820383db690687d5b6ec,25,17-32
9eff47412c8435840fcd5d8266c4e6384ee4a280,31,17-32
c9759b70cf6a6da5271336db4f2361e1bbfee282,24,17-32
ee66e6916bae7209d5675795fe8242913ea03dcb,23,17-32
edd7ede4c3975f7852b0e0763d80197d35cc1234,30,17-32
2c9b8b8ff407b19117b90ae18404ef096bdf7de3,17,17-32
4da71d41ea162f36bf27c72acdb773aad2f3c023,18,17-32
4711182b60e2e0b39d4898ef0e99bdcb02cc131c,21,17-32
c77fe02cf4b5756bc4f23495af3040a5358c69f2,25,17-32
7c60d332f1d53b17e768a397b68cbb33791737a0,19,17-32
db9581f6dc8f4b2dc637611b2383c584266e467a,18,17-32
9aac03e02be7b65a639fcde68504d8245875dbd4,22,17-32
afba18611e1e79c460182d8430e12c2d639cd003,28,17-32
eb592dc10f81e5e1241c1604c0be139650fd256a,23,17-32
29627d4e5c0cc5e9b1b196cee1c9577e586cb160,20,17-32
d2cac5693b2351b071f5c310c82a239cbd3c4c6d,29,17-32
f2b203ca1fcdb3768dfd03c968b2e4b8f609bbf2,28,17-32
df4cb8fb3339276474849344cf3903b0da7db761,26,17-32
d8db6e00fba0223c00fa45ab399246763a7b7e1a,21,17-32
69fd03eb5041be7143dcb9739763913f62ebc4b6,21,17-32
83c242876107325cb27e5850d82a8ac588a74c2d,20,17-32
5f72e3891420a8303e418d766928a0d23bf3b143,24,17-32
06bdd92d46898404557593e756b026f943de21f1,24,17-32
ed4996ddf1a302506d86c7601a75ab7bcfd3b1b4,28,17-32
48442c549f1e782f77d928a4d6a089cc1f2db613,32,17-32
bc7779fa1b84d57b59acb4117d13f70303dbf53d,22,17-32
5096dfe730b32b55333b0e89d3301da2078aa337,25,17-32
9473ddc98749377c5491eebc767c7d5ec9b9bbbe,20,17-32
879222ebf13ab0597480361c80788113394b09c3,30,17-32
e88dabd216d87e19d41abe8d79be7d9efe01c855,17,17-32
907d7d7034c7fc743cebb7a312f11ab32351fafb,22,17-32
762f7fa62ef9ce4db83d9468dce71b3c1bb220ae,24,17-32
09552280a116354f10b178324fb5a739591abae2,23,17-32
68a5e6e6812b74df4597a2ecff4ea32fdd615876,23,17-32
d92c8b0bfc0074bc9849d564007d30178cc55497,22,17-32
3ccd93f5c093cec54447be151624630e9265f80e,23,17-32
4afb259351158509e78302772f2e82645dc76a5b,22,17-32
6576d0319d86252a2bb02312e0478745a85c1b32,19,17-32
ad4cc12a85b9af701b6e6156fd4c11e9dc003bb6,30,17-32
bee74b0d07f1c61c5f014362e13c9628d5c66173,26,17-32
ea92689d321ee1939154f582b9ab7dc9eaaf4bb1,24,17-32
691c70acfba3024a331a7ed59c5de985aa6e21d4,22,17-32
bb8103cf46d02b051f2e5dc954655ef5f13d5597,17,17-32
c51ff302f850ad3261c91b69e0e6e07dd9c8503d,26,17-32
9143e839a5affd78431a6aaf70a187a20a59ee91,29,17-32
12bcbc5830ef83e64615c7bec9d45a911223e09e,24,17-32
cb11e79af47215c597cbd16b63fecbc3ae858442,30,17-32
2f344f906785e4409ae2f4d5ddbbb56b6f902c1a,20,17-32
a18fcd137f6ce78f9619551d76d05ceec1dc3124,21,17-32
452d88eff83223c80ea0c7ff5f1346208ad2515f,29,17-32
f824d2c356d19c668ad2661ad0a51f31ef8e84c1,24,17-32
88ea1600380aca27dcd094e89d7573dafde14b72,30,17-32
de15c727e8c20e6994c47645733801b3bf2651d1,18,17-32
b696450c233fca387602b0c048cebdd6b0cb90ef,23,17-32
1f8c4160c495b4251b0704fde44d711c3df8b3b8,17,17-32
51aaed580dcab55bcb4d8cce29e2e3f90aa7ab9c,31,17-32
f37605e7003c385b1a29e29c4eca7ff46dc3cb60,25,17-32
f94c2c5c6203f68a577cbf55fc1b431d9e6557fc,21,17-32
74efe6ce4bf2629039658e6db5408c778708123d,24,17-32
db18533c50d3050836af8235676d1567228b392d,24,17-32
2bed880e6f37bc122efa9a0661aca4c3799f78d3,18,17-32
4749bd9359827c6c8e9004c904a7b3e1296af584,22,17-32
186ac5c3771d1c51f6a891160edf15ab665948cc,19,17-32
e2c4024cd24b21994f43236d09f9423e064fcdcf,18,17-32
5a121a358aaaa4244d9699242790b1909edc129e,23,17-32
443f68ab35921c6cc896177ea7c526c50a0c737b,28,17-32
8c522fe04b36a03bb774bbd7dbe00a756a451d10,19,17-32
9c77fa42f80eabed6e0d5451468c1a19caf7126e,31,17-32
ecf3ee314760d88f7a4f553c0910fed56b6b7f50,24,17-32
576abb70689b01eb0e129b0f3128352d19143656,22,17-32
4a02c6005e1c43d5927515926afccfd83e82a98a,23,17-32
c7dd4897ec700c789efb166120de2fe3ecf7a273,25,17-32
f419a42169f368afb37ef06672133a19e3839b5d,18,17-32
42cb16ba74b4516acf210c26a5f88301082e1da9,17,17-32
ceeaf34b1ba558d52695f4afb69e6ed32655ae5d,24,17-32
08e0a797182560645b967106995eadd8c1a233f3,23,17-32
26867051a6e87e7ee24438ec4790f1f37c8df02a,27,17-32
09aebc21f2a6a14a20cf930a23ae0e25dc4ec5df,26,17-32
ca0c07d1cfef2e429c8d347e33757da0a174fd2a,32,17-32
b0a7e4493894feeaa7336a5fc8ba98b95e5ebbda,20,17-32
a936d70f2d5528fae5bfb9490e043189b762c93f,25,17-32
af12983f79364188c294dcb7baa9d70a41e32f78,18,17-32
4543af15d9d602c64f6999139151964654d2de4d,32,17-32
73f082e241e86bbe365e4c6dfc6435a798752ec7,20,17-32
4030e61d8029e458175c5c49bab29a61f7ce9ce6,19,17-32
53e3fd0df4272ea5397e4dc5848d211c9fc5221b,26,17-32
1395bb2164cd5c5b5368f99f420386853a8c5ca4,32,17-32
97053b7c0635bbb4c899b3ffd9bc996fbbc1cf3e,24,17-32
dad049310e68c90af5b13ecb0dfce1f03f007d33,18,17-32
b24df45e3e718178dd2a4f5807ef0fb974504163,22,17-32
06fff1ee7087228a20fbc074bb3d2952a0134926,21,17-32
21d5a3c26ff1329fb03193c62e1dfecef3bec03f,20,17-32
06849c22ac9d27844569f9727737882324662cf7,32,17-32
c696425daa22af2e310cf6dedce266ca2836acfd,25,17-32
d1601a319f0a49756b358aed8674cf8029dd3a0c,23,17-32
e18c6ef426962a0b94d7146e4e458f6251a68614,27,17-32
77a05872d6c30891154b18e5d3fb1afeff8023ca,24,17-32
ef9b86c5d20f8951ab51aabf6b58581e67dc5e03,20,17-32
339a739c5e4c509af183ec6a9e1e3fd3b225cd70,24,17-32
91b54321f9efd5040d438b481f526ad74ec68482,20,17-32
154d09fdf5e5b70cc61d143b6aceeb31b51d82b7,25,17-32
5cb045c9ff723032cd87a7fa1dd9378473ebe32f,18,17-32
f55cea158196e7bcfc54b984bf5ec05e25b54beb,24,17-32
077039042a98e9f504a9389455b89d729393595c,32,17-32
113749517bca6a98ee51e4446461a50f9a2a4b81,18,17-32
4345e2f4f0362f5c062a4a2c2a54769121c5dd81,30,17-32
b6160e3d78a8d38103381ec61ff8b14481e6faf0,23,17-32
f8bbc280f0608307525d0bcb422a5e86a7ee033a,24,17-32
ccec8cb51609bf8828b1b852f32e8c6d0e1bc4dd,26,17-32
96bbb3367ea681ecf693957a6f9349e6bb97c706,30,17-32
df4a1ed44c0cf0a5e56c40560701498c5992a218,17,17-32
156dd1dda94efb9133590ace48e4faf8e2472ec4,27,17-32
2d3eec2991a3834a2d7ad2f86d816d063acea0eb,30,17-32
47fed6ab5fd1e84c0390cebdde22cb43742e1251,20,17-32
3f5b36a9a2f60b9fb6aeef3304fee578d5090901,26,17-32
20fbba61ca9bb39bfe41383fa1976931c8267aee,17,17-32
5a6a031eaa368ddee072cdf5ef9d1bf7ded97749,28,17-32
20d2fdb71d5ea107c233e2d1a37244367314f3ec,26,17-32
0cd031666b4691549d8b75aedaac777860c20291,29,17-32
86f2c808c475ba04238aa85bef3b7f48d04a9a72,21,17-32
32063dc78fcdb1f67335fa6bdab102de7570000c,20,17-32
6ab837dbab2d1a0481fc217441fb26a8a76ef335,31,17-32
cbda6d54a376f2c5f8364adca47e5c5d4ae5c3f4,23,17-32
3a7e59e721e0c7df5ec6edd6104bb7d456bd80f1,24,17-32
61f59587fd83dfa4b9322b4c39c7cf1c78ed8ee5,23,17-32
4bbec3fca278a9d234c4155f053fb57e5ffa31e8,18,17-32
263352234152abbb26c6b2ec75dc1bddf3784527,19,17-32
f60b0c4f4e9131658bc18263f3696a9bb4f72efb,17,17-32
6f3b0d797320104237fadcfe4a55f54f6f3f83f5,25,17-32
5147b9ff131b8ab7e2c57e3e71ef58c6a5700468,28,17-32
e1355c5d3195dd63022f8c52b40409a4ddb06957,32,17-32
043495581293b6324606c7560b7db396ea5ae86b,23,17-32
f67d1e6882cd0a1ca80bb888322390f9b35e5202,25,17-32
5034eceaa1f48b3caed85f3d0f2783b4f57be7bd,17,17-32
caa5b8683f8a27b638c586ef218b39a5d8facf3a,24,17-32
0b01aa004950dd75a48cdd0f779e1e0a1199a500,17,17-32
6ce17429280e3cf1f6727f392f7f34269d2ab588,21,17-32
6dd523aa3c932b4ea6af4feaab627df9c3c6fb30,20,17-32
53e1ea8f89077413e5bc6a1a7ea18347a316f438,19,17-32
16d4bbe6a86d2c459a1f73c401e7fa1818c29dea,19,17-32
f70efbbedc2c5c88ff58822f0423a8fe818c9a6a,28,17-32
860f0a9f1773302a0e10123f82f6882459cf5fa9,26,17-32
457a6d1275efd17ab999700d68f63bc887d4dbe0,18,17-32
9ef59d17795042fc1f953480f32554bc3a34ec2c,19,17-32
a5b8be5265bb476976f2c87e5773818749b39d7a,19,17-32
73930095888ba192869faf0b89851c740e4fb8f3,22,17-32
f5e4f894d4f9875502e4757101e58d82312e474c,19,17-32
c70dcd4ffb99e94899f5d127b98d16a6054f1a6b,18,17-32
07e103ba93bd15ef39d51f0ee2adcd9c0df44a9f,28,17-32
8a313471883afbf2ceca447a4acb492a4c6ea88c,28,17-32
0501ca70c22b0fb1ca8c84789480ac4a52969eb5,27,17-32
4121c1c0db1cc3c5a0d836e40c62ad54da3ffb3f,19,17-32
e43e6c06ea0160c0d43da82b2439f40ebd7cd34f,29,17-32
5ba1b538739f500bf8882005819e92ef55c44944,22,17-32
61a86db34f1db12460cf53d7598ceffde0b48b54,23,17-32
1e9b0574b6c9c1ad735a1f440b77d8c12b81269e,32,17-32
3bbffb613cdd475866f9cc3cdb26b3b1cb970160,17,17-32
2165b0719f99a6e865d7900461016ced944c4461,31,17-32
571e8823d6b98fbafa7f54f1a00ba108932581ee,24,17-32
cf812ef666c68648162189000c5db65a3ca0441d,26,17-32
52b57c14d3de11b4f551540184a3b6ff7fbe68c3,18,17-32
65931058c9ef636147fc68090b6fcd2a9e24fcd7,24,17-32
0eed57a803f0679e445c01813a158590bbaa7ba8,32,17-32
22b35e7949b35046c065691e97b107bf98ce837e,17,17-32
9f36483f86fd3231aee632a2c59cc6ba71c07fdc,18,17-32
92dc6cfb58ed28cf318926a50ffd2e68a222a376,27,17-32
f453b758ec7e1523b4d85997e498e0ce340e55a6,31,17-32
844b51aea0b98de57d9e07611d63753ac87d826f,18,17-32
48a77b68b3aeb1b2da9625dc3586eb44268dde91,26,17-32
54b85b5075725abbf65f493ab1042fced7ae9a7e,23,17-32
3b3717ac8d8eced955dacf63d185b5c30c4859a6,20,17-32
5f970bf2033f8223372d8562206963d356a92edb,26,17-32
730b49f7961e790fb95ed5760b8079f997aaab02,24,17-32
e3dc85af9f3c79c5d501cb3713fdb79d8c52be51,26,17-32
2e951a7fca1b7f5ca6afc43aa8a2114cd4c1521c,25,17-32
658a1b2feb5593c8c52b4551ac4da61104bda762,17,17-32
915af1963e7acb669bdd4df2c3da11e5ee81ce89,19,17-32
092702b78147f8f318ad4771ec8d5e06fdfce6e1,25,17-32
de5927454ed45c9ccaa4b36521be98066f5f304a,18,17-32
a5692099a9fa6b6f66acccc39ce00838ba49b783,19,17-32
51c45f34f8cc0ae15dd598dc6453585afae2a44d,23,17-32
02b83cf2dd0625b72c1dfbf29b4767326aca70b3,26,17-32
554a87dd4d1fc76423916d834d78646378330942,17,17-32
6a7d1ebb5354dc01fe2a922223434514b486836c,26,17-32
d0e377762b4bc0fc9dd231b72c6ff6abdcca5d7b,17,17-32
122c1d993bc1df08f4d02c426fbba89d56893224,18,17-32
e6742e0881661fc06a25463e47023567969eb178,21,17-32
50ba1837f2b40dd14aeab77ef276821556b69a4e,30,17-32
34889055a94d34baf052d494d3a78278eae2abde,26,17-32
dacdeab770626e9005d017421a73f968434a0000,21,17-32
a18c9eb939cd4b5fb2c8d44eabbb1e154adaa172,28,17-32
c0acfcedef6da5fd0a0c4dde0df61ff6dcc859c6,23,17-32
88da24722ba21c260fead8ffc808089d8d2bd70f,31,17-32
7a726284afcb052bbb4f4f50a55c0fc6799b8fcc,28,17-32
eac931c279ea95db95d9276284050f295b0e54b2,18,17-32
9185824ccf82a1cc7a963df9f2b6039a6e314a99,22,17-32
3430a00605ac75396fc623d998144d7e76707951,24,17-32
4051b4a2b9d5fe6c8d40c6c4ed572e62486b7f81,18,17-32
c41384737a0a5445e5e808e14ed6431b5b412335,25,17-32
76b21180c830a1464b7de34bbd7f02af305dfb7a,25,17-32
caa032c7813bd8c9c266f341b461f7c7c01b63a1,20,17-32
5c2a75a0d055dea4c0932afa4cc71c3dc417ff50,23,17-32
ae24303023d350007876e230c91778cf22d6bfcd,18,17-32
c807c48a44a78fab08c3dc6bbb3a3b645dd9f27d,24,17-32
3d38451ffe5a9d3b2ce17752f946e4a6c7732f82,29,17-32
2a5465fa07f2e358bbf5110eb3cd5d53b079483e,21,17-32
677901bf593c90979c250e459edd5171c0be50b2,18,17-32
1e24ec3baa5b4de8ea32b923da5d1a3d432ee2fd,20,17-32
2002ed30ced88146537f36e90f36fc69d7220abd,22,17-32
d9332832967c61b4c8440477722259cfb18d2d47,18,17-32
98a8133c415e6de4d316cd135d5035207c08c0c2,31,17-32
8f52c1655e65aafc25cb6fd5e5cc3100e407dc2e,25,17-32
3a3967ee68c231f307e0fa19d7e044fe49ebbd1c,20,17-32
2362c254fb05655e03fec90855d973500d2384fd,21,17-32
4d9e2f4f7dea4aef8f8460ec62b02754665093ab,28,17-32
7a2911db3b79b1e0b82b1772dd3629f140e9f229,26,17-32
b67dffd3547585671c75e139010dae69ab59def0,20,17-32
704a529daddfda99f2767833e16c55e561826527,31,17-32
421f123f6610a2c7cf6bc07d2d89674d6b7f9079,26,17-32
fcdc7666f4cc59fbcb836c1459cccbf7dbee442d,17,17-32
bd83145d746c665111c0853fbf85f60b13fd44c0,28,17-32
5ca0caa6e1e55ad59a7353c974c7354edd094fd7,29,17-32
7db04aa79447596dcf95414e2f953be407239876,30,17-32
5ea9f2880fb74de2491f31558e5b8fa68ac6c1fe,24,17-32
6e06c4415fc97f2fe39a407a327b1e01baa7df57,24,17-32
ee2bcd261a82b2d195cfeff5be5ca92a1036036b,31,17-32
40ab696fabf87d8e47633058f00ca501da5ef1d2,22,17-32
c73e4950de2d733a7538b314058b50197e4dfe79,23,17-32
718dfb63a9f8973f520e11241abbc3c25bd1dff0,22,17-32
f912aae8710e03875b5358559ed1b2ff6b9a9b75,29,17-32
e5e4a1f1adc84c8ef0514e3e5bc740f4e062a8dc,21,17-32
44d4bb5c7d141cf4200abb0c2f39f9b51184d242,30,17-32
7ec101845b797988f863a140935e3cd1532cc0cd,23,17-32
ced39d86a292ff3ad82e8761172e217024495535,22,17-32
ba7046047cce8a6d9af3ee2b89b96efdadb18d9f,20,17-32
d85d296ad6b4ad6099deecef225a27367ef0137e,28,17-32
82549eed4b8f95b3847bfaebc52ed30bce781352,17,17-32
0984108ef842a32f246d0042c63d91bc0fbd5ac3,26,17-32
f01ef5a37425a2e285c44f65819285740949a186,26,17-32
049ff8416a8ddd4f2b7c892e341ff1ec5be3baeb,23,17-32
9b7441e207bf09852ea098380eea62ec86f29244,27,17-32
1e06ae7386590c88e0802cffb9ef640348c3dcef,21,17-32
169b51b2666c245bcafc44723768dfff95628232,27,17-32
ebb65645b6529ebc6c062dc85dcc3d08a6bf3c99,18,17-32
625aa60d08f14378ddb6b549527035d6c344e5ff,18,17-32
057ff756fb9a1aceefaab2151e8b9c17e74352ed,30,17-32
e7b9f3f13d50451bfefc4544ab111158247069d5,19,17-32
d37812711fd46167ee6c1d4bbc8122292637bacc,23,17-32
8194d4e3bac92e9dd263f0050b40e1828a9adbcb,19,17-32
77d1902baeede8664acaa551766975acc00c35d6,28,17-32
993a51add34d4dfc589673c93fbd8c7cb153fa37,29,17-32
fc4c32f21090bd024003cc11e0164fd1b70d8c89,30,17-32
3a7203e79e45c940d175f220d43ede48c0442a19,29,17-32
3a1f9aa122ef8cd6fab2daef424d8d6ee740c0b3,18,17-32
da4f2cc1cc71e7210cf920369187470e67966ad4,23,17-32
402105b14af8822e0badd34ea420c626c95584cb,28,17-32
9c5db35eef407a0107bd50cbbf8b289e4ad4c896,17,17-32
722dd80b1e2aff9c0ca6ea415a26dec330741a98,20,17-32
09c4524cb96d88828fa84a2e8a23ff048a7f54aa,21,17-32
7a955454bc4ae64ef17f98ded545419c87c2645d,20,17-32
f0789d4b83efe502323b37bd22d03655ae81d62d,17,17-32
1f82db2ba6496537c914733971b5d2aecb447c35,29,17-32
4dd3459e80aa28bf149857e9d032c462f42fa540,27,17-32
a2cb9e415ae144b6be592223d105fd52918b7d0b,25,17-32
63e72f573089541bf2c09f6cd2526109ee1ffe86,24,17-32
a3428296c8d74fba9ad805fe3af74be360c9474b,32,17-32
099976dd68635116084247b034f27d8e1fabd97a,25,17-32
629b450f31c4b36a189f06454c40421bcf45a35e,26,17-32
70f777fc8b2b92f95d0e319df15ef5f80c22fc40,30,17-32
09b8824f7cb26abced29efe947d469f6c6280cc7,27,17-32
a2f22b76062d789520e39af4f6a67fb6f71b5b92,25,17-32
ddffd68a7d0eb8a933a2c884c2c8bc7819cece67,17,17-32
7795dca3c9bf3ca8e65970237ac76d6748d4ce62,26,17-32
f4e872c9e7f47af46a167e6f1e002e9a03fd0396,29,17-32
3adf6aedcaf99b4aaccba6b388424cb5585e2a03,24,17-32
125d8128298ea26eb04a1c49313c4b426526c6ab,18,17-32
e34b8116586e1c7dff8dc9a8c3b69e558c410f75,22,17-32
3a69dc3af1ed148f80fb7167ffa9e3dc677ab84e,20,17-32
a5137cecf506b6cd9b268bfc04d6fc9ab3322569,17,17-32
5749f458e6e809ab606361494ccc56c942f88121,23,17-32
30de6bc6ef1fe173c4f5d77c98782796085a636d,32,17-32
d5035675e8ac72e8c9a1d782fe486a2d3687363f,32,17-32
44f21d50f3a78bcf583c64edbd1b44db96518a3d,25,17-32
49f15fc79cdc4d5592280c6417ee58e00bb3a041,20,17-32
0bba547c9222af1239862e782ce6bcd6dfa87c02,32,17-32
1f5f940648f2627ba1e6b68a5718679556a455d8,23,17-32
4096aee3a3e8078311896e4795af961111802256,23,17-32
a37ce0c4eaab706941705abeeaa49e46f7c1ad5b,25,17-32
69c5fb161ac960f23c784c5e5cec9bdc70df6598,27,17-32
ed367ba4b637b3b60e4b9795b164bda94fffe647,27,17-32
69f33e9e4ea4373a1f33665ec05134c16b059a93,17,17-32
2db7e7c9dbd520f32bd10530b2ae15e55570dca2,22,17-32
47359b3386f1ba885141a137b5e67cf9ab8aa913,25,17-32
d1b44d0077d1d00eea51cbdcd1c1c5b796132c4f,17,17-32
291924473021077a116d63653df5f9edf8dead50,27,17-32
d7993aa93c9b5a30c299e382ded35fe7b736ae95,19,17-32
6888b5f1f62320d64a2e088a30dfc5cbc9a0a6a2,22,17-32
a4b6b43b13330ece27cd925db199804a9960ddf2,23,17-32
1365429aabbcafc521a48e4752ef69427f6f4d22,18,17-32
2efc63846b7c722310b33bb27490a43e5dec3230,27,17-32
074906777c40347186399a0623d23a8acb585edc,17,17-32
b2301fefa92ff6b5c336fbd8fb086d93f5c43a0c,27,17-32
9589f805de9549cd233e522d3bddafd1f664aaf4,27,17-32
daa245cce2484858f47785e887efdcb231f6935e,17,17-32
3c6c176838322e9de6ff912d5986b36e0be35e60,28,17-32
e6344f8928c976552cc0422fa4a4b7f9ffe15837,28,17-32
a48b12e316af1bb39204f49202203478e181d475,18,17-32
4e6952bb3775948c90c2279d2144a028d1544600,28,17-32
1bfb07b95646b261d1ad755883002627ae3727e0,18,17-32
c97be05c8632eeb2296ef647a7460974034df58f,20,17-32
03a835902cda7f7699e5b53b24b57f295fa839dd,23,17-32
a3a5991a6a7ebe4e06fdb52092cee6b7cf370848,29,17-32
340bf9c82702add6b0389623a5b537029b9c4fc2,26,17-32
a578585a5505d593d4723caba9049a0e63aeeb9a,25,17-32
566bc178a7f8e09bf34cd8a31e8e48ca34b5dd1a,21,17-32
a41c9156f1096aea6f71d39630202c8d937d66e4,21,17-32
bdfc82ea82c2056c9012aa5d81bf9d69b9c46d58,27,17-32
40a4cff9f3763d76c6b17256cb7645faef5780dd,21,17-32
63eabb67f1c94137a1fd41071e5584f5cf2ecabe,29,17-32
23669ac42e2380a52c83e560dfc2f0cb9117e0f0,29,17-32
b212c7ad0de679a93af9e35da1dafa5cc5f94957,18,17-32
e7d88eaed3982dc330fb02a7e761cb75fc5b5479,29,17-32
6a372f03a6568ca230b7f8721ba8fb5135e7d9bc,23,17-32
f53e82fe74a1627386baaa3fc88dff7b7cfe366a,19,17-32
1f6cd53c29e2a666ec61f508f9f5af0e27b76959,19,17-32
77507fdcd5fc24c3c802b20efe2690ce6f79a83f,23,17-32
5e31c9cc38c0edbf4d66b884ab10f9a0d5a72752,28,17-32
b68b4abd06a5c7504c2adf3059e432f85617c7a9,21,17-32
c25a27e29baaaaf67b3f76c9b4e82b63553563da,32,17-32
f02e82052b9cd1308e4a9dd7e01b3bdca2c197de,25,17-32
06f6eeb14d5109098a86db5d8c3808befa259388,26,17-32
6fb7c81b674c6156d87d51c98cbc3726e8fa63c0,17,17-32
76d5d9acaf13f1429da838406611d61b60d93e18,23,17-32
290d5b036a815cbfa654186294feec9dccc69134,17,17-32
dfa00df63528b439949727690feb8426efdafd5c,20,17-32
abe6638ce6a3eb4190d03f75291eb9b0b1da4870,24,17-32
c2bc3ae5212128b0ee7d5fab15cd2d15c125a7af,26,17-32
ac34893536bee9da2d6ec0e57d5eb309e918d42e,25,17-32
9222c84ec5c1e67aae73c94e8be2d07806fffeaa,25,17-32
181f78a8275fc23665eb2c94e51165407e3aaeb0,24,17-32
eac938f5c3f8d7b3ec9590ee7e2f7526c40c4286,18,17-32
183e5e7716ba7b7d17bf82cc95e2bc0a50960a72,23,17-32
56ca2224ddf57b250f925409e9bd3f30cae5118f,22,17-32
7e03f5776a0e7587280d8976136495dec264d655,26,17-32
459208dda78044ae1601884b3c6f67fbff3cbe7a,22,17-32
7b6511a61fdfe6cce29aaf54b7b45695b6a66022,29,17-32
94d366585bc6bbe50cbad8c4de2869e9321368ec,28,17-32
e6a607654bb5e9d06661e5e63293a397c946649d,17,17-32
b31f9e7647645550910c303a6db912c0bf9ef2ef,23,17-32
a1571d59f1ed4e2165f2a3cc721aed607b2cabfa,21,17-32
cd65562121caf84a0da0c24e5e61cda81d91a0a3,17,17-32
dc5080c3817b3c46c3857e2da56860cae866ba19,18,17-32
38c80356412e23f575e073084aaddb339b7c75fd,21,17-32
284aa6e963e4ccf9b95937e5db6f6fbcc972c9a1,30,17-32
669d97070dc9d5d83a3421874859c5b3ef9c5a15,22,17-32
7428e8c1144649a3b6130be42e40c8b0d2e4855f,21,17-32
afde0ba4c86dc4f6afe29a9cbf3f4d573ff4e53d,23,17-32
646e661036133fb1e14a8e48112b124594989166,20,17-32
dc7f82f969f2d1224a1063144a083e5714c28e9d,21,17-32
34557b08d56177dca8aeaa6ccaf7a3218c95b279,31,17-32
782dfe995d7e596b2aec7150bb95c4daed6d94d5,26,17-32
2644872c9759007a93e28e0c8053c1c37cd1a74b,18,17-32
644c90eb265c6dc11eac85c5c23ddade497287f6,19,17-32
c019a249a577c342d48c4a97e25eb2b4a3b9523d,23,17-32
6efc148e714f9e74f91f48882e063269ac918bcf,18,17-32
23142b05abc520373caa2c025e046f6cbcfa9b34,21,17-32
0fafd33cea84ad3882e3f9a11722592ca247f783,21,17-32
953933c1b8eab0c994ad78ba8b47731bc9f97b3c,26,17-32
bf4710f1f353efe0f04a84b2e9e0c170aa108772,26,17-32
2dfd6570c0e6863a599e28a769619239ef7ebb7d,23,17-32
693e87d2356a397b9ad0d620a307b108fe229146,31,17-32
a7216dccbaf27c1e5de4d2c9063f5fb508ce3cc7,20,17-32
1b04d04fd644d11ebb94579399e9ff71b10f758b,20,17-32
9bf94bb9dce3f1dda82d00b806d812c10a8aa5d1,20,17-32
49f8eb3f01c9aaa789563310ee0da9a6d96acc09,24,17-32
99d6611b7215d2b0892012d099bb3416c88038b8,17,17-32
59e12602216b4af0c5b4ec3d0a9894b4a0b64e82,22,17-32
c8f14ce7aaa9b347b5500d7703b64d4daaf34d7c,28,17-32
d548679a97d3f7971f423b91f4ab5160fdcfca0e,18,17-32
902bf787d1525969ba463e6b94353140d7910ea7,32,17-32
c87d75c023f8fab44bf700b711910e92421eac3d,21,17-32
cf0c2d3910c92e7ef309f5f3cb8715fca176a7f2,17,17-32
df4483892547fe9fe0f8741b6862dbbc4e0bf2e5,25,17-32
9ef16b893bc55c477e5b50a6f6a0b0885d32ccc6,26,17-32
489ec4a85912dcaf538bed04433a9983974290ba,21,17-32
ed9499dabd3a5dbed2dca874745549312945c5e9,17,17-32
fa32f6130ac9019e8481099be2135ce911c7b6b0,23,17-32
30e59359de60acf895b968008197d6c73446582c,23,17-32
d9adf0e1049cf63d474348592a87c5a2d928c530,18,17-32
0aa0e33749b009600080daa02249dd5b5e38a268,20,17-32
1f6dfabf97db2f5a1b481d8bbdb228166b25c56d,17,17-32
4aeaa97d3dc2e8984fa4a984b9df1ac9f04a84aa,27,17-32
a2ef0e5004787e82943734463472c596d0ed977b,21,17-32
61844651cc5ffbf189fc9b53770068288a7da5f4,17,17-32
88db8a9d50c249619077ecd438041f8ad2b273a0,17,17-32
3c09475938abbce3342706bf0a0796a1585f0cae,19,17-32
13a7a021bd0090d80c5fc15290ff532896d6f055,29,17-32
3ee185271dd25f46384df41c833cd29aaf6a2c99,21,17-32
e0b8275391da1342479b385457ac480531585f81,29,17-32
c4c4be630364662954a6f15af3a6983e841915de,23,17-32
a94fad6f51edbf86baa3a3b8f18c140588071957,23,17-32
8dadb518b79b6d32f4ea8f128ae40015a441c73e,26,17-32
7a9bffc73977c12de11b7c1d794ccae2d6a3d0bb,33,33-64
0666118412ac17f0a81aa1adeddf9fc52b9f2864,62,33-64
772cced6259af99eb3b75f44faddc9f754d8880a,53,33-64
959c8858dc31b5a527e3e65d82687269c86d7083,64,33-64
e057905e7028cfcc76d1bb17d510d3b36ff15cee,45,33-64
8b25408aa3a2b9f8621cd875e90f941b37cec854,35,33-64
d704878cf68d26ab2c0a02db4e1908b691640b25,37,33-64
8337ef74e26499770cff67e74d756c269c0116b5,45,33-64
07d9d1f1013649d390fbceae653a6dc99eea294a,56,33-64
0606830afb69fd69549b15a90682b11fe2a9381e,50,33-64
1116b9eed71e1bc44a9b75999a1f3f85e6ef7ab8,44,33-64
77ca6d26ced55dd07f46a4b7e4a88f4be1a4434d,45,33-64
8f696106dc5c4909424dd4216ab57375ca0012d4,60,33-64
f1509d6114b7cf66e7a54a015f34f239fa3c74a4,50,33-64
59d94a1a7a9f072c2f403efc8b466f473d653dc6,53,33-64
b326930ba63702d821f06f907cfb92fb1e194a09,35,33-64
08d94a5aa8706457b7b59ba91c6279c69e4ba0f2,35,33-64
f4671cfe4b640ddb92805b69f379ae53adbab0a9,43,33-64
1c123a36282443c3cafbd0ce0e9acc88bc8a6508,63,33-64
d4bbd038c2dee71e60924f16a559ae4fbeeab8bc,51,33-64
1216aba68f8bbb8c32273a7650ef93c3b4e310ea,42,33-64
6aae68b35c5389393e528bf0087977ec2e4bf159,55,33-64
422f6037bbd8250c4c4dc9cec68c238dea1f9d99,56,33-64
c665029e6797ac1c99b7aa20c2ab55f4eac0f8ec,40,33-64
8ce6298cc0c66f02af4b23257b8bfa6257de4f92,51,33-64
cf88f83ac703573211c8f007da7e317bbb091ccd,62,33-64
9e5957d83d23cdc0a9f16cf81098ba5cbca575d9,35,33-64
1ea816c38fb2387ca354de800f977528222c690e,63,33-64
30cde8950f748a9bb4f5276d4fcd75242fa082f8,56,33-64
1afe362aaf4b0c76a20902aafd1e0a00abd8233a,33,33-64
7e20d11acba5e2058baefed7ac17920952aabfd4,46,33-64
f43e0eeb747c034c03a5d37ea5119f0df6713cfa,57,33-64
2c8f7f1d6300313cb0fb4486a3ba22fca1932eb8,62,33-64
0a98ecaf32baf3e3a2f8673c00d7d8483ffaad85,61,33-64
6333619f90a0d2d5674803c2b9c8a26ac0575ee5,39,33-64
df1792fa31724401c0c0f3a5ca59d686a1063176,54,33-64
cddf6a8f220ee805fb0b749b514bb06e96b06e8a,48,33-64
82749cd93c27faa49fb09c7685ad34575e28751c,48,33-64
2d7afdb00fa1e7f1927ed82f5a4cde896886a161,60,33-64
777dfb067307242325fe97254bccc35246fb46d9,35,33-64
f2f552d4a55b8ecb8242d853476a5cb313982cd2,44,33-64
f04e1df9db1294d95d3aa5f4e6e9a81f6a6f7099,37,33-64
42af666869cb572533a4024f1c6dedfbef78ed4c,47,33-64
b9a3efb293140884c8ed7b9d2547b411a25635fe,51,33-64
95d1e08b1a71d9e48855c6b468884fc4a851a46e,60,33-64
597cf1ef07daf4af6e69b63af938209dd35c8635,48,33-64
7dff92cacce62a02bcf8bcaee6fba0ff84fa11f0,34,33-64
9d7a17718173f68d4c65a28956ccec19030b6b8e,54,33-64
d6cdb2a59e871c74b7fb1f43d39624b7ca5c66ca,62,33-64
119107d1de2338f99323b45e2b3b1f00ffd0dced,35,33-64
7935dbbf410fce7ece00823a06fcad562d0f22f0,48,33-64
353bc6128b65a03f94093b96c8fe0e256890cf8f,36,33-64
88f5bd94ca6c985deb170bf7a02c18421354842a,40,33-64
8a4f455dff76fc2c3733ef28c7818115aa610bde,36,33-64
7cb3fbb1206f38be437ae936312a68f68c7142da,61,33-64
32670afc157a8127aeca9a2f903a219f2dd3c42d,59,33-64
4d27821275f66aa94117b0e16d305be9c05e7fe5,35,33-64
45e181dd421e1ceefa1a535a7c48b8792601bd1e,53,33-64
c2614359531d5469125da3879b93d20d80776d59,37,33-64
a80547b3760c20da921cb7e04bbc77c96c0d65e3,36,33-64
58f49f2d437909b07c199e6a2beb25cbae17702c,61,33-64
3e56f4ecd58a28f2de0f1a4c2c40f86b5ff80d35,44,33-64
6364e2b793a0f493800aaba3d8f9dded904616d4,54,33-64
8e108c975ecc95e8329f644975a4b7d306e5bd2f,50,33-64
c32a30cdf80b2cc0fe3e373453d3988e861899f5,45,33-64
c5547a17434b8a1cd309f6fd109fea8ac26f2f69,35,33-64
03c26eec7cecb5f112f5dabcb639ebbca1468cc0,61,33-64
8b35a3a1ebb898ba4dadcc438d087b75a0b7b31b,42,33-64
1e52bc513f32a6d53c495678f7edf798c571f367,41,33-64
b03b800b9f3a1714b381745e0647d6efeff3edbb,49,33-64
1c4c4a0ba4798f14f1ca122641295972b6adc94a,35,33-64
040fa7c1428ae45a3a346651951011e753ade826,54,33-64
7940417e9b7ccbed4aa2a331181cf050fe7e89f1,56,33-64
f74d01a14e52b2c50e8ab483d3aa785df3970db7,38,33-64
9145fe8c8f466c76fdc011d91966d54b11a2f9bc,46,33-64
b869f9d3c4c85a8049be23f3cff8cc069f9c1af1,37,33-64
09bbac336ef78049ef84fe23a705397c18d46c59,35,33-64
c94df3a7539657d9ffb483d856bae78bc9ca33dd,54,33-64
b9070b673d70ad437ac37b082b61fd1e80465950,53,33-64
386bf47f6d7419cdc8b307b765bf04d4a68fa2ac,41,33-64
ca5160b27fe44d91011dc361ad0d293502c57a47,55,33-64
a011cb8f59a575d0799d0219103f894ce1b989fe,60,33-64
2963968a80a849bd544642a394cfe6e532f81556,33,33-64
ad4e628408aa16f7b924a819b915861edc69543c,38,33-64
a437f52d333ab51660a00fa7ea541bb18f07b6a7,38,33-64
66a15fbac10e57691c11acd224ce85429c11a8e6,36,33-64
86949a46a96625cd0c0bc45bf6e78e0add8ffe5f,38,33-64
cdcfd4026e724d750131c7abbf546b4d2624f64a,58,33-64
938622d0461dcc99670bf4d046463dd2d5496cbd,36,33-64
20c56ca740d08d3ff184f4f15c18388abc814c74,33,33-64
e9d5a2bc42a731abbf853a66e790251e4e6f4db4,35,33-64
6fa7ba56923ea6e2b512ec0ad23be5e839bd2a57,36,33-64
a229d96f10a1265c323bdd970af1ca394a3ce2a4,35,33-64
0dbc5883aeddaae95e25928618d8fa91f83b2f63,36,33-64
f34931da52fba3ac9d76936e64de5b8c6fd519dd,55,33-64
4d4b816eb7d56ab48f4d0c5c3110bbd753838a2f,61,33-64
3f29c58aea5635e75c7db9bca5174691f7e7d060,58,33-64
3c7e3045f04b082e196b7c97b19112331c097db1,36,33-64
0c02b41fb1dc82e7f8a6a3fcdc3cade99eacfc9c,57,33-64
a8349a45fb827efce6021d4dcf4c6faa4ed44d36,41,33-64
fe8960c1914efe0045604149490e63e75080d9e3,40,33-64
f9c522bcbb7b6ec69eeec2e30d345deadb6ed0e1,37,33-64
22dae2723090729f3eed626a60b2ad3dd83ba833,33,33-64
df8de7aa707e49e624f85a13b63806a3aa69270c,51,33-64
cd939f4dd8ce5023830a52ba0e01306127f5a9cb,37,33-64
94b4637dfc07dbbab08e86470a9de15084b52a00,34,33-64
ac321fffbce94e05589f438e18952382fd1e2a5a,64,33-64
05a75e2f35da6c9a2100ad250c7fe7f64272410c,52,33-64
f2c34b8a5c3c11131d0fad7a46a58cb4d3de2eeb,42,33-64
c057068d610f37dfc0eb0d4be029ffdf1104167d,39,33-64
4fb06e92cb77e8a735a6f113df3869850c66cb20,36,33-64
a2f13125bf0dc2c380846fae20fb419d24c15eb5,37,33-64
1f299c249a889fe6ce2b802677c5cb1460a67c5b,41,33-64
45bf0688ba8dd2a9af8f10f5e8580a4077063dd2,44,33-64
fed89fa02d5fc957de0f2f877a009f4509786684,53,33-64
7fd0da3946512493927a32aa8fe52b02dd137a65,40,33-64
4df01e79a96fe978638c28ba17e7ee4d7cbacb37,33,33-64
a388cbb9255b50f1637b358db0f9e9b621f9f0c6,37,33-64
39b1f44f13cb0e0527fd325645c551f0a4daadfa,59,33-64
c589e26dac77cf0d666b39acf2807283b7f4b91c,57,33-64
bda223fde2e0e231486fa1750b03c66324684190,55,33-64
46d842ab4a381dddcceebd718737d1616628543c,49,33-64
d47d8bfda28593bd6c2e5ae596d25714cf3a08fa,44,33-64
1d1a0bb73dd9f8bcea4cadc2e383e71c34159b60,37,33-64
e22aab74b6014ab7d2e7d2a941695415a7fafe14,47,33-64
89f13e04d0765b344f09327f74bbbe9e1912c912,57,33-64
1dff043cf09843c8179fe953fb2e3e2765c15056,44,33-64
75bdb36d145df21b08c4855009583f91fc1f4ea1,55,33-64
79a28eddd63783709d34ebdedce697e795d7c42a,45,33-64
0e10b3b2ac953f3cc0b438831f758e30ce269aa2,34,33-64
b44edf59936aa6af0915a1937ba813c2a8a5f44d,45,33-64
0b64891b841cc8df744b3d8ca3801c3ce8e15a42,58,33-64
2f4189d6cd0d52da38a01849e6a74ad6b81ab987,44,33-64
4ec1f44f619f122c52f11593f5c915c4e084cb7a,45,33-64
23ee6e842d1125c3035f5bc403f2efa6542ae7cf,35,33-64
c690df5127d0f9db7b6703adbe22dd7b6a0ba135,41,33-64
98742c369e16fd2548607233586bcbedd6eecf98,49,33-64
635af56f4b3a949c9e82290f2494e0f74371fbb0,40,33-64
adad44f4812eab23ea5ddd89c78310ca6475629c,42,33-64
5d56d2c1c1571f600e76901eb63ffa7fdbd6214f,59,33-64
548da1832b4fb093a5f5e3f7883703e15e76e690,42,33-64
a88c46953c11b1b3d4b67be3313ed5eed77b4d8d,35,33-64
86e86cb25d085d8187fffc07be695bcf50c5a1f1,57,33-64
1b37bad7af873593184564ae30843ee1e8e1cad1,42,33-64
1c66446a6c74f0a7d0e915227e0251a95611318f,41,33-64
69d804041d0fd3509877a795d817ef366842301d,57,33-64
1fa1116ebfddaa44394174e9e5ab7760649b42dd,36,33-64
8e8ca2680c4e85a41e2cf0ed7fb9a2276f583d5a,53,33-64
f078456e97ffe96d747e643e1750f1308e64684e,62,33-64
c6f0110a4c987557e632a63b5d5644c87270f78c,39,33-64
1dfb9f2bfea2a38d409f368c8639b50bed7ed0d0,43,33-64
d219ccd9db7dfb7e09ae1df4d25c2c035da4e16a,37,33-64
f3f9154c2bb303d4c4eaa43f5935662d1703dd1b,38,33-64
0a4de9bc82fc3c4cca472dae39cfbaba3a47693c,57,33-64
2bdd841f20b7c1e7359c2487b3bc3c5edc69d75e,37,33-64
1b59d474bd33a6600f0f998b929794c1e3c3acc6,55,33-64
981888e1cedb7b6659a4ad7d3e2c8a4d0f8e6aa5,55,33-64
db6013d77ec62044181ac3a9acf0e86ea1f1cfd5,40,33-64
4c08d0fe76b5a5c56c0177fe45d2520b4bcbe710,58,33-64
f9716c1acfe4d9bc008207395c74436a9effd61a,62,33-64
a2575fc0cdd0ceeafc237b7df6bbb741398ffdcd,33,33-64
52605276fac861d173b4c5c257837b0d444594dd,41,33-64
21f72dbab734caf3cdc32bceaa1b346560846ee2,33,33-64
da76b7ff3e3275b14168b668f92bc70e638a06bf,41,33-64
ccfb772d1143d4a48d9a1a1120b9d85088ed4438,41,33-64
0e5ec486221b7b2ff353eb5eb687b4208c9ea1b5,56,33-64
fc5a7bad1b2fb32072b277f2b641cc66be728fc6,53,33-64
91727d70a207ddd86159b2e5b2c267bd498b7e38,41,33-64
8aea6cdfcd073f2bf8ca48aa706d38caba91f7a0,48,33-64
e89a2129a0cc102c2d53c9ed3f3fd7dfe3fc190a,59,33-64
ba93ce949a6e94c9bd80d60efe61ceacd125b707,47,33-64
68fc6234620c891ea49d5a778bcaaa4709026e8e,52,33-64
8d3a9bd35b9812400a4e0df52e69cdf7523709d3,47,33-64
6b1103e721ad040cfef482843a75b2838e80a3d9,52,33-64
34bc28a61671db1afe4c4b636c844a2ea54d4bad,35,33-64
20ccb2e9824704287396da96d5970ee759cadbfd,34,33-64
f7e51b116773bcf1d7787f21219965fed4f0a7c3,39,33-64
e988a6faa516d0c2dd9b6db800f0aeef029c43f6,61,33-64
d96b4c3ed2466bf64e7c5440e0db5a0299837be7,38,33-64
451136af9df1f127ba8455157966973a747d5eac,52,33-64
8ea5d887b3ac05c32b61e69ec91af873b1bed3c0,35,33-64
4292861128580510c3a23319b80c4b64ead0d2f1,36,33-64
de3c1959e26c8ea6e94824d3b4c0915a5e2064a9,35,33-64
02b3439a181f30722354353b1e830df61a793be9,50,33-64
65b9f7350e111b8995ed7a07624e0afd71fee2bd,52,33-64
f4b4903441db9dbe2a877bf7fdaee5034da8b417,59,33-64
99d5416baa0dba0d0b6cd00ce5d08554c17cf2af,41,33-64
b0768f361acf93482f28894e0eda230cc179a20d,51,33-64
8f9fdd97fb8dc3351b1e5bce1c912b41f7f9ebd5,49,33-64
7d6ed9e4a6ec337a6495eb00364ab0ea0670d7c6,36,33-64
27c6a75abced59ed161655bb9fa5e9b04e69a6eb,37,33-64
2d66b18c830e67bad2697acae89665efa5d270d5,53,33-64
6ed28e6e19febfc5c21cfc5f2477d9f6ecd827b1,33,33-64
52ccd5493eddfed6ced652107c4461733e3f8fac,54,33-64
7b8d30e8fc1de5799c2a99a22bdeafa1b3b0460e,40,33-64
14d31b2cf92d6f63019d3e4d98b60ae62e9b3df6,46,33-64
2c41ce858da3e32df85333af3e6ec4690bc3d2b1,51,33-64
82d6e05171120a983a2a0820d258f1d01fe63430,53,33-64
827f49d83bc6837499fcacf560210a3f354944d5,55,33-64
1f6da36c767818ac12934ab6463365d5042d750a,37,33-64
1398c17e358ec032e2d90bcc1be863dc5b61def8,45,33-64
5d8c238938197f9617425f2fe59d19470dcec31e,41,33-64
9b4876ff8fb9262ced1eb6c8cd7e2fae81f252f5,48,33-64
061644d0fa3e532b059ac4aed159cfd48f6c9209,33,33-64
615036d799b2d7e4b9c72b5fdb85a85a8be29959,49,33-64
5fa6cba5c5634830db567724c4080b8fd10951a4,54,33-64
05c7f51c47b8f9968ada94c62ffebb785d633dbe,35,33-64
5ef15702fe4f39200de099f1f17436b51bddedc2,34,33-64
b87fe58c23dc453d5689a217b00806d378401bb0,50,33-64
f8572c85918d86cbf56c17a0145eaac9c16f3f85,63,33-64
c3970725c0029958993b03e85b7c36b49ec2bcbb,34,33-64
1433ba26cc281ce56dedbe2d5ebab649db822c7e,41,33-64
ee91a62788326c17d7229ff8ed69139f5caccf41,44,33-64
3f4a069a7e5ed20284e25f5022f5705ca5efce28,53,33-64
1985c44e4c47ca6f0f4d904f0d398bf69c977fc6,55,33-64
647102145b570851cd4cd1a6cdb4bf3dc02290f8,33,33-64
166da71754a0193fe8aaba7c9dedd850532f9ce8,39,33-64
6365eaa0520d54ebd9e3c655b73c4a2a1092f940,45,33-64
bfbd34643df62cd6cdfa51eb5cf529d80d95d30e,49,33-64
6f37b3e4f50dbcd4fe9cc503d0ef6b4fc7b98ecc,48,33-64
bbd60266ead80a0be8fa1f6794ebc43766f609c3,49,33-64
b4c731d804d8c2f4b963d19dce9771a4791ac9d9,34,33-64
425853249e33f537d0f5e23b94e219544dd40bad,52,33-64
90aaf13791a8204cd72739edcbf162b4fb3b632f,44,33-64
a68238cbac2a2725950797b9b537280d2279c509,48,33-64
65657d4d3bf7830e117ec3408da4029ad43af768,56,33-64
de56571637b33401923e2c6925481a212b14a242,52,33-64
7dabd504778d3e3644f315823ffd7037aa7bb8b1,40,33-64
95489dad46d39e904347bedecf5061b86903ba46,42,33-64
dc1dcb2cacb2aace116589aeb806cbd139572fd8,56,33-64
d874346f159782406ea721b1c42894eb36e5adb1,45,33-64
60af20fec5b71ffc2829a34d948debb3c0a293e2,39,33-64
20f66e7a9129b38ab038f89b519bdc9cfc1b1a06,37,33-64
c7f6a51b7ccff0a2b2578cec30078647a24a5fea,44,33-64
cde1c94f66401369e71ceb5df5f0f1a03e061622,53,33-64
e54ff821dda35e953cc75e9d9f9136293b01db7f,34,33-64
bd40c9af74060c10d7c5bc57647552f747dccf25,35,33-64
66a3dc7030c1140f9e1191ab0d9af0d9b7be59d7,54,33-64
7069effd6c68201cbbbfbe8d1b479543370fb61e,35,33-64
a88dd505d2ab5708edfb1ada7a0ee62ed87f2ee4,48,33-64
f9bfa8c2351303d0e910025c34a5d6e58bab7c8e,54,33-64
451bd6b9a3378d8c8860d7cc376b1612d743e2d5,53,33-64
8e3cabf9e27c7b86818f04516848e6a1e50388d4,34,33-64
44c0b5c4f1af71217268106b4d0894424105ccc8,64,33-64
0a10739b82f219d0f6fb5e72715af12e708b690b,35,33-64
196e8eb953ed115c73d2c981babc4acf84abd37b,46,33-64
c31b38a30d3ae3a8fe6e9e232739afe38d77a0bf,34,33-64
f71ed99da76f4ce766f972840f889978dc77ed78,38,33-64
86a8641e183b1642577f43e5a6657843c07fdba6,37,33-64
bdb859323c6e5ad12a2b45ba9405c4b7b6b6f0f2,48,33-64
197f9552b62a8302b0ecacb327d6d6c2d75ce7a5,56,33-64
246e5582f1717b5a57f477360becb7698290fba0,52,33-64
049ac8c63109a1baaf87acf6cca6a8274c26883b,34,33-64
f0622848a9b23c84ff07316a0e8d473a6a322a31,46,33-64
e39b22de22cf97205e73b70637ef6bf884baac05,33,33-64
067decec71cb1ab8d249df56f3fdb0c574b03f47,37,33-64
2c2c4e12d5ff88e1a989d3088d25abfbe87ccd61,43,33-64
60cef0e8d259d95a65b72d0c7ce57f5a7d80357f,59,33-64
a26e910653e57158a5a824b7dbfbe7ef69011e89,57,33-64
96886c9ffeb4aa6495890fc30aa4c45069918a10,34,33-64
253fe16c3820bf6060790caab29fdccbe2d6a4f4,34,33-64
534d079d507badc95f2c634df575708a94c1ae8d,37,33-64
8705e59c0d62ced08005cd141498ebb90cc4ed5b,39,33-64
b9997bb1da51eac69f51bf10bb750384f7a852a4,39,33-64
c699c39531dc3a592cdeb121dfafa0c40c7016b5,40,33-64
56425b63d7f59c83809915e4b91436d9a5ad24b8,34,33-64
3ce04fed2b1bc10d4b215be497f1c57da5d4e8d9,43,33-64
53b4226dd9006e6a07ae19c9308a530f6c05820f,47,33-64
7614d3925727dd87b0158359f3bfa467e50de506,40,33-64
c68ffa045495b58a90d9f4f52c628cffb47daecc,38,33-64
63bb53f814dcae800aa20f88368585d549592210,39,33-64
510012163df3360f2ee938e05849cd5c5ebb7910,50,33-64
d5df75010e23895a59dfca8836151359ee4b7cb5,35,33-64
101460750c77cd0db4d4b8b265b3673d879022d3,40,33-64
a78cfc7faf464ff4dfd30f7e6a55ac249cb8973f,41,33-64
1082eeed2e1f734b7dc23430b0a5cfe4757551c1,42,33-64
c76cafc14a689c3ac4e5d8464333b27fea19ff5b,35,33-64
e4e9f5f2e9e46c798e4af00a14241aa596695b15,45,33-64
96f5b2e18da9c7abbd48547646d0c3b02b6dcd6d,43,33-64
a9ea70986e3c9ce74c7aff2d3d188725368d5b0d,38,33-64
e5f9188152c2c41210ed4c795fa167a5e36edf24,40,33-64
c744179de5faecbcc89e8d23cfeb3c076a8ac236,52,33-64
22ce49ac162d2f27ba2981c95e14a1d1615182af,33,33-64
0df94cbec72974fedd1dc7f0fbcf8140f7134a46,47,33-64
11b9387472ba188b86b6741e4c494347c6a653ca,43,33-64
b2895a77f082f151fa560da73886c7739f0162c8,37,33-64
b5871708c946a4a02288e555f7dd3cedad1ddfee,41,33-64
f289099622dbdeab8d0fc4fbc23123a928105b65,37,33-64
e0b8a25a23c8e436436e6e71323d1cba8f7da858,52,33-64
5f63d7b39e483545f891395d7727b8f4b18e01b1,43,33-64
7652ecaf18b2ac5bf51d31b05edf566de986d5e6,44,33-64
a67624034b4ffc290bb5210e500f0a8393a43948,53,33-64
0c71bee77af4091d7f379bb94a671209679ea0b2,49,33-64
94a207c2ec20cd8c2b8c77657c25a3f89e5fdd6d,63,33-64
e23ae3e938c2620092324c1c63ad1bf959e4df47,48,33-64
cd8ed5cdec67edb03ff059131831df9cd6737de3,51,33-64
80859f856d83faf10173831653d9828c491b8223,43,33-64
3fecb8c26d066b92f017f5747aef7d216060eb7a,41,33-64
f9a1e4622408ff44c9785cd37360021533920c29,40,33-64
5299fe89e24cb9b13de7df2cbb2cb012dfc8081d,37,33-64
d66ef3af64c5a75f578ad57a1168b17f6ac8988c,54,33-64
16a0b722b8e8d23ff680d60ab48666b364767a48,39,33-64
8dd131ae22fb608288ac4a4a9f95174557c24744,52,33-64
3a86fd5905e134f7603e82afa1feef5d75226010,34,33-64
3082e53bac08ab06d7c14b7317c823691ced0dc4,59,33-64
7a2a082e2f167e3396f4c928b780494f053f9cf6,34,33-64
b31c8f6bd176f77f64b8ef3b98ded50352be0595,58,33-64
e3e6552ffc0a6f4a5b1b4ccd93e0d957c49f805f,39,33-64
5bfff6345ca353114cf70b4631be4f814e89ac2f,58,33-64
745748f27fd1d7474268dd1c56b1a6204eef5eff,37,33-64
0bdb84f5398b5fbf116a8e91766c4c7096b0731b,42,33-64
af5bb18e4149d627a631b5e721b3a5ae8de4112e,43,33-64
fa4bec9a3e712ac4b16609ae58571db8ea653811,43,33-64
70f5a4faf4e7bcc24ff161c795081d3d1dfee897,49,33-64
fb32db84387a74f4f06b95d1ec524254982fd81c,38,33-64
e8bed89a7b59a0255326881a812b69ea284bf2a8,60,33-64
2bd51ed2501f78bfbdf17cc98f119c3462ce972c,49,33-64
da0d49e0235afa61adbcf75acc642c0160040e8b,46,33-64
38c2c876c1dd528d5c2cac0ed0365ed48fdb7a4d,52,33-64
6fdb1cb46a3ac348afe88234daf08a4afc7a402d,61,33-64
27a4baf7cd6432f9e380ad992c87403890f4d05e,52,33-64
40e489347e8aef835f7e3fe6f47be59cc8103a9a,62,33-64
5b40e5838e914b3d035034d3fd420ab6c21141b6,34,33-64
df80b0bc8168919753796d745e9efed966aa28ce,56,33-64
1d98a50e989b87e772d8ba5c7836e8b6288f9ea6,45,33-64
47bd2dc151ce722c5b50698d195e2c11abe75ceb,33,33-64
8e1f1bfdbabd5f65f95d1280a4f78873d23ccc47,59,33-64
fec3c1d3cfbac27bfb595080b23b9f8a439e061d,58,33-64
666258369d475dd11b058b5b6d042e9b851051db,46,33-64
4140a35e4625c201b310558fc64ae36b6d6cddee,34,33-64
bf8275e3cff2f602599f6416a675fddd57e38d8d,56,33-64
3d92464e5d857b27effad283025bb6969b1e860a,35,33-64
27e33a19a6ac5e744ab376057ab24c0a3184553c,37,33-64
90890bc80cc4fec1839c2e13c2da086b3a7e907e,37,33-64
564fa368a0c4c4a6fcaac54d268621e99c9e30e6,61,33-64
32cbf260dced577ad075f65d68a0e22804d1f024,46,33-64
5ddf8a1ed12031fd5d52e08acd2868dafb10305a,34,33-64
ce01f581db39adc425089859319f11665e9490ed,62,33-64
d1bc2a393fb6e6e2cfb3b8c1501aab0099c9225d,33,33-64
cbdac384daf97ede386d1aae6a4b6fd0f1507f5f,34,33-64
b39dc9d6c397fe33b7c19f0fcf4c222ebf504374,44,33-64
3ea5a864a9cc7fb19990442f83904577adc04dfb,49,33-64
afae69f0567ef75bb3ef6d441b6a2e7eec30be3f,62,33-64
8038e8c45ad4332ad5378f76eacd27445e89630f,53,33-64
87a5f482a6a7d367c62434e2a72824e93deef12b,49,33-64
8d41eb799ae3835283e573bd9b3e00cbb6a53903,57,33-64
50a079f87686f019eefdaba8e12b622e0fba41fc,44,33-64
3a25be84507fb63a92cfbe4b51e1d6db33ff6b65,35,33-64
98fc5fd7f567d471d15a4dd99973b0b88299c115,63,33-64
39daeb0931a64e1ccc7b1bccd2f824d19b927e1f,36,33-64
c1d369546806b7d6a1d3c8922d2b6d008f4a16e3,57,33-64
c65eb9257a6c8469121dfd045a6cf1dae049a375,41,33-64
38bcc8bef1700acad85ad99bbadcdda396839e59,34,33-64
113a8eecf457a951c20c5d9e2844d106a7bd6ecd,56,33-64
1c585a520202a9a64aa067af189e1d306de179cd,54,33-64
f9f541d6077d40e90d923479bbcc41d412e7445c,52,33-64
8c2ab74211cad72ed9f6dd3e5aa362e63f2fe989,36,33-64
1deaf18db840c69aac0e321c5eefa0368d35103e,59,33-64
21239b6a021fcfa70cae5e37acf4a06a89ce38ed,48,33-64
3e6bf9a6f6c5fb13e06103920442a1bf8068bf92,53,33-64
cfca0a3a3770a90146134a8d759a644b989e6dd1,39,33-64
ac06e9eb7658898f8eb027a141790e5d62bcbb4b,51,33-64
61ccd4d4834fb84938757ce2ef63887223db7ded,44,33-64
c47ca91340f6131b090e6593ca5a51a47f6ab6fb,42,33-64
12310a4142fbad4168baba056b83e6a0cbb4a335,60,33-64
4154dda94f0033b3fc44a1747e4396cc197e0d5e,45,33-64
5a3738a4d8975e481d30f6acf42796833a817ac2,52,33-64
73ebc78db2c364d02bc5b07623e41ff9db3bf84d,43,33-64
d17f05e28457895bb5fbf362e0fb97114f255464,41,33-64
b4a28eb8b7fb00611b149e297a01db1ee8064c13,46,33-64
e9fae42de6c47535f8497475b7d0beae253a3ae3,35,33-64
7a003b417d46b5064f119870c02d83beb66cea84,60,33-64
3625a4077d13c7e4a8d19e1b45bb1bcfcb3ce3c7,41,33-64
9fbd5a950af91ed8b3ede264ab1acb35bc9e4332,45,33-64
bd899a65560d8f8cb4fa0e58f99a2c762201fdb7,40,33-64
a84bf9aa6cc53616d5a12eea290a47d452367188,44,33-64
83b8e42d8792642706e08b9e5433f17f24bd686d,46,33-64
5b48939690a16885c19a076d0779914f70c23b68,38,33-64
10a3521a0f9f450dad3006d558bb65ac0dc2db41,33,33-64
aab2331c92f15098e5285d96bb9990b5652dc8f7,38,33-64
16709d849e638924ac5cf26e0b8054e03a6f0b8a,42,33-64
f6081e303f5a85dde5319b64ea2ace700307fbe9,33,33-64
0b0da28a871981dda22625d6042e9b49e37943fb,48,33-64
79fb49f7a62ab88bb0b93cfee05825c26bd6e11e,37,33-64
d07e55ddae2e0a48664c983b2e5c20cbb59f38a4,33,33-64
1439a21c27de90661eef228742aabf4f4c7d1746,37,33-64
bb87877e5dd761ca97133cdc25c3b078b2983c4d,53,33-64
2d417f122c70a94e27693da04a83fd1e70d8791a,35,33-64
43ab398b4d18581588133aab058b4a0203bb13da,55,33-64
d9c5659582e8afec2be871aa4c3fd4b09b8174fd,56,33-64
873a4ec8869acda82dee518e4bf6c6e86646256f,40,33-64
fdad2c5e5b76fdb3c503ab165ed6511f8aac813a,45,33-64
15a46d0e8a119738786d94e39a8f9aa1ceeea880,50,33-64
6cb29ad16d27906d02b96c2a2909194360d26b33,36,33-64
354c5b816093dfbb981eb890ec2dd49f8ed6c0b3,63,33-64
7620140acb3eb0ead51a77aeda52241e548c1c6d,46,33-64
66737b420ec2bee7260a08ea865b6821f66eb756,44,33-64
949092cab61521968e926854423c88fbccd257a8,33,33-64
3366abb8547d9e65aacf18325a137b4c997ed24b,53,33-64
aebac62e7286e5e9f9302fe05d29635a5b0ddcd2,64,33-64
fe6046f4e9ce9a93eeeb0f9f3e5e13d2b0484a04,52,33-64
250beccc6a99a7175ca7fb66293c18da5e4902a6,40,33-64
afbb83c34397d90a96327978c4d76765b7aa9aa8,49,33-64
17e7eaf9bc55a039e34df8addc97b96a03631425,53,33-64
e4351d3ed25efdb64c39348ee75aad10f6ca67a5,57,33-64
44795f4926ecbd0c3e11b3c77168e6d18a14e305,45,33-64
ed90f34ac841bfb9a5c99d7018c7fcf4bfe2517c,44,33-64
e9fc727019888ca7a793260dd431c72ff21bb8cc,36,33-64
31a630a19770279e173512ac335e9377bd2c5c90,58,33-64
3627960f6e9dfcc01df192a71fc623066a5f12cf,44,33-64
1b7d699e508f258a2661cb058aec30f3d9ec4ecb,42,33-64
ac467886f399eef68059fc5218cfbc55a618b873,37,33-64
7bf70d6dc33a0252321c4776827be312ceac69bd,58,33-64
84e260c7466115993cf0b499b76c659a85eb7011,34,33-64
1b94be07cc0f95cd285b190252acb1dbe82f112c,33,33-64
8d6f9e7a93c2a5ae8c846fac7f6d74cfc3cbe109,34,33-64
7001ffd45db621cfdad55b60b54f47199243fcc7,42,33-64
f4fb72ff1a6a53c2e8a3267bd1f556b38185c3be,33,33-64
95e01afea6ac99101eb12f3f41b0a92d5970f888,42,33-64
2a994547625da30b06f6d678392790c387b0b438,49,33-64
418e8aa655b89e7ca9753813ba198591146f2df6,49,33-64
a1fbe2f698298ec80ab65dc5f79c1a49c94af871,39,33-64
207fd2872aa0c2f91e38f9908198c6885a8ebf25,46,33-64
b9e509bbff8bb77089d1114fa829be9be2890d35,37,33-64
dba920354a161f10ba3caeccbef8546baa4ee917,57,33-64
7b1363b347657445b89bcd1b37e401910c67f15c,59,33-64
36b765cd3870aab4b2e22d0bda6005fffc811e15,50,33-64
1312e8767f16d17bb3fa20efac22f306dfff5621,42,33-64
bd52dd8e45b809fbb11c4fc8134c2406fe46e539,46,33-64
db7eabfa52f790d8dccea9e70737b79b6d3b1831,39,33-64
ef4ebcefbea7bb739f07ba345ea140c6133059d7,38,33-64
12e2caae7d9bbef76ddd4fe0a5750a2561eedecb,35,33-64
b2ab02fbfeff5839f7143177983f09dd18aabe6b,45,33-64
bf9b1c18478076b1bed6f19d16857ce87b2ec745,45,33-64
6f9a8b28fc6d4ee50465d43998f019daae06a561,49,33-64
0736f5bd378a8b4f4c53301ca0d93b835c661feb,33,33-64
daf91ff5ed6a9a9b850de2a7e7527395a0d5d13a,53,33-64
eb5ee58af852832eecdee2a7c77133c35fc5c944,47,33-64
3953fd8ffa8eb041adeb81d72184108111cbb558,53,33-64
3b0b2ef807bcee91d6949f941da95f2242570636,58,33-64
4ccc1d6b6f3d645eefa9d7f74be0432ab88081dc,38,33-64
1f86a8f5ed470b0304f1eca7f8d00658e8b03b18,47,33-64
e4a3bb07e8e8873c02db1c6b360d95d10d51c579,36,33-64
8a56e0d5e4ca892b5b048e772a566631e6b66816,39,33-64
508fb8fbf348bbe4205aa81e314f3524eb4aee1a,57,33-64
a8ac145f8131aab3453ea9610301edaa7ffe5329,36,33-64
dfd332ceb1fb828c1e84bbfea61e06fabf951486,44,33-64
55067aae2742009d30a7a7ab6c4c4ee1a77ab5b6,59,33-64
1f2e0bf2cde58910bca455aba8d247ebd33cd34f,43,33-64
bd04d9f7759b0479cc14e4d4184c791ffc6cae02,51,33-64
87c42a0c6608c87c27e8d2d0dc22452c8588eff0,46,33-64
fef80706b29fc2345c8b7aa53af1076a6afff5f1,52,33-64
50ffb445b6d1eccaace12c07fa919872cfa2fa7b,46,33-64
c7b53fcc84c36bbe9eba7f9bdd54aa1692b539ab,54,33-64
8be2286d55fe79753cf4572250af112682054443,48,33-64
4ffbb91afaee2b08a4f961457da73de005e4610d,35,33-64
d686954ac7e32299a8d841aa572ed2030a63ffc7,58,33-64
d27bd96d8c013d6bf251e5ca21e97cea60165e26,62,33-64
918bccf78df0a6ee860075f29da81a28cca32368,46,33-64
db73a63001fa0cbe06a853f2b56d4c7ab332786a,43,33-64
d2fa74932f2214b9f5cdd8ff6d26a6a14278bb41,54,33-64
68105980272a543893ac04309a40c26ec23586fc,33,33-64
20e62575fd5332a33967076d72dc62e0ed451dd5,47,33-64
b8ee8f32f9b0d541af7148bc2bc189a37d2e1066,33,33-64
ff65feca3a75437b57b0c51386100e27b1c8be95,49,33-64
d196d005bd2a1a1cc528f37264eb201c178beb01,37,33-64
91c6e21ab374f0bd0fc5daa9d4f0beae7dc8cb00,37,33-64
4df80c6672f38158ec058a50c8cb99a68e2f04d9,55,33-64
8ad94e056f548b208b0fa49427dd640218ea6446,50,33-64
a610db5bf0fb96bbe724bbefce6e001ee6a8a021,60,33-64
322c8de0d18e599b0e69bc2f4b2c9a2e42b6a8e8,42,33-64
eda48bfe9cd1576c97bfc35d918dc65761123daa,46,33-64
b67b66c97fb305a5b1b75f8ad6d6458e97c9676f,41,33-64
fc8cc1e0d8cda4e0c02e6fbe09cb5a8ee8c94771,34,33-64
92ea99517fa370693546a99dd9f9f8c7f9a83298,43,33-64
5b56eefbf6ec6ea1d08eb161e7ffbffa9552fe54,39,33-64
9f443641c27a2a4f97c70c81ad97c5df106b1193,38,33-64
3ca07aa68f929ab2b3f100460e9259e22d2d4adf,45,33-64
2aea147242e45147032a001c8ecc39929342b852,54,33-64
911eb67dbff5f967cb08a72ce44952f2699ac18a,56,33-64
7887eb60ddc309e3d1e9bfdca766dd65dc051989,40,33-64
edfd1a7eee7867720870e4385cc416b6d0980bc3,47,33-64
0f38ff1175101cc0b920092d881cf8608383ef14,58,33-64
511ad84ee02d66d9b25396717495e13cdaf8a75d,51,33-64
770fc2701f27ac444f0024a57e6cbd33306eeb94,43,33-64
b328fd105b0b5e7d93ea14b6ab53d498c145ba0e,54,33-64
2f681617d27bca11b384798740dbda73bb036105,40,33-64
7adbecb59a46041784b80a43296e00fd99ff3710,42,33-64
944e59901a83d0ab961d0189315781ae31035371,41,33-64
92b0d328fc9cc0666fa83267a8f1b5903bbfec74,34,33-64
3c84889618ad7850eca3e3963c916c36d17f6de1,50,33-64
9b463c04cc5730d810d3f95874e47d4e742ce210,36,33-64
7ddc443dd5f6db15c4d0d59b004f3d0fcbf991ed,64,33-64
3ec5a54c0f3622b281e0141f00f865ac4710faf7,35,33-64
197ab62fc5cbd7031acf46dfac86275358d18484,34,33-64
e2f18ab754f48d673a8a7a93023877b1f97414ce,48,33-64
7dc0a7d2698a053ff90bae390fb45e00f09ffe10,37,33-64
f31aea5eac5b975cb16d0fd9062259b8509ce977,56,33-64
744c2faa9ce1e4190b84a9bfc1aa3f40d153522b,51,33-64
f83d204f1a5e41576017800f104bc1f22e0be772,38,33-64
1e957ae34e02c720ca92a512284c9003b872adce,77,65-128
1695814f8d065fcb580eecb0429e980c93f67518,79,65-128
42ed4d599700fa118bb7ebd09a56999651a612cf,123,65-128
683b6acb824041be413841aa5c5cf30767d6b7cb,78,65-128
7a2e820ead110a23841c2fc33e9ead646bb56e85,95,65-128
be9c04412615a91b59d5a1eae12afe73b868eedc,66,65-128
3a82cebc98cb1b84af9fd06f68987ef40da9757f,68,65-128
04e588dc67f6b17c146f573a87f694234c522974,89,65-128
f5e8af216c7f136947e84e8902ecc0ad68b78ef9,72,65-128
ae005b938f60fa68588a1dc34da984142bcdd1db,70,65-128
228417a6037ea3fba9fd9b25ad5a431e4988661b,106,65-128
7f0c7d6b9a129048f66fa191050355b2938f8cf2,83,65-128
1cf9f1522dc81f778bb8287d2b7bc2a7d2cfa61a,98,65-128
15b06b9c040a09cd6a67bb686a8a5ca90f5a34f0,73,65-128
d70f29809ae3d92534808702d2b2b6d1dba14d94,74,65-128
c2c8c119a19156deb354c9c2bc32e9f0a0828048,98,65-128
90b9ead218d4e5083acba9ef08549bac5bf2b37f,106,65-128
b4c880eb33eed6f54acfa5954c0aa27c09da202c,66,65-128
763a0b44a2cb43508e8e7bb954a7b977d676439a,103,65-128
d6a7e22eac3b6583768fd69f5743b4da501b2dc5,72,65-128
033270f7ba7b63e54f63897437c1a181e4dee7d4,73,65-128
865ebd1eee96497e85dba3fec97525fc70bc22e0,77,65-128
5130ef0a21a5c4560cb944799fddbbfc7bad52c1,89,65-128
51ebcabe60b018fdaf12687c16c9956c89a271ba,72,65-128
74e363706334a7337a0353db67fa5330b5d3185f,119,65-128
7f322ca0d572fe925ce9fb7b8e73f71f097a3f10,73,65-128
926fb7ff8335b743b4f618c26105cd3e6234aa35,69,65-128
9f5cd98d2f361fbf77f468b4f4e158eaf7029c9f,66,65-128
3b3e2b400cc8d99b4888e365c05904c288d15076,83,65-128
e2dfd6ab9ec0bca5331c7d8ad6e6121a30b9a4f2,105,65-128
160c004aa06990f5d873cd9ed754c02fe537f0f8,107,65-128
08a0ed933f3c5d514a919aacebb3c3a1e4e2b3d1,75,65-128
1fc8134cc7cbff5d8570b3491b2c567258a410ff,115,65-128
d3835377cc3a12b4e5cfaab61b69fa5a81c65d08,106,65-128
1b10ae7ecad78e2844dfbcd6d4589a0d1e751afc,120,65-128
366df9a82d233f3f348a8e1ee6bb687a2988aedc,99,65-128
6873b9d2ecdeb3be2209489dfcf72c2870b3f345,78,65-128
98c3b0af0f01cda441c0ffb48ab3148e2397309c,106,65-128
baf95f8d626d704a07ffe12416ee3d83cb4b6f00,107,65-128
76925f29bb4a533e45907636988ddb051aac5b30,67,65-128
b0dc968b3f062dbce63fa889cc607f37f526a606,108,65-128
58604588769d62d8dccffa204671f3598db30044,92,65-128
1be2a2abd95b29e23a92ff81dc7c8b412337ae1c,81,65-128
131cd761d791ddcf06e0c09756ff66e3f6754cfd,81,65-128
677cd7240729a575df4b2d76c9415ca0ff1074ce,123,65-128
c0d027f8064d7674325f5970a8d0bfbc54c1cb8c,73,65-128
f5cbc04487c9aece0c781d605f300976be7ac664,72,65-128
9f0594ca4c7560be9e444cfa086549bded8bf7e5,90,65-128
ab4224feb2068b9d70cfc5fc0f161ca4d6b4ae53,95,65-128
7626ea6e7ce73dc4e826a78d1ed04eaa562acd54,82,65-128
5cfcb6eef7eda77debacf9311fcd8a8ca3c9cfec,84,65-128
416bdf4826adc63b827bf43c3549ccf653540d32,75,65-128
f515faf0e0137382414ac28f7aca1108e1d19aee,65,65-128
80e6619a8633ee49ec3b04d210b26c89856f4b09,70,65-128
b70702055e2f2474ffbdef4b9a595c43009e1ff4,118,65-128
0822533fc28fa9d5df4ad57edd96c5155c76cc15,95,65-128
c4272ed4765fbf3820ace3d90e635d1f0e76f6f5,67,65-128
7cc8e3ab2b1b10841f173b1d84d6b6eb4b8ac1de,107,65-128
a1a391c1e350d0d2aa8407e1e2581b3efbd30fe1,108,65-128
4981fefd9e80df98b7b1fc66c672f46b2261b741,98,65-128
6c6b26733228b2d8bf66e7d2642670a1cb19598b,91,65-128
a57aa734b2d881a00cbba68eb6e8d2822fdbde86,111,65-128
8dac5f8bf72c998f3030b238f23e44298e3a012f,75,65-128
d049e73358df7e17d15ea1a8a25d64f7fecb6930,70,65-128
6045f19a8a0f90f2de1696257bcd5d357479b27a,74,65-128
a80a71c34b17563017bbe819ed2791debdb1ad27,110,65-128
2e939b21ae3362c4bbd532a09675eed020d31c90,73,65-128
a7048d2095fdc2ea07a6ee8fe89eb975cedbd994,82,65-128
c545a4c2d482eb1b15cb935104a80b79b6175f87,99,65-128
1141647a57413ec0d78a7027f38e1244b8872358,88,65-128
045614b46fdd87af6e0df28e5655354fac6db176,95,65-128
ee10008b4d9ff4ae90adb26be152e1a7c70045c7,94,65-128
d206319946f7269604b0482777e0c246ba88d08e,68,65-128
007730b21a6af25e45aec4da4b82b298bf05bb41,98,65-128
24b9ebed66bb4740e546553f5292ecc42562e91b,67,65-128
1ba0ec399d70a2c7e5ddd7048ccd9fe582cbea89,76,65-128
c0308d572ff04daaae0f5f145c94886f775c9cf9,113,65-128
6a250fad8529c8859c0f173137844f24e24b6bc4,72,65-128
78cbb97fc141f65f493a55ead102919fc7adbe86,102,65-128
dbf7505bb7496aead67dc92805a39b9e8c946f4a,78,65-128
6d27e51716ddbcd95a54ce297241786f13463d74,76,65-128
089d893ff677ddd0d7eacedc9a711fbf30464032,114,65-128
99c50ca4a95f5be3fa242ffc2709f9404b4eee4e,122,65-128
a05e37beadc5d03992947a6e0e5590e41ae88348,128,65-128
6fffb84edf3d4ce803fee1ea674dcfa5d5217895,128,65-128
d9754ece9a9418d0e2278253da989b5f4750b10a,118,65-128
258817b3008f0a4371f8c6e29b081ebd017f37ca,100,65-128
54ab561e3b038ae08e8c7fa609d958287f6dfc60,113,65-128
7b2049ab1fe3973ef277f8e6fec2071e38589e7d,68,65-128
2d100085e68cb2ea545d1f369f12e1dd6dd7da20,74,65-128
4bb01601b7ab6b58d8ce11560edfa55044c66510,112,65-128
b5cc236139b74247616529c8e39ca9fbaa293238,92,65-128
ff7981d0c530fabf444290b1b14aa6c43b302847,124,65-128
f5118b88b0c1813986b40431ac44d1d17b09e1f6,90,65-128
211c7c50fa27cd9a388d6185ca7822cc2792d5aa,66,65-128
869b524b18c2e7185309d1c3b992046cf44e3856,92,65-128
b826295a9b776428f19f153572c27156bae622a2,118,65-128
547a33fcc15e6ac4072223d71ca07d9ea8f61d2e,97,65-128
c1fdbef62ff5386978bccc71fe1f2df919dd855a,90,65-128
67e33a2ca7687d79d621ad803eb688fff97c5cf5,93,65-128
4690d8f1e5b23f58b1cce8820926aace74403119,111,65-128
c56419562ffc51eb3d3994b84eeeafc8cf25d4c9,83,65-128
320c492a0f725571bad06c2e0f06dd461b8ca06f,123,65-128
b9fea14b8c160f6e3e6f10b1e99f893dc1e5c3e6,88,65-128
e3d53ae8749cc3f941ecaba1188c485233d084d4,111,65-128
06309dbb8d488e9c06c0401d6ccd77b562e67910,67,65-128
94115154e6f37451b2e0b6f1dec8a3065e10c036,103,65-128
f4f89481423e3f7c5679e332df65f9be3bbf9a4f,77,65-128
e810b8dca00d8eeff63be9f246e87f68f1674fa1,128,65-128
57cdfd94e4a8ff3994cd8ab5fd6d46f0de6b9087,109,65-128
52f90cfc5a5cb9ef54bc66a41cedc0dbc48aa876,104,65-128
dad402aa7c2b0a4b947591be2633ceeae7238c4e,70,65-128
7d82aff80d499a12530ca0e3c85b1b4e106a69df,71,65-128
341ad121f6ed75fa7f2f12fcbfa554a59b5c4599,108,65-128
e710e9a3ab640d8a3248654f38c15c824fbddc02,68,65-128
c3fba8039cf78ecb0a41b1ad4f7285d5c5ece105,70,65-128
dd1eb6998ccf4f66fa1d12bcefafe7ad014b0fe3,77,65-128
4591547f2f385a7f2130bdadd24fe94dd80e21e8,66,65-128
86aed102f7092415c08600e6874707b791c14f87,83,65-128
7b0c5d6630582d7f4e5a5aa3a5b0ca5015de0c93,71,65-128
3efc97789b8054f97830fba1c32bd9d86484e6fb,96,65-128
3d1a9c602395968f86ca231ed8edfffc60b6b379,80,65-128
c235db92e41ae7f225bab8f736c6d8e0c075b56f,72,65-128
9c6780a8bcaaaaf73164d08ec5275da48c99cb3b,112,65-128
3f99a0009fc9d6fd2307cb40b122c7c96da7a2c1,106,65-128
78dfabc08ca605ca91abef5596a7e9b84788925f,70,65-128
4da6f6bcf405270457eadef9642697833439d984,92,65-128
b9c638f7f2ce5b589317afb9b5121f61dd1c153c,104,65-128
d1d495061a772431d8382f81e610910eb36708be,127,65-128
6c9cbb89abb3d0d6705e87faef69adc702780e6a,82,65-128
d079b1a82e4855b0cc79137fc2d64de48c03d2b4,97,65-128
2c620bcbdfddf2c2afca45cef4a6d3d17d5f623a,87,65-128
2cc5b17d1e53dca6e405b2383db534d83058eb65,79,65-128
10cb864820c28e9edfa30a9aac947082cf6fe4bd,91,65-128
8f6af9c730203a19f4530684fc20a8594cac9f9c,79,65-128
6bd07d0cdfd24408912258da957d51e54a288442,88,65-128
6988a11e6c0ffc5883ad43deed8f32dda7896378,111,65-128
5990e30af88fe85c037162089b8b4adaea369d26,118,65-128
5f5e4988d050dfd3ac28d9cf27f92b8145687f9a,70,65-128
9e023b3a8de1985037212a5f35722c7274893e04,67,65-128
efc44d8654d4f41c028f3899aa61e04729ba759d,124,65-128
394716a37058fc5bc766c75f6dd30448f91a5de9,74,65-128
0100f35dbb75c35451dddba2e9c0dc006cca8b8f,73,65-128
991d68224ab1b33083677ddeb58f278a6eb1091c,115,65-128
0b0efad3f759e440d3777141fff33814a3dd8d04,71,65-128
2244320ba2440e703bfa8bebfc3efa196620fd40,84,65-128
69dd4f62008b55b5255849d1c23870fad210f00a,98,65-128
41662af1ec7d3cd82b59dafc63c56a1e097fe8ac,79,65-128
30c4a81a84ff1590c0fc04b7548b78e421ac2fd0,66,65-128
4ffb329d6f08ea6a63b7eb581a6daf153be81fb7,71,65-128
09c3b4242dea28f837fe560c81896ad278f48bee,97,65-128
61fc7e803635657e9148744862a6eed46dbb72e3,97,65-128
132e30576c10fef3e822b25d019430fabdaf0c3f,105,65-128
aeb5cc8e7b6ec6980d579b1ae033152fbe7c674d,74,65-128
b075f5347cf430530a90c059db56f15df685988f,91,65-128
107888bc3cf9bf8dca56a3b2f37869cd6d400e57,89,65-128
69f0e13f25af69e1ba2497d3372382d188b1278a,127,65-128
78679556ec92053f6cd920f22859341e17d24768,108,65-128
254e66e41203c03d497d91971b7326dcf7440696,73,65-128
439888a8abfe7ea19437ce6810c8326cf73d99bd,100,65-128
97802cc3eae4185b955a7632fac0827ef012149c,65,65-128
1029baa34e0730c85cdb6ec828f69501faee91c9,66,65-128
9895dac9ba06f2a294fa2110418c783a4e18c63d,87,65-128
d528a3bcb2938c871c924fdedcb99cf46b5e0700,81,65-128
ffb28ce5dc41f78324c700f8566fbdeb8ec477b0,86,65-128
2919a375030ab1f38ee346295052a9329516edec,78,65-128
c9057e8573f5bc7067ce046ec58a44a947ec1de2,88,65-128
270e8257f5b1e33f22202191b118ab59c5ffb44e,114,65-128
cf3165e1133923e83dcb5c0dde4b8fa1f1b224cb,78,65-128
d9edb06e3c5167965b4d503458af9af4950c7f8a,101,65-128
16d38ee693838e6845c1eca30c560e1acdc9258f,117,65-128
e4efb821c1be3040de1c2de23e22450c90b68b1e,117,65-128
7e2159fb4715451e3372a0f182ecf5ad84ac0d4c,97,65-128
1f35c5dfd582e4cf86b12f72345a0c39f62a8500,90,65-128
a410127c05b42d49d56962be306a606195426927,74,65-128
512182f9d33cc9f6b01d90f6bd964b9a548ffb0b,83,65-128
8a8b7207d2b79fc36acdbe50fcb8f251dd4d03ef,117,65-128
261d8ce76b83421fa4c4118b94871da64395f82d,91,65-128
1b39f4249030fce7240c5648ca3410b6bd3b0851,126,65-128
19a55bf0f8fb1f58447ba0121c038f163ec8d535,76,65-128
13e4755d91507a9b232fc3f568e523f270de107d,107,65-128
214d8d46e164ab4082ea56446f05a08bc77582b0,84,65-128
805de6b96cc38cd0b23c4ae60a33ba900a3c99fb,68,65-128
7c01a25d1f870d130e3af30efe326300fff78131,75,65-128
0bc906a8d860a534ad0014387f4c6bd98f153616,72,65-128
1a2e771c4f76f19b7057535981672b14baedadfd,82,65-128
2d27562b3679c5d51065f12e148479cc64f1b5a1,65,65-128
4ebee5637a1ab3f557ba9dcf724c940aa77c7d96,100,65-128
4bf634d2fa462b5442b213a440a47b7b427c2544,75,65-128
bc4f42b3962a8c5e447b0aca0f4d83c128794ba4,75,65-128
0a541d28b027b59c7fffe6577175e8c29621f2ea,95,65-128
9540dba8585608242e38e4c965978eaa717f0510,117,65-128
42724d351e47f420554093371e5309c3e557b75d,75,65-128
f00a371dc6788ca9c4e0cd82cd66163ee2f7711e,97,65-128
010a15e5a25796b40f5b2b0ed96f40af6628797f,65,65-128
67c2369d1c13c2dd4d155d04cd281565788ad8be,121,65-128
2696f6e3831ccfd0aeb4ff46068c5dccfaa12d6d,113,65-128
b297c555157a4827974fe7bdb04e478c91a18e53,95,65-128
b4b72be06281d9b26030d587f20590614ab83579,78,65-128
3327c033771564f04fa6cce5218772662e40a9ca,119,65-128
0309c16177f0cbc58c062b6821016941148213be,105,65-128
fd85718ffb5e4c04d61d8d7bfce2505e908539ef,106,65-128
c9f06ffe58c98e1f04fbf5ede633c97d7183a82d,106,65-128
e15e0aa978ecc88c59fc7b7a84a5f7592559e917,94,65-128
28c05c50beecc1c2cee7d793a2a4fcf38a810651,75,65-128
a8f0d492ebd4a4ac5254d9856107fae6242fe412,93,65-128
36a7bc4c43bda3230506b140eb0b71083bba3704,93,65-128
b4302ea8f0b77eb495bc598812d6be7a3b9117ba,81,65-128
0e6d1818ccf901ef9cd032cb6d7fa0aabe14a837,71,65-128
7897b9922651b6695eeff01902ea17969315f398,70,65-128
a4bdf36afe958afa731a47323353093c33f46e5c,65,65-128
8589983dde54f0b992d4070dcf670ffe4ce28faa,76,65-128
3c984ff5eb671d903636ce84f47b0449458bb231,93,65-128
14b7f5c91a0300eb8867170a77eea63706ecb388,121,65-128
3b46b130e8aea7dac0dc5253ca3966ff0c2f1903,68,65-128
f48d5d63e1b9a1e8b9eb83e997ea32d2535d7558,107,65-128
cd738ece13495fce31b1bff59d75f7ce95910b19,79,65-128
6244767341fa9786bc334ce7775d2fbac7ef1591,81,65-128
e99a66b951afdf5f12318a1874b9eb80f3d76024,118,65-128
df5d2fa9f47b15a0686565231deb2919b1865891,124,65-128
3cd0eda8288e84c59cc6d865a611fc9f13d3fa5e,126,65-128
bc84f6598c6c6782588b5237abfaab5303c71326,127,65-128
de99bf22abc2469b79e93deafdca02cfbfd66f91,103,65-128
3dfd76e4b5083ee71049099c3105e8af69edb44f,125,65-128
ffb077dbce076b89514dd12cf7837225d1a2526f,112,65-128
ca09e6a4abc9adb1181e9191652e5a493d1f5425,112,65-128
701b352b76d814b3b1ab25c9f2a2a57e3ced7214,118,65-128
fa3e39046e94452d3149b287ff90021e6042a7ef,72,65-128
beb551eb1a319fd8bad2b51a1c83683ba0998557,98,65-128
5b365dd92cfc28678f7dbe7865f67c564310d298,66,65-128
75a369f9aa5c2fe1bf7b96f01e8af6e17453b1ed,89,65-128
1ec9266d89dc1b25071c89f2c35f4aa50874a5cb,88,65-128
fe75c236ad7c1135a52b3698a392d620dd39b272,65,65-128
49be9dac5922109186e94f1983cb1f5f62339cc1,65,65-128
d9abf2a143054d43cdbb9012e116a77223882ef8,117,65-128
4c73978f1c922887feee209aa3ded1a45171a88f,67,65-128
7c0d142a394c6668140ed6272a1e72c457b5b246,86,65-128
bb4491b986e05c87c0a416017317fdd9dac00f4c,66,65-128
760981a6b69ca6772bfc6db9b0edac1de5101d47,76,65-128
d4426b961d5361e43cbabb0a4e197c17c7461aef,87,65-128
29a0ee529ac94dbc4fcf2672429d5fde50d644cc,75,65-128
df1313c4c404f29daf9327a52b24efebb1963891,110,65-128
e0667d11cde29250a364e3e8b6d6a929b6e09fed,112,65-128
51927d7dbfcc22bdb2640da09b89fb82b5f1f114,95,65-128
a119f6619e6c0b1dda8c1e689f7610b52dc49094,113,65-128
1d0e2f5e72ecac2e2096bc9e3c2027d34e2beaa8,66,65-128
431398611ba00fee417f44f3ee9c06785d15672e,74,65-128
542c990ebf9186d6f2b7c3dc178bf5600f6e501f,75,65-128
7f3da2c89c0984f3fc41cb141cd3bd403edd8acf,65,65-128
aa00dbb49a311599a7ec9f4c0ab59f996fe9f79d,67,65-128
aa04b63591623069d1404760285faeaa4ede6e63,81,65-128
56d21f0f177a70f5858bcce0ec1c2efdabd60993,93,65-128
302d06085cc2da6ac92f11028335ca538a8788ae,104,65-128
f7f28ae660730f865fd83ea22394355d3ac4e027,73,65-128
6dfaad84740f80bcbf2856d8ead692900d9c51c2,75,65-128
41f3df82a18f85a76b25994ac1295490d08a3406,116,65-128
47425985f4970594f59ae81cc60af69b5c8fe6f9,94,65-128
61c45d9554f8cfe3bc12b92795ecd45f58a84300,90,65-128
dafd266c6ee12ed25ab1bc6508948b1d899510c6,86,65-128
65cfef56382b1a5d3fd4787f869ac311693960f7,93,65-128
379cf684e4c9dfb494a9f4b445e0f4d562d41da4,67,65-128
0c66061fe687cfb2b6fdf716e87b3b5bb3c3b84b,100,65-128
5dce90753afa4995eeaa5fd03810dcf629930c77,84,65-128
183d72bb94520de41880f1160c8538b3f109f618,100,65-128
dc2a27123090c70875b66e26d21f22d290036ab3,73,65-128
c5f17d61ac7d110ce867fa8001fb92188357bfa0,72,65-128
9c0ce060db53784265119ab62cbe4ec00a65d8a4,123,65-128
cc8aeda6bea4c4d2af8ec5eb7681c8844422f125,74,65-128
ff5131073b88b89c136a4bef62fa0b71b9118947,102,65-128
e67afdd46dbfa6d26db5140687fbfe10217f54a2,65,65-128
a0548041eb9585f74289c629b9f0418bcf37b845,95,65-128
52bfb6f4e61f73b2a03055a7da7ff6e60c97b877,67,65-128
30895efa06a0d1f52ac111b42d302c6e8fb75d03,72,65-128
fc115f5bafc3e4c6a8fee2d8eee2c9f55b2077ce,66,65-128
bd56522a1caafe3cba01e1dde33ac760a944cd7b,108,65-128
ccb7f644dbe61da838f6aa66882cee3348ab53b0,102,65-128
fab3d6e7328e122507066f75f7f9b304b9bb8127,74,65-128
ed568b5531e6c3cc02598081999c25fa7846cd26,103,65-128
51a8f6d7c6ecb8920d01c8fd8406272514f0b700,77,65-128
1e9a96290a82a09eeb1b3bd06bc938a3488e6cde,88,65-128
929f3cac7f85628251e5e8306d05c716d09cf331,87,65-128
edcd0aa1a99116f72628e3c3d8e0e05b6b88750a,78,65-128
ba4e35398606c9a3fb11e86a1a91734c36227dfe,126,65-128
a607378b7c8feef1ac662aa0d57742172adb979e,91,65-128
b9d983668658df2d42c8be1a783b26163d19321f,84,65-128
890a4746a7a1787f3ab74a93e0079ee5e37fdfc2,97,65-128
bc5347ee5a3bf778c20a72b9834e5fae0514f6af,96,65-128
17749fc5efc556cb57883f0f684755928d1af488,98,65-128
db4982cf34255a022760f0a54dd383f6c6576e3b,89,65-128
655ebd28e9abc03c9ce7f8986add56cd5d41a7cc,120,65-128
cc13b1f9af400b92da1086749ededd99d2a81bb3,77,65-128
258be0f2aeda01744f66c770f61e4855573e7c6f,69,65-128
d9afa07fdb57d6e89b4e63ecc3b882aa3c3f3793,113,65-128
71a9ff234e48bc4aaf0a0b631816957af6b71e07,91,65-128
6c24258c37bc8d448eb6630c6aef13bf92b29893,91,65-128
6bc32846e5a6127ccc269e37abdb785f17997a22,83,65-128
3122155c82f5d558acd7d68295911d88770e953d,67,65-128
789e34a4232a0204fc14c7cc0692b12bca469c43,69,65-128
a2e275271669feb1edc9483faed764849911b8d8,76,65-128
fb327d7a7d2da2118cf423248958e1e54293a4ca,94,65-128
02d9e9e5735c09c76cff8533eb91b47597dd3e1c,79,65-128
2c905245d7aa659d15488faef18c478b6e5f3a71,67,65-128
dd4ac865410096ba92a89a0b710941ffa8dffc6b,80,65-128
eade3663620cf619032cb23b379a5f3bf09cb5c6,77,65-128
7c0963628f4dc1b95f297eb6354671aa491fe45c,79,65-128
0d763b4ca2da99ac22b2d463e691ecba4dc8c07c,111,65-128
f46b102ab7af7ed1955c7e7c21ca6a91909fb22f,70,65-128
eef9f033dbfdb140042e1070e8052f1c022fc78d,114,65-128
3de1c9860af546ebc7404cc43be2111ca8fded1f,68,65-128
8dd51e1e50b9b71c4f2264bc4ef627d7eb13d98b,97,65-128
c162353a606310d4458a6d35c267c108df736107,118,65-128
c6576c621013dc17df81166d8383dca4d3e566ea,85,65-128
7e8b8eab0c13f5f49a507ca1c4b4ff978fc92161,65,65-128
33543d15d1a6b32a85aa892c4e26befcddfdc5ff,65,65-128
57f6e944d3dcb10d0738a5c3965ef949cb199f36,88,65-128
1ecd805f8b82da7e1d00c4b5d678a4f77a0aa888,86,65-128
309cc2f03a85226e625a116b9b3e3051b4ec3e74,121,65-128
71de4701407fc8246fe30a400517c2d2792ffb9d,110,65-128
09495bc975b53e84e1750e166bb614f803c75365,101,65-128
36f4680557c1e2f132ec67d1597d2d68a4aa3e3e,120,65-128
e0dcaf263149720f9bd273d4545608968d9c050e,81,65-128
fd5bf789c4bdbe8f8b2616cfc2562621e7902d2a,120,65-128
e54a4a7bdcb71dbaef6c5c64fa50a8cb8ee0e133,77,65-128
5623ac8f2d1982932723551d208bfc1ae97a3299,100,65-128
0fc0ca6172987d4cf872eae1a0f66dcd59f0a141,118,65-128
022b7670a8244e17cf0bb9fa67bfa49bf2cd3f12,79,65-128
c7ffeea4c04b32be0f27fe8c30aeadea7d35322e,82,65-128
954917f1cafc2702b700ce759f060acc3e503688,106,65-128
2009684f0a3f577ef3aeb0eef2b96a844937f170,78,65-128
342bdb328e0424f540ac22228fda0e4a281fdeee,71,65-128
2c2dad0c3aee7a01b7215545e3fbcb7e6d6e0833,88,65-128
007e65af1853d9d5b73c8b99e09eb9b3662d2f18,121,65-128
384aab36655e1c16d92fbab13f91e8dfec3eb2bb,95,65-128
3fdf66288bab3168da6e064af6a74b01269be8b2,66,65-128
4a79edb0ad5d9d7882624c325b0e71c871c0785e,95,65-128
7f31d9c07fe5076fb97daccc78605861637b922d,87,65-128
a397dcd977b841e78b4a8eba62e69d483ea61f7f,102,65-128
a1af07174624e6354777dd3cc4e8552a52c6f3ee,93,65-128
2748336e37b90ee0215d35eb1899d4334ff05f59,120,65-128
90ace7b6f011f3eda865b66959d9859b3415d12f,79,65-128
9177fa73e230a4b367150de71ad9068826706455,92,65-128
f6496d123334e5b09ac299b0955524ac3dd7651e,90,65-128
eee4b6af99a2d8cd48a378cc16ddd74158adcdd2,92,65-128
a13efb81c32bcfedbea212f3f2b2c189769ef27b,123,65-128
adc3b5f0fa3266ff70822aa29a38021ef6843f8c,67,65-128
af43a25128a844debd8d0c847551f5d7e056e343,75,65-128
b651bf0c634109a57af4342a276f78c40100d5ef,97,65-128
4b884de59a30df595734a6f1b688be058fbfbc24,81,65-128
108bf9ba0b04047b0951f4e312b8d65bc6e14a70,101,65-128
563f6278fe9773f5eddbe9ba177c363e16fb3fd6,71,65-128
ce5510cc86c4554c14a39a941e9ac4526b0b2a1b,97,65-128
4cf45382b4f6dfe2d641c8f103cdb6ac0aa867f6,67,65-128
06b33e3a8eccfd3b3008ed78007aab889368de90,105,65-128
f9f58bf27b0b76e88683fd1661026078522fe64e,115,65-128
2f07a97420a2b545f72b24bfff007176220ca138,115,65-128
2a8f76ecd7480ce42422b30e3e0c7d3264d0ab40,101,65-128
e6cd058196508168fbe2d67d2e9af292127a526b,68,65-128
39be3becb02f477864e9b47caa5caed48ac91566,76,65-128
db7b4a4032f562f72e9a6729e44e9beca0f1feda,67,65-128
e5dfc858ee2007772fb678f3b192c316ecc1083e,86,65-128
1f65e3c17400cf56f05e308fbbcdb22104f2bbe2,76,65-128
fa20ad14af74af1534ae930e40f75e2dbcd06e45,82,65-128
7d4f4cc8b050b3f1872291c8819145cd99fe31a3,65,65-128
00e79b915df3e8a7fa47b2d91c18c7353e0a2b56,105,65-128
ff1489c12f900684ff13a0e0b3fa93a4908e0a75,120,65-128
6eb92aeef1cc6171036650cfc1340dcbb554bb63,73,65-128
5ca909b63e693aab88241c158435a69238d3f08d,76,65-128
0528ba0246a51ec2372a9247399643d7166ee02c,81,65-128
f283612f1fab3eb3f0fddba0deb65f3b20539b52,89,65-128
f1e2745db76460ca93f0fcd08468aa8f2651ca53,115,65-128
a4453dfca5e99e43136c55c47eb138992e2d08ea,71,65-128
aa1d839523639e20c6e78975c0db6fee85918d93,126,65-128
115c24810af14fc34134291a72a2ea63934c2756,98,65-128
0568a46761d72932b9592c4e6607fef889566584,116,65-128
3b122af3e4a99e0f4027ae692c39aab825d032a9,80,65-128
e1ef81b42e706cecde7a5dfdc1bd200b89a3d3dd,74,65-128
af05167b9084b1f97a6c06c466538511bc8f05e3,70,65-128
a2870d3d385ebd939ada27013ce1c8206e6618e2,66,65-128
3f570335970d2b0025a50e5b01bfdfe4b1dba4e2,66,65-128
ff3626a9ea62a5944ceb9ed53cbcb1c81b2c8556,71,65-128
f85dbaaf1a236cd144ea48a1ae7ccbf6b738ea09,73,65-128
46efb9b6fcf4375f6405a3ed0b59fa74b1ceee9f,118,65-128
36298bc4d0da70687ab25c19f5d55fe6c495312d,113,65-128
e2a61362e74e45cf7a4aa5bb58a594825970a174,92,65-128
c06fa6179b35736c5a0bab99b7bdd96de8de56f0,82,65-128
e15b5916216ad74a8a93d3252320c1b12ec8d0e1,83,65-128
ebe3a8025e839a2b9cdfa3fd75850d07ec659c91,69,65-128
f65647c82932b90199c33ac8450ecdeca1a9f983,113,65-128
e2d2c1e774c4bf2cd3c66143c724672a0991ed3c,74,65-128
6e06e7eac57e855e867f7c6d582184227fa791db,128,65-128
57c9fba403f186c91325a10e18cf91ed5e2c2088,93,65-128
c46b079272fc3edd7461d2871ebe97259cdab6c8,105,65-128
dd359e384134fe5c9f51f71256ac4a33eb8d3bfe,69,65-128
24d4ad464ecd0b5da9d7dfb853a65dead697782e,113,65-128
81f084fdfda431250e8792d36eb12cd77840610e,69,65-128
fb435d8a35d4fbf6549c1b3c6b6a58f23acaf87e,79,65-128
d08adb62c7ce07f3c839086b8286202bf9bae6a5,69,65-128
3ca0ad94becde507a288953c146544a3ee983ce7,74,65-128
b5edf9ef2c57e5ebb655b97879c91e7a94559382,93,65-128
cad4700f1a6fd0eea1cb13578a93a0634f3b16f2,118,65-128
efe4d12868208803042308d9418a9f6300b980f2,77,65-128
5675fa4918a6f3de99d3c76dbd0197887b14b8ea,103,65-128
f3f688856ea7c97bcadb3e9142e76ce893499123,108,65-128
c575eef5598ba62bc736e5b27361aa8502ed3002,126,65-128
ebec242005f2777a09a639f1a504baaa10e22a0a,116,65-128
7b3f6f00daf1707ce00fa6bcaf127ad68c27c7a6,70,65-128
b180ecbf76a273e8c9498325bfc888ba160a7ee6,98,65-128
416264f8d947539f795dd0b32589c123e5e3780b,87,65-128
2076e596abc6ac5a0bdc82863e09c1810914e566,101,65-128
5d95581f733df4228a6b9f90f4ac2f7d39bb0eba,71,65-128
bfbf8b16aae4921d0db2dc257a8fc9585d1ae43d,78,65-128
eb7daeb2966dc7d91f11f52d94bcb32061f17e75,67,65-128
4166f991c8e33375a7665fbe6888d1f38fc8c391,65,65-128
7b5ae40d7ae5cf6cc8500808a00645cff509a82b,96,65-128
a3f6dc93af7b7ee00ba6f8f339f50308fca445c9,94,65-128
5cdc73b11fd7a9932b1de1a6971d15b1b84dacae,96,65-128
1efbe95bb274672a8a547d01366dd31f3f71ea92,85,65-128
7101d3e784091c9a964db10c66f6fdb213a3cfde,121,65-128
a936e971812bbfb27da181df2ee121d960826d21,76,65-128
198c19d7110fc680851f7145e0c6781a6e727f60,101,65-128
57ffbd77984bb9d27b0a609d593a57f9147ee223,72,65-128
7f5f9e83e33b66e35eafd150b1ec079f97cbc947,76,65-128
a1920bcd362bdb5b23414c183d0f3610bff15a98,66,65-128
88e5f2b98b52065e1aba266326f3df8337aee31f,103,65-128
8a7494d4a00c34e4f0ed23a23b39062c71f0f562,67,65-128
03efe62da857e73ce70c57621e6a3577832d3d31,71,65-128
a493bcd6cd7942f712b9970c15febacd800fd686,73,65-128
fbf25c492dedfc1ccaebbe679110435d764d76f6,112,65-128
4f7a5a9c97f6dbed335bdf60f25acea57fd856b2,67,65-128
993596fd032d88bae84410700005c948e8d01dce,65,65-128
30a39d84fc3164f94f82a34f9aded740c43cb6ad,114,65-128
8e978ab6ebfb14bf2f1901889c9107d0c5c76f1f,100,65-128
cec07708c53336a739c34ffb77a88037d099d280,83,65-128
8ebffc4b9a64b0dea0d7a9bca54e3cfc802d998a,88,65-128
49b561069717f0da7e767143805ef5bbb1c55f45,97,65-128
b7c8dead58c4806f2166c92c3f9d91e9c2cd2d03,76,65-128
bb158d95c2d28ec20e7f45a0766ce7983e7849b2,106,65-128
796f4f3ea86462376bde6b59d376b020b7a95c67,86,65-128
8a7026fda573a62a8ab104527874ec7b816553b6,71,65-128
dd66b8401186f07ec818bf79f0c019a58068075a,119,65-128
7a62b09851a2d94a8328d76c4eb50effe08a4334,77,65-128
3eb4e725dea4ed126023a21082f11fc69999f93e,114,65-128
65fd73ccdb6157865185872c04f08767a1f498f5,97,65-128
ca693ce5ab7bb010931ee5f09ba86c24faedc0a8,77,65-128
c9c614a0b1ac2afa060255d6c63a4e4f2d5fb0ec,66,65-128
24c356206629d710e413fea59b656c633908103f,75,65-128
90f60434f3ddfc8c40f3e0e4d75d1f2c8d765d49,118,65-128
a5a743ebb3e44e406209a1726c11e4858fdef9c5,89,65-128
e7f86cacc111daec88ca6c246fec2237af152bc1,65,65-128
ac351464738524b52c3df36294e5b67b9e28c9eb,69,65-128
17d70166b1a56b9b900fa2fe0f3d5e37bb68934d,78,65-128
749bf822882e958fbbe09632dd384dcc2f76ff34,123,65-128
5a922115e6f7a0a3ebf025a531fab3c48e5bc635,76,65-128
794f9a417bf78e7c6b482786efc003a9abb20304,84,65-128
c8dba93a0bfe9c9a24fd897260b1bd5c5d6dd7b7,114,65-128
948748173aabd89fa01a7c72c36d82fd0d2b816c,96,65-128
29e9ccb6afb1b12fec4b3de4fe84b26027187095,70,65-128
df0d79a2e68e1a3fd6977a8ce316c5ddade8ded0,96,65-128
cc13d45b66922d8dd1f99d681e308a93c8427f0d,102,65-128
77bcb3b87e926f5ca9e4651d51af9caa28fdaa45,71,65-128
cf4e8d5e69d4160a2ddfe8f305c0f024610cb3d2,76,65-128
fc81590beb9dd26476173c5917223386bd1b6b15,71,65-128
fca190c24348e9f9dca2bbc4b1772ab0c8afcdf0,76,65-128
5a9580961e991727fbe23f5d583a4b327fb1d034,91,65-128
ce7cf37b48a3f6d707ee8426f044f93a125a369a,85,65-128
93ccb3374c4e27c8b749e30ed2123abb804b683f,93,65-128
ebf549d202e2bc94c14d001ff8f09b4943c03b7d,82,65-128
1ffd793587f169aa7dc764a5fafe0d309e3582d0,89,65-128
de4168738c41c4a8a53d76af3f50214b76e35416,71,65-128
5f1116cf586ef90c59f88eff437dfe9969a223fe,102,65-128
49f7fdfac28460c25b8f621a473df15ca05d76ad,82,65-128
c1ed411728a9426a42de770e5d0f28ed3a1b680f,117,65-128
56528a3a875f2275bcd3cbf1ed207ef5c237b753,83,65-128
40374c9f847a9ac29640c2a4e873a5d8e59f7331,65,65-128
20aab92bae88383149269b475e5e019cab025e67,78,65-128
7b06423f1339c0ba0d3d59a9ba565c1c4322a09f,68,65-128
54b04eccdc8aeca182ef7c3e302d743f797e0775,111,65-128
84aa670ef2d22b77af7bb2c3cb9c09ae1abb10d8,80,65-128
35432629820117e307a3c6c84384308ebac2bef6,127,65-128
08d1a8c57281d2abc0be8e94fdf194d4d47277ec,126,65-128
e5961d95f6e6b02dbbe562743f32e3a60957847b,107,65-128
3d5da572afcd1ceea957084ef3b0ce621ce2d2af,68,65-128
7258d0e46d6fd1b232a975f29337a464377bcff5,106,65-128
8ea0e51625657e6758ea47b66a13636da790747e,86,65-128
d7fc1398a371360e78403b6679e26923865a7d4c,121,65-128
60a8941f78e131077ef6543a731780260e7c5a92,65,65-128
0eee0e796e0f0857891419c9763bda84249230a9,81,65-128
8e923e4771f7cc9400fa53f591dc532f9049b0a2,125,65-128
8353c0df4fd349a3a5448fdde1b86f3c661df08d,73,65-128
462f57ce207f83e2f3d8f181421c93a1aac5cf0d,103,65-128
00cea3eacc03a5c7fea27df41f6f23ca24b3f53b,67,65-128
c8efd57bd9d298a248417b4306df7e20e94ca820,70,65-128
74264d7f83e8ab81d89409faccaaf4db4f706cfa,102,65-128
fcae9b13a16275ce453aaf3b6b23b41eb421722e,119,65-128
a61452b9423dcacaa02e83b974f65fdc795a4b46,78,65-128
9355eab4d108f27499d804f25678976dec43963b,68,65-128
eb326b835ae4e474d874780edd4b55cbf3c1792c,87,65-128
7ec4185ebc79b0120a64b902ed317735c795919d,108,65-128
28996d6e6b976b0f401fbf856e29c2c94edeba0d,115,65-128
959983e9379aa355f890be7000d57cc72e7b0e0b,74,65-128
98233d9bde4b22ca94403f9ddf5c7c15a07898a8,176,129-256
c877af4e87dd6c52420194dc9e07b653f1ec784d,190,129-256
78048a4ecf3ce0d9d21b7913d941b0d66ef1c56f,209,129-256
b3bfcee50117a172b0b2fb7c78a3bce46e41da3c,194,129-256
b41ef7c8516829e240c37c1e49e657effac647db,139,129-256
2a348546240d14faf8c06322a01dee0d7eb2011c,182,129-256
b380b6a7ef25ad26807564f8419201065a480c52,138,129-256
37cd053691d620291c5ba9aad1256bd99a9d3e3d,191,129-256
917cb0f345b342e19dcd1bf71923d68ae0ac6714,143,129-256
7980a76a6852d5edadc9407c73a98664146a0071,253,129-256
b535f01d8141a4c307bdcd47a2584485fa179780,149,129-256
16ac517ca8fccfdd010718a7f29d40ae065d9e78,132,129-256
58144fc57c423050195531f0887cc3e5652a38cd,162,129-256
b0ede4ced418493b7967cb96bbd446bb345099a5,132,129-256
d58ec9c62a4840528f74444c0f2fd56a607b44f3,151,129-256
73d94a73d694e146c3b9051411cc676dcea47aef,143,129-256
1d8c3cf4da1ace516b6e726b555f28a983b35a00,158,129-256
44f12c741a98d16e0cdb928f423d365238fe7cfe,131,129-256
1450b00a48319a9f247fdba48ee8b7583df246ec,167,129-256
d82dceb832a2d093b651cdabf2bcab9a4e33f1e4,202,129-256
1493047347044663669dbba89cf6f05b5d52a48e,139,129-256
d791c7d87a2ce716fa443a89e5bea6962becfa8c,171,129-256
06f301e97f604ce72df9d2ee733419f4f354d43f,196,129-256
9d7237f8572b25321c31f9c11ddda3717a7fad58,178,129-256
850fd5bc6976a8add54d4789293862b39c308290,154,129-256
3a05622824b5fc0d531111c4fb069c74960a4bb3,237,129-256
41f58de3b398eed0c4cb9c023391fe0227978cd4,185,129-256
fa000b1b383f0f672f8626c7d05f7f6823dee56c,141,129-256
24829fb9eaf0d00db27b823b6b29391b04227fd0,156,129-256
da5685bb0731c49023e7313c61b099a820d1fc6a,171,129-256
b6b287290a0afd19711992e170dabcd179b6ec8a,209,129-256
cd250d644bb2e0350f393837c9f9e2a804ef67e1,190,129-256
3142968753cb75865e2d5aabbcdc15dc8db84a91,225,129-256
88eea0ac14de29a91396280eac26b7c332e567a0,131,129-256
1c06d5bc11813fd3bc24bd902e287fdeacf309cf,134,129-256
6d1e44a3e8d55cd8dc469a3dc4e62217c12941b1,195,129-256
f96fd78b209477aef2edfc0db24a34444c577a20,252,129-256
9b7684913f200d68536dcba3de145c4c6145646a,156,129-256
3c769f42518d4a33af77d8aecf1a8bd70f886992,157,129-256
29c7cd18148fee84b199cee03205dfce3c0b9cd0,168,129-256
e1f6a3e0ce80b2f89f656aa92b286c3debf62a9a,182,129-256
63c7fac60c9ebdee25dbaf163cc20408992a601e,231,129-256
00a6b7bad90df4d710d8e0c47057b502ada1f72a,133,129-256
9c694d00f401c1b3dbd1b90ff13bd7497308f246,191,129-256
be77f767b2f112fe6b27bf8e8cd896b1061ae943,211,129-256
24d894d90a806ad4039d2d5cffd13f9afb9895fc,241,129-256
a10a4bd6c4eb4b4383bf9303f027e3dc70a9894e,224,129-256
3f6634afbdf17db16014062c6397c0de6f601184,216,129-256
867fac73551c62aef1261594e3611d775991bb58,183,129-256
7f1ebb043c1e0a9244e44dbde4c3dce17dcaa4e6,212,129-256
989fd37c8850f368a325a422dfb39485e9f6d914,139,129-256
ac09cacd949e953d42f80ab4380fea8a38f004a3,139,129-256
51dee0a6d307283eb3ff4d8acb61e15efea35926,241,129-256
5e51e2c0a3baa468e491a9d9b5aa14a0d75f2c59,205,129-256
21231a9cc6278c7676e9ad68433e17a60002663d,133,129-256
57a947fad9c7da86da1c25c03ca827ea5db70001,147,129-256
16546c9a316b245ad2d25c8f005e4a7e3c0b8bae,213,129-256
9574bb529dc411d8feceafc73a3565f3f491c3ba,214,129-256
01da5130ce391343719aaf40b8d63dcba1673fff,202,129-256
bc76635c23bdb8450c96ecb90f07ada20b3f1d1a,157,129-256
9f85e1b804dc1c9d5736660696ea3167667d8199,177,129-256
7e76b6586053c3231fec9eb176cdd12f8960c8dd,136,129-256
6ff9d41d096263696e467efafc01a1b60b0d1601,195,129-256
0c3a2d6732b5ef814a5e498a6c7bcd7b97354d7b,181,129-256
e2ea0893255010e2a22c3d6302891ff9e1b96fbd,143,129-256
2ef2a370b71ac480f6962de2a97cb46c40dc4bdb,190,129-256
b64c8ce65101288530d6136e9e6c93603ad0219b,206,129-256
5a9252caa73b570acb08a8ecf2c04dbe5f91c081,129,129-256
3ecc25913888a089de949b6c56a10315ac864e22,136,129-256
a36b0a73dd9b5dc088b82c2d0199f966c0d963b0,131,129-256
8683b7945930c5099d105fdaa748402d71d11af0,134,129-256
1cb79e3e45e5896c7a55013a5843fb0888a29560,176,129-256
1209a39013dfcf45742f3ebc0d1d5011f6d87315,256,129-256
e168b74a88ac36fd96d388717b109194cd361975,196,129-256
3bcc0cadb692b9d0faa05e794107d0f0a3d461d0,178,129-256
bac4dc0da22c6615766492985d7d0293a241cee6,141,129-256
b35056901a3583cca4d5d1c53d7ed57147c20f23,169,129-256
9dcabf02879c069863b3440c5aa38f1c764e2f3d,218,129-256
ebe2a4b5f34ff80d743a4fb6615079971a9799c1,199,129-256
782ee6a0289aab0d2178108c9cf1eed7d56558bf,155,129-256
d62b7c9963f1082eb48d56c6601e64bb90ce4021,136,129-256
06f8840fc5cb87ae71a44428614a58a048c61b70,130,129-256
40881cd76ff33eafc57e4c4b2f4e21ed84398c1d,172,129-256
e7b00438c08d4514ce54d4a9e796ab8395cb2ea9,142,129-256
094e6c5752930a31b0c200a894b530738466be89,169,129-256
82f30272eb32455fd5d1c824dd5b845f4c8c1a99,217,129-256
1926c28be98ecc139a47586eb5b82ca7a1afabad,199,129-256
ee1bfcfe052eadba129a5c27a12dce67b31603e5,156,129-256
08f1cb318c6cdf409326ef1cb26b3e2c1c0daae5,129,129-256
80cc3b45ebbcf7a41cd5fe8133f0211ee15937c7,151,129-256
392b2c19ffda7ef283f91aaba0abaf79084f2ff6,133,129-256
c8daf1ea0c79994d8f394cb99d47f929e4fc701f,130,129-256
2ab0a3b48fbe0c1a9054cc4f5fe4ad0751b98bf4,148,129-256
1b2fc4b5cb6c49383673896f6d48e21d9cfd678b,221,129-256
aa0f341c564abb059d19e649ddbcbff33aee01c6,131,129-256
fd5210d8e269e75d250344533a47e8c1f0e588b3,241,129-256
1a48d7324bdb5b5cf17039463c6c143f8a385424,136,129-256
a20fb29450506601ac746c50a4983a7f1a23639e,143,129-256
ae7940b7c56e3a05d6ac108b24529b633c95a0ad,188,129-256
80e5e399d07358e9aa56d4435ea77b31aa2768ec,232,129-256
e24e11f782049432e5f7867270b2a2d4236c0545,239,129-256
d8fcfdfe6b750f827a65d3684f67120567f1b7ef,195,129-256
96889402bc1e5d12a44cddb317ceeb8ae2b8f652,142,129-256
36404036b07b55c674bdfaf26f8a6cb51f9f74ea,182,129-256
d2a82a039943e141a9f9c5c52961aea99568bbac,174,129-256
ac0539567012578c23324a9a2ff125aa3b386d7e,183,129-256
90530250fa80a35ddac68a2b41f5816fe0fc56d4,196,129-256
83fdbd6dd686ee70fd3a9235d1600567489eccc2,197,129-256
96fdc68e2474dc890450c9d67b0d598e87c0382a,150,129-256
e03568d41bb45048c716dab89c7ed316292eb545,208,129-256
763b2dac3dc888154f251721d6cc3664512c4866,183,129-256
aad525fbb254756276e3acf09aa6425b0bdaf81b,170,129-256
48e66df112d2b871224bcf58c0c56e7b72e95fc6,136,129-256
7e57ba8a87a30091469b3da95bf6ce5e61017ed4,150,129-256
a2424d62a92b6c599be07340b0f6370f3c331c42,133,129-256
be1f0fa50c6f593fefad0cfa0e7f213e41f21bd6,170,129-256
319c7125e53c5946a4a36cb213a721b1e9a8fd05,201,129-256
92e5a9e2f2cc7f805f2a88aeaf8491b606d2a345,220,129-256
1e55eeca1f9b32c12c172b45aaf7ffb6573e23b1,135,129-256
0e12dd2f31a02b7897da3bc0050522813de7c475,209,129-256
5f12066f1522e2d8ff4f4849a4f16d1b8f9ccf38,218,129-256
ade43ae3e623ba1544b306367a9d153493ac7597,149,129-256
f629f8317b640909400eccaa3ae890393ec3ace5,159,129-256
91e0d9f553a352392d2510337268915c731300b9,148,129-256
fa8f6bf8223c77b5d80f227c7697a4de42b03505,145,129-256
abf9edeeae7ecffc49864521edda1a53ad141c27,146,129-256
0fc9c1d15f76d9af7df5a15777c0f61957e0d204,202,129-256
4351a06fcc0924ecb27033014aecfaa930a56d8e,252,129-256
4420973e62cc4e395d10f831173d9730c0ebb40d,174,129-256
98cb7f5733b39cf8601eba05eac49cf391366166,133,129-256
d9ca8300e363b8fc1bd202fc3b984c832c15b4e1,242,129-256
f94b8ea74d731f1a921de2484b26846d0ba28c21,186,129-256
1f8297c167ccb32be55fed7403ccd9a7d4675a0c,133,129-256
757735355dd6259b8c1930fce37143b2a98c2cf5,131,129-256
ff4ca34fbc96ce8741f59ff714f24568ffb52a5d,166,129-256
8ab5242ce1f59a64571eac006cb6e71762270fd1,129,129-256
668afe3b9d1c99d8aff8f26195424012853d20ee,154,129-256
4e03e5b42e229626c4323129a58bdcf17a8acfdc,175,129-256
53e61eaabb47e5b471a485db8623ac372a0b2d0e,130,129-256
99d0764b80c6a67bef30ba7d90bfe54e66d51036,218,129-256
b75f802bd769c4fcc38fded64acfda18d565a620,135,129-256
5d870f269c484d51c392ac856b43e2f3732b3f33,163,129-256
f942c0fe235763fce727d57546720f982cbda07c,140,129-256
b873c72865a979ac8e848af106b39b0c4c83e7b7,131,129-256
bbdda84dc048216b6af30e505f52569728f98551,223,129-256
1bfd1985f8bfe64db136c86e548e18d2b883aa75,211,129-256
b7a461a1c62cea91de71119c60c02db34aae9a0a,131,129-256
c8f80f3adf7a6fad26b7a7eeadb63921c54dae80,143,129-256
b1c2696b9bfa28863684881d041862a9c94fbffc,176,129-256
d3a99c5dda3beb70e1e6366b653ce51ebbf758ff,161,129-256
08b7169d63815f6a826fbce1acc3bb5c89ef6ad9,196,129-256
d38d7394cddb30766f2d191698f5071ff3a8854f,138,129-256
98b907750984ad57ef68bdf0ba4f69fec8509532,161,129-256
d75383724750493bfb5918262275c3c680d3634e,133,129-256
96095f67ed38f272b08f5ab8ec9655ff5fdf09ae,155,129-256
c4a676f9a998723f5b19338e3c12241817928bd3,189,129-256
7d7ed5ef2d674580c6afd8c20d23cc70bd316753,175,129-256
7fd235809445ae3b21f023acde893814008be553,185,129-256
fd19b76d360a05af5e484abe669436b5a7f6d43c,132,129-256
e24f8eb043384fb436e7a1b354089880e1f81aed,189,129-256
34c5b211c28e33a797ffcb37de6fc2708a2b5849,162,129-256
688e66c7deb3fc3e65c52ea2bbbd738f1cf57ddb,231,129-256
02e5b16cd6f341367a092ee53ed107ae90ab5c38,158,129-256
fc92451782c725e11fd91decdd165994fbb0aaaf,241,129-256
7a9fb6f797b16f33cd90844245d5db88c0de6358,254,129-256
7fac4b146b0bbf02c331ce41808a036897d0336b,145,129-256
7c6880a8db730905fd60d03f6dbd3f213b1d8df0,230,129-256
0f8a4de633a4b4248b41e3033da3574e6d53d969,163,129-256
c4ab5f452f08a44b60a66d3c73de0f26130b31aa,156,129-256
4e933f6301e762c74beeffa5190dce61d07e097d,172,129-256
f1e4b4834efb3cf4cbd4b0781c3b2fa10a8472e8,216,129-256
2581a20b9213f3c9a4385dc4c8fa606c80a74ef7,142,129-256
c952fa90cc61444f8f68497f14105019a0a10772,195,129-256
57e95241b7c79b090dec865eb136db9ea9f5deb8,145,129-256
781fda06d55c555bd4dc97018cc4ed800d00acb3,163,129-256
eacf73af091299409ec32fd32321618150da4465,140,129-256
16239e75851e1c8f95689b489a2655c99e543cef,165,129-256
dc74eb696f0ba97b04c2ec2bfb3585414a0e602a,243,129-256
68f7e192fcc20551650ce84585d819c0a13fbefc,133,129-256
1ada964591e94d5723b3b12b96377cbf813652d8,158,129-256
4d115ce5afcab7b1a5e8a09fa1ca27e13d85ea85,194,129-256
02563a89db320de29ff39d76669c9f2a74b70af8,139,129-256
76ef376988c59c3d44c5f5e11060fce0f11fdfe8,191,129-256
f7fbb5c57df84e73c7202a8b783a7123cc74b600,200,129-256
10360403d0aff029d45fb6d99207cbf695518360,141,129-256
acbeee4e24bb26c58701ecd03b493d28182dfffc,147,129-256
705cfdda871e2e8b82865f398b7de45bc1678b92,169,129-256
7587f31277de4f3a0068179461c93144c45c6cf2,163,129-256
deca0a2dc1767f1c6522e8a8400d0bc34c34c086,209,129-256
c2245e1edae1d5718a88b5d7f435e2faaea76486,188,129-256
2637d2447f30f96ab9500033f9ac31bdc445b9f2,177,129-256
b3a344be70a3a309c621edab48d919b9920f0a01,166,129-256
aa54bccd47c6390996e698be9fb6504274e0ce40,232,129-256
935dab6d67898dbec033bb229d653f144eb38c5f,212,129-256
01fb2713dc9bab238636eb412464fe3b84dea780,147,129-256
5a2c4fca42d9e7fdd13f25f17a1cfa9de5fdfbac,134,129-256
272523675e47ea0ea41aa2695dc4861a7de3845e,168,129-256
99e0e5a6818bc17e72310e65d62583136c4b1221,167,129-256
fe1368ada7470f5a85c52430ddea5bf0bf160628,157,129-256
9191d2d654357d3228682e626a0db24027a68536,140,129-256
93af4031f51e0f67f0178b89ed23ed3a6a4d0f73,178,129-256
be9b660530337553766e515ecc5a115f36247ffd,167,129-256
247ec715facbf3e740447371a7d6c25586f41f55,171,129-256
2ef63fe3dec7ffb47a6ec5f8a2eb581343f0b65c,225,129-256
e365cb0d62b57b5393d890f5c8eaf40fed469c23,130,129-256
2b2c8e6d5b1e57ae6b01878c7b0a08a82002962d,180,129-256
b7f5646b05d4afa8642716b1c803f0551777a58f,151,129-256
a879019b85ce5f7db100ae5ce918c480f7fc9a9e,172,129-256
94feb5a5fd2bfeffaf7299a894aff5179d53651f,201,129-256
facc904a691f1dfa903e286cd29b3a41b605f319,255,129-256
ba1aaae91e37c596627a2fc43639db001502e277,224,129-256
4b4ebd6f720635045a06cc6eb3ec561ac4d6ed06,135,129-256
501f5780dfbac92cd39ccea93f355348b150d7ae,254,129-256
395df264c4556871e568a0398d92faf1ba380ee0,186,129-256
0cd9dab824f832971394e4570feff512e040ad13,176,129-256
58264bd1917adc1364ea8942d3abf923f7482d13,214,129-256
96f3e3339241cf0ac1afd6df620dcae537473181,198,129-256
1e28cd1e70945f1afde4ef30bfb1900bd5c72414,241,129-256
d35c551ae6aed9510971442c3cf710ef0eafc222,145,129-256
626abf138671967f73340a8adea270caf7a33d60,187,129-256
92bf2bd84a874525414c201ce38171841236a3c6,187,129-256
3971d0e530cebc034da0dbabd504c3756df36147,215,129-256
a1c743557f3e6b74e2be800d6f94d09fc6abe88f,144,129-256
acc53b94c5a59012eeef798dc36c85bcdc634afd,190,129-256
18aca7ca084367b1222fe5b3a60f69d628038819,170,129-256
90255275e915f72ed8037e7090ce10db271eff78,171,129-256
db2ac1a008e6f4fdd7dd1418d0a2f7b37a0288dc,149,129-256
cdbc7c61111b465719fda6095b4c221cb0ee6c72,138,129-256
6240a46f43eef8e4c53ac8e558928df36ac55d92,153,129-256
31a3e9edc6d3c927819145368a2bdf3c6ba3e1e3,144,129-256
1c618c8ca9381bfcab3bd4e3f978eabae07b2d05,152,129-256
3545c266f1b24ba339b4aff2fe91edf3b864e997,154,129-256
6e68a1e574f4b52edd44bc9f4d9bd3f2aebbe100,168,129-256
7dfaa20ac038c9b3e333ebd35feca53b8b6a484f,131,129-256
7a0392adb38742bf16c3b0c6849e1929142ce2ba,169,129-256
bebc8a5dbc6ffecc04dbc1f2c13c216522506ec1,146,129-256
7e3007c3dda7fd2edcc88598854f4099ff001132,204,129-256
13281768222b0473584163e664edfb99743922d7,143,129-256
2b8f1e17f1594e693dd66912eb5bbfe372d9f603,139,129-256
cb27b86bc1725a079ae6119b3d08f1473e2ce0d4,235,129-256
ddb5a444cf727ad2f8209449dc14839ad38d025a,199,129-256
408ac9cda5c3e83a601eea4d7f720ce0b4864766,133,129-256
17f5fc270cc8526eb4176e2749887e1544ebe579,138,129-256
ea60c22952d1d008779f0222255284bdd212acb8,182,129-256
163dd8b759a4a72b123ceb717fa48ebab2d7ed44,255,129-256
d588eae80e1b44b33c13631af22e45d57a6871b0,232,129-256
c8be2350e03056cf7c11e493dddb129a9bc40703,225,129-256
451ed99abc6337f3e9ae17a2425320b82896b334,137,129-256
a78d2688193ad9cb9a753bd0426d8cea9f999902,155,129-256
3d47981eaf6487c09bef24fba9fcb81b398bee44,156,129-256
ec6505fb7ca01cde6dbad74ef37ca74badde4dd1,129,129-256
9fcbe1fbb76065d22a746c27fb74e6e48099d12c,176,129-256
121d4e474a686900001fb8f397c7b70c877d5f57,137,129-256
54a48b0d3d0c7854d8f8782edf7c57afc9b16f36,153,129-256
ae4def5c296dbc54a7ee9ac47e1ed204cd65dca9,238,129-256
38042e1026aa203f34750279620671c3b739f2c0,140,129-256
06f55556c8d4de7f29cbf9b3850afe11c6442344,204,129-256
6806fe4a47310f6961cdaeca17fca6aed513d33f,176,129-256
77386a3c9baccb7b7eee84bae5761c4e8d2dec71,176,129-256
3735f998ab681577eab08adf67999989aab80405,147,129-256
d18c77cd6d79b447307ea4d30e87f4b989139e6a,165,129-256
ed52e262193c781ece0134fc26fc810c10229db7,206,129-256
0b0724f3c293f1daa40dfa3939b8385832ff29b4,251,129-256
249562ff4894cb95174d72feac0438870a27940c,163,129-256
64c8148993f7927168743ee924e7427fe0604d6d,181,129-256
29ea349b7ad3248c839f7f5ef6e338a7701c1c00,151,129-256
fba7394e0e0126bef56c6c242b9117c0336f33e8,205,129-256
de0d0e86993651c1d497d4184a93cc0bc85018a8,168,129-256
102dea5c10f7a5cce8084b8509e22b75d2b42b32,239,129-256
eb983baf536684b0a8c8a45e682db0deb7cc436a,131,129-256
4d48ee30065d12c7c39972bcaef1378b2a8b279e,190,129-256
65844685238161148d7d721ab8b8e819af0e4651,139,129-256
65f42f33a53dedd7dd3b67e94d9e7dda57c4fc99,153,129-256
db6bb2060309d4a6d1d929df69c1b9b9741b906c,169,129-256
6da13a1dc6fe888ba75f78c845605dd48705502f,129,129-256
8b2375462d5d87b18077e4fd3cd8209ecf59100a,197,129-256
56abe72adf5c3f5aff1619aafcfa8723f7193c24,211,129-256
803562bf67e389484dbe15c49b168d552d7be059,149,129-256
1764ae98e50954ada8fd4e149328c295d5b0f9aa,136,129-256
11eb28eb81407b1a2f6cc2882ef13ad6527e1118,207,129-256
c9a291b9376bab1d835429b751d21ba81e88687b,133,129-256
9671dd0ce0f1cf0bf85420a2da3349c0dc06f657,199,129-256
6a7fb3339e41ac88ef4086e603f0da77d934d19f,195,129-256
f5527fab8ab4f264ef07eac7ca7588c755a85fb9,182,129-256
d186d5f6f2f5cfce013f88cb6310d812af1f9414,210,129-256
c8f882825894f5d4957c39560628a7cbd996ab6e,138,129-256
5dce9ba006e70df2e97a412de5d67b23b4646eaf,206,129-256
94befe165a8d705d78babef4b7bdcfaff33dc351,176,129-256
e658034f9df23cae54ea5576d81c0d9c42b81995,132,129-256
5c8387ede345bf70f62fdac6594f019f3b7b523e,141,129-256
6ed9c6bcd1ad80361032f3a9d66b56b1b7af3377,200,129-256
0c9d7ecfe31a32200512c5ae55a770f54efcb1ff,139,129-256
277ae6a2203f02e28df251283595da7990b28037,207,129-256
b5c1a3a9967f13d579605e519075669067d7d51b,222,129-256
0581762c2877e3a450be36f09acd07b67e5d306d,185,129-256
85fe285cf155f4757b0557e19969fb3651033fa2,142,129-256
b53a74a9cc86928ded6afef1d837d042c771846a,212,129-256
2e9937ebab31eccf57c24379a5915c9c5a55b0dd,166,129-256
dc812cd1b77ae5eca9d01bbf07cb08f91f243a96,143,129-256
688536f33d2fd89c3af4b37e884c2b492fccc72c,144,129-256
6c7fcf98053da438f4a65b107f5995cc87dedbda,134,129-256
3f4e9967ce2b9730194ef2aa25ee0f270879da28,251,129-256
15e76cddd9f3ec9210208799fcea95118d653f23,136,129-256
13d1f0bce301e946977ff894b9c1df383510b1cb,199,129-256
f7a62c3ed269c564309eeb3687166668c3710295,158,129-256
7d812d9bf4710993e2500be832e3ebab9e5d6b94,238,129-256
56a176cbf68c3f0a484050d4b4d842cf7dee6eb0,198,129-256
9a76b9c19f85e42591ce95c2b8b5a2072595ec8f,181,129-256
46400cfeb9128449a33e657e8dc7d7c4a8988df9,232,129-256
dd3eb899b604613ffad980957ee37af88b595d41,184,129-256
45073a74150e1be97d07534dad7b85af66b9d482,143,129-256
7bf6a266979a7cb065d6ad4fc27e8783735f5049,178,129-256
648028b9e78f0a7edb23262032c8b9229eddd01a,157,129-256
d4106adc2ed07a47d9618e562d1adf0149323f1f,256,129-256
9845c0ea4b8f0307c65806623bb3d60e3bfcba7c,246,129-256
2f0719d75bfda618ef9dcac050e71cd7eecff109,166,129-256
a2270af42ce6f52a4e1efb365f49728afac6d3ec,226,129-256
505df83214896d650651b66dec1486e9b8758870,213,129-256
3a667bffe6f5ab261ded05eb4e146d1462de1c85,185,129-256
82a961d95caab62341dbafb64e455b89e6a357ad,210,129-256
242b17aebcfc102adc37f5b778c4671eea9dc439,192,129-256
f7ea42c3c78469b7521058ee90bc65529f75b4aa,209,129-256
f7424f9fa6557f892494942cb3d98c1959d47ca6,152,129-256
507940367624ced4f7721f10e7faeb79641cb70d,205,129-256
1556c6df67d1f67abea3f3c08ed894627e6b4cd6,146,129-256
743f1d81d975229f622d419966ccdfc8b914aecf,146,129-256
1c9e376636344d5d570d08a98fc55162a0e929f1,165,129-256
37ca5cb8e41e106b4479db9a42cff4a754b9f111,184,129-256
a9b5311c00d8b8cb23d9b918ef68b9833811b66b,135,129-256
c239043ffbeebd27234e0827532f8beb96f52bf6,145,129-256
ed1e5dd9ff551b1048ac86fdc96544348476207b,177,129-256
73ae6dddaab66d69a68eeb8a073e5d428b4e2943,149,129-256
00cb0af46c9746ef261d5c634c044427a43a1b2a,201,129-256
634af3d7c04e3a8a34440853c1eb28afa83d8c8d,219,129-256
a9ce36d6ea61bdb3a6ca4be7a252e1d43fbeac8a,230,129-256
6d77948f92d513310f122ec5de09bf2e08dcb598,193,129-256
c32205d67f7c7feac11debceb4ad711384a16508,148,129-256
e2e08dcad977154a72d3326799d7cb52260d44b8,175,129-256
e3a668e1558783f4c8bd6c848c0167427b47264d,226,129-256
98bb742a2d43998e8becb18fc94d64d2aeaee9a1,154,129-256
ccab9b9f75fef1fe58f0af1df9a4f0782f8ee7bc,221,129-256
208397fd7442b42ca12271b9cd736a61c8dae5b2,235,129-256
65ac481b2dc55077f1899dcdf19444510aaa9d8c,199,129-256
2f059c00d6ff1155f55f047659693a1624dad4ee,164,129-256
5f1ccdccbab33c450292474b22dbc3c1b8c60d48,151,129-256
864cc7acd6bc92d07d31d9d3c8c663c294b97433,172,129-256
ff6d6390c0db9ac844ed591401413231f06fd978,236,129-256
1358872cd874d93831e526a1334eaff95edc3fd8,142,129-256
0caaa4dfe045b2b81b27964bb834674279c2e06a,158,129-256
5ce88142c02901573cbdf3f6482ccabab7673775,140,129-256
5751be8f3d780e2df2e1cbae57d222b84cd1a258,200,129-256
4391dae9443a3ed100e5bf226078d69ce79d85c7,156,129-256
2bd551c87a87191422de1fa5ba22d1d33869b4b0,242,129-256
547755a28a84a52b20639344cb3b24c283238354,176,129-256
6c5dd0bd8c7710d5fe3120f953ae6a100eca9425,207,129-256
1cbe9a2fbf53c74502b8c90db447f9ed332354d9,171,129-256
003e71138cf46544c9c3ce598d8e2577060a1c4c,157,129-256
3c203bb822a8e6f082826de87d2702b0fee2bf39,133,129-256
06fe5706e9a688fcf482f153b772ec8f01bc9789,206,129-256
e1cfffeaebbfe6965eb529b9fc750592232a30bc,184,129-256
eaf6bd8222ad85cf7ddf0a9c01f00ba804d09823,134,129-256
e9f69a330498cc28b1d24ec427e25471bc72220f,137,129-256
105a1dd6076afd190e4c50c8a8bce274ad6fec5f,173,129-256
59ffd5586f25736186efc9cd9e38a175f515d4f6,139,129-256
f800f4c9f2c125f50d92881bfad45977c74e9eb0,146,129-256
46883c4c046ad6e3b874d53874ed86f4c5f1e4d6,166,129-256
f91245aabd3806aea8b490ed046cac42538e2fee,165,129-256
9ccbd0de2f52236ff6ad40249b4e6678a28b3e77,131,129-256
80be9bbcea243ef83c0db5ec05375af9dbf41288,133,129-256
a67148cf42c11707ba1ae6e3c9b25b94f1867d86,243,129-256
0a561ad88456d0b02dd201533aeb6c484fc9ff13,225,129-256
d800afef8db582bd71565ac154a2c23e69d40ee3,135,129-256
dc6f0b5b4c40251df1adb8e87638112f683b2ebe,152,129-256
d69112661cc2a2d963619991c4b98b1f9aeb706f,221,129-256
d80422f7ff63163f453bd82b1843d4d9fe2f33cf,194,129-256
3bf531583af85add8689ba8d18da80ab1f5a2f5c,132,129-256
6744e04d430359511a116d616fcf0ac4be883365,180,129-256
dede33b227b7290d3f9deaab7092b4b59566b764,210,129-256
7cf15bbe3d053d0c41f7c49d1bc0615b3b3a464b,135,129-256
4a0cfe1c68c81aa84c6f7e5be29e6cc47df07549,154,129-256
0f04f028d14caaa3a2741d66ee635c128e95035e,136,129-256
f8476ccc3abd6ec18598a271b3722fa1e1f6cf79,190,129-256
9e70784db3109862b2b6f1fab323aaffe5dd5df8,152,129-256
ffa6039c100424660e88c9b84b12569cb3ddcb97,130,129-256
dca6b4af0e3a5ea2fdb2e2ad03b9b6b85ca5b811,154,129-256
eb42668c4a21901845754c4f5adc93039f653292,238,129-256
06971cc57f0fb7b823bb75fe011a69ff53c7b67d,139,129-256
9b4714067324d791f45f5c8d872aa49592901f30,140,129-256
03355772a8f553eaa13be83917a88f243429436e,145,129-256
8039e6261b176a815a05e0dd49fbe1aa4f906878,199,129-256
2d5666549229789c162b4e494ed8c17571883cb0,133,129-256
750c591b9a77b6b6d85d681acb0d999d8f47ea65,149,129-256
82a9267d7d075524e0f600004da7a673ac90b8e7,200,129-256
0439abc02e2e4171698add981dbfc552931ee486,158,129-256
ff3af85bcdc02579447d5dce0961e770999ba18f,197,129-256
14ea57369716f74ec14dc0d64ff0fb6575a5767f,129,129-256
ebc63003fb1ceaecf4b853bd53fb71c272cd2145,230,129-256
a1b529181165e64ca71831b76997334b11e61468,172,129-256
add44c0c3d9b02397d42f23e9757a1c8810eb841,253,129-256
013113c9d60f990e8bf98ebc6bbab35f881bc6ea,130,129-256
2c0626e64ff38d992e7777875aef87121e155a59,133,129-256
010acbc5a6eaea2606ec7fd04635d3038c4546b0,222,129-256
bf91edbc13638182dae89e1faa2257f9eb08dae8,222,129-256
d57d7216c2323be71ec813f21c089f550d3618fe,217,129-256
cf5d7f4fbd4fe5cc8bff3e1021dd8a101281442d,141,129-256
735f1f9d5db455ae05296ae859c62a61d72dc797,142,129-256
a6c439de20a4b3666a658198d41aedda97aef41d,222,129-256
08d19dd7897d82921ed1dfb4c105ed79bd0d7b76,129,129-256
77d88a896c3553e01bbc3595f62e8aeff431008a,168,129-256
86498948474eddb995854667bb98416c36f9023a,195,129-256
4d1e966a51f05108c438c28d6790468cc6a6b078,153,129-256
107c17b26a138ed058dfece8f7799009492a84a0,200,129-256
63203b8afe600fb1f34bd3948eabdf49b48056cb,224,129-256
09292e9bab309e559afb358a839557bba59adc89,146,129-256
a724a6cdf7d3e788a0defd5f580a1155c6129c64,136,129-256
f62e6f0282c82e0986a8b3efdcd9a1c54636dacb,149,129-256
0c35ab413b4b94c1eae30929ec45de04c5bf4815,168,129-256
3142fafc0f6d1529cd2bfe9413077904af96a9d4,198,129-256
5ead27c47ef65674448ba39f13fbe082c38ff9ca,230,129-256
66d1a88354bb9ea9e4bf6012ef5d3c1712da0b50,137,129-256
f88574f8aac20a93455ec19cb158d59dc9e8ba19,135,129-256
71be1b377759d27fc065b543595f67ba5c266aad,155,129-256
871ae96e19a7ed1f2e956f448b54168dfa83778e,134,129-256
9add7faf752ae2025ef667e66f46278b89ccd21a,148,129-256
ae39e3ee6a4bd7c189e7c5d1c13eff29d96bf5b4,256,129-256
6f9220b9b4caa07335214dddfca08f5cff916b5b,132,129-256
745ac39069bc28af5e760f07fcebd08cc39e8e74,175,129-256
281f0c8094bd1bc810b7249b3e79eec6d9309cfc,201,129-256
c304f8e33014d1c0abcdc109cb59aad3834bf31d,180,129-256
ee8734a976c28fc280e5b6f007925ffc837569cc,197,129-256
2717b1d5745dbcb1a2976cbe37275440f5ff1711,178,129-256
c2393288046adf99702a29b7817bd9e294c02fdb,149,129-256
31ee1c22e84d8b25f2fe7964eda4fc5d94abe0b0,133,129-256
031075948017bd7059a0bb769670df2e7b7e2680,163,129-256
53a93f403dc621e6cb749bd41dccd78d58467ad8,170,129-256
f8fa26f59e0b96c431102dab0006ea5c67976a53,166,129-256
31e163790ee222423afca0de3e78916401a8255d,215,129-256
d70ab45eff77a76dd4aec32d765274b018e9c4a6,139,129-256
23e9a90bf8747d0540469dcbd879da1a96ee2292,154,129-256
6878b352c109885f397abcbd8536176285aa1081,240,129-256
d114712e3a1e0c29cb106844c31243cba3204cb9,145,129-256
d5451fe59ef01f58dcc6250803c56da4b7bcd467,141,129-256
0338d3545d5b1f5f471dc91ae4f44bbff60a61a7,134,129-256
45c95262caada4e6f16c4b7967a6f17808bac481,215,129-256
e700da38445c0d303ded8bc4da73f85d308449fe,193,129-256
9a71b93347d70fb2c7f6751fb11eb6c976b58b6c,179,129-256
3ab73cecc800d97608a3f24856a5dd213695fd8f,166,129-256
2684edb06cc88b145eda425dab10bf6f7758592f,140,129-256
1b2e7e30f61dd3aaccffed807e5c29a54f8c33f6,139,129-256
b2e8504afd08989d7ae2e5866b238a9d2f20a5a0,172,129-256
1ae6cc302d1153cb900dcdd0ab9f7952410cd06a,156,129-256
8252d785239efc3bebd55f73058f67127be893d2,227,129-256
4dd24c9bad47b3539ae447dcf3324424426f19b4,204,129-256
0d2f55e5a12241d489cddf6b5e598fbc6983d73f,141,129-256
da6fa7c197f697f4d86c8c83d353e6be21190263,201,129-256
4f2278039207a1df146cc1b47c171fa7b3423414,172,129-256
e738a8c857862349854158d8c43dffaa6b7f46b6,140,129-256
f5267cc2f2cb4aee9679939ee9c77f593ddb94ac,166,129-256
96bb40067c410ab594e2d96d0eb9bad241edc739,187,129-256
a932bd4c73ee448f5b040a46bd0d59153102fe98,143,129-256
e083ffb3b136fd1b32cee63a393b6670e9124910,207,129-256
b854c4c4c0429d9ad8c1d1746d3c83e2e3df4617,237,129-256
32fa9ef00e590846eebc72a570a502429dc9bc4e,151,129-256
6ce2ed28ce0b58b476fee0c9dce9307937d7ce1d,150,129-256
156719b141a2af5d8af1843e350d5c77293527fa,137,129-256
31862229a3965f88d4bb2bf54cceef4b8a649e80,137,129-256
6dc823fe873129f79c780d17d8e6d3b00d46c445,151,129-256
cc113903203c21a7e63694554f1d0f509c1ff943,134,129-256
d61b2bf084462c4dae76f2b78994727f7d7c4abb,131,129-256
8f5db79fdae90b79873f6b245fe0f811fbcdfe8b,175,129-256
86ae76d11e9965bd1b7806ed7ac0836e4f1fd233,193,129-256
ab05901deb4cf6837b4c8b5e78be64e4daa5efc2,158,129-256
711ef900f41568d4a8b2facc21d307524012eb78,159,129-256
210381d636f6236d0586693ed766b7bf34b6ecec,171,129-256
c3ed6760bee82a91f2c428ee478b7ed8ee6533f1,145,129-256
8859cbe5303c4ba9802e9240d2bb091ff7c12d54,161,129-256
1c06986395a38524d53ea3094eac88a05c05c6dd,190,129-256
82676e4e5ccb32abeb593b5126f0623497a78284,146,129-256
af6fd50248c7808821defab16c49073003d0ab58,140,129-256
5346403b642e7c4ba56cf7714b2fb187b813c7c3,153,129-256
ac653d6c44b986ed362174213d3019373416b30e,244,129-256
1984f85b4e7c6cd668b077a5014289104fcdf7db,198,129-256
a61fc6340c0ef0b9043ef1979963452ba196b59e,255,129-256
07d8edc06d85ad211ccfea10f692c5f70b1aee59,146,129-256
2bd984eba33d95c8fe4120c181e7e4e0281087e0,189,129-256
8cfdffe7874aa43e3c937f331d1d4b17775dc9d4,239,129-256
593a83ce78e4a137581f19027c43e756d0005f69,143,129-256
1e510a1e26b440c4b113048df1d86e066f6ac61d,214,129-256
2cc09cc758b65ffaf7dc0452706f700aeac009e8,228,129-256
020313b23bdae93b7027335f30578243815e1d00,140,129-256
e1662d07fe4785d76ea8dcfdaebb2d83bd5ce80d,153,129-256
a1d7717601d98bab6072992aead9466a29bd723f,196,129-256
deaa0f2263745f43769e862116a6e6bce691a6b6,161,129-256
38776a48c1b94a881c0da7c31d729aed28c5089b,180,129-256
edc018ff52a0feb73a0b60d4636b1512e50bf5c4,187,129-256
85a6be6a4690cdf5fef23b7b3221786c219bd97d,155,129-256
9a6db077af3a0255b0173617b82057b9df53b5ec,237,129-256
621227fbbe1eaa86915e075e775a5cc60bcf3d2b,153,129-256
1e8c3f5c5f50d92d0b10317d35929b4bf74d0dae,145,129-256
5665f84f6bb570fbde130b94fe3473e65101c785,133,129-256
c7f8888e6fa18209323758a869f872794c9fdb09,336,257-512
0b16d973f292bce106dbd42db5d19f9a6ec6d98a,301,257-512
4f3f054a251bd82b23b5de84d916a7255592c9ef,288,257-512
9f397161a5e43f8a4c09af96dc3af7d5dd914b2d,318,257-512
9dfc0f93a464611635808d7f89eb6703f77ae75f,272,257-512
870fd00261793e268c4feba5191db1b4123d57d5,432,257-512
f881bec72a3ad3be758ab92323f468697e6a637a,328,257-512
870d66323e9f510e2dd0d3f12fd338cf36721a95,354,257-512
a686d817749fa1f1b52341511dc92e70ebbbf29f,258,257-512
d38b91cb144c31aa92c0cad6d2367d380a30e413,296,257-512
a5e7791bee23032b3e59db0637084d6d3f514371,270,257-512
3b07383885c1c30c9a6ab5c816917b9886cbdc12,347,257-512
bc83f6c528245e7cb80583a94a8f31f2e11cfe17,367,257-512
291bcc7bfadb6cf91bde2be0091f0d7b12da9f77,276,257-512
0926d397376aa9bd72b4481791e0bbcfd8e062e2,419,257-512
79a55706503263cada267a219dadfe6f99efc1ad,306,257-512
866ab4ba5b3b1cf46f4a29b32dcc52c3b7ea8fce,405,257-512
b2f093c9075f0f98263b5bceac6c4db8974298e3,321,257-512
c2f46906faa6a5db0c840f1afd20f7814ad39369,385,257-512
1e50fb27016c56981b9092e1f91c11fadcc33800,485,257-512
781c518faf9ecaa08d22bdb4c71fc7adb7edabb4,493,257-512
31edba0ff0d95c420686726cdf379e3323f98c21,411,257-512
f7f72289cad21dd156955a0d31e4bdf5b69c3ec4,385,257-512
00ddd8ad982a7b976e5f667624c73bdb44e3e385,372,257-512
cbddb512045062b0f8769923a0ab758f665a9f25,259,257-512
536daf5cadac5361ac87ec77677b300e890e4142,278,257-512
e817fe321a26ba68a213fbd0bd746fcfac59d71d,337,257-512
215ffb2a22d931aa9d15f9b9330afd608df1f2b9,275,257-512
db06c9be60f2a342acef29c078d38fb5ad33b92b,311,257-512
9fc7db9ced455e50edb3a8e9297e16fa3a268389,446,257-512
2cd8e95975e37d3f371685a93b40d55ca7f0c8bc,290,257-512
4e41f819424fcb7d7c4563d1c29533c3e47b3895,291,257-512
6423c52b6fd40cb7bbec511330d3b788eaadfa50,289,257-512
95d716514ef7a9e9ad42768dbb48fe30c9b456f1,439,257-512
8b7034c95ca1dc2f06097305f7419357441d82f3,287,257-512
91f5023a6a85a5982b3df7471e10b350f32535fa,372,257-512
4424ec79a41f971c5bd4b6cfe9af3788752b8808,327,257-512
1548748f069ee00a55c55e11dbf4a6475bb3190f,307,257-512
aff3a0ff261f5e0a043ad5f03e1e932f5fa0a3c9,278,257-512
793a17b31fae7d27e327cea220df571095f62efa,482,257-512
0a8710c55c45b08e111a8acdafce63f418340d2f,344,257-512
cb6ae4551dcec3f7a55a7b75c858c2848567fbeb,286,257-512
37daff71e11773af06b4c90bc76684f197a9cf2b,370,257-512
b7fb5516a3dd32526ae8362f31edc78782b9e5d1,376,257-512
4e3842bcbfbbf7252483bc17bc24fc6765f02e91,263,257-512
f6ee105cc65a1290a913984c4618f8ad40b0f5e5,493,257-512
60ed34a353aeeb3f86b8cb373f9974967b476d0e,502,257-512
1a2366d4791d24e35a66c150ce23e486e719e4e1,293,257-512
7a4db1065bd431c20bbcebf8fa0df7ee5d28af3b,266,257-512
4ad5eb128b2c657cd20f589a94d5859754ccd8de,335,257-512
e950b7e4142b8041c2f1ae2cfa62d23d756093cf,266,257-512
a8f67808c01dd6f043bd2fa2e54960733eeb2939,289,257-512
89865740a80014ea5b78e7d86a42dd857953a2a7,332,257-512
87c4f048247cb67e0feab5887fe449f4b305a12c,366,257-512
920ae6840a82cdd3b12c0b02dd8f9ae84f017fce,265,257-512
1a2ab88f595bf6128f527ff066fdcb3a5caaf4af,366,257-512
b71506470b80767eff38ad36be90413e1663371e,266,257-512
3867b3359179040c56e99dabb5f63bae3d85fd08,330,257-512
60e18afcf179a85c3a2d86bba4e843dd6c8bb6ce,359,257-512
ff6c4c1b7bb8cdefbe00ffbb292b3662b2812950,272,257-512
5b1d743c25beaf3beb40df74fa8abd0ddc2c8d22,434,257-512
78941da6787d444c1c49642649305a8306700be1,338,257-512
6b67dc661d00512145602a9f71fc05ca787c4a2f,287,257-512
a8ee81d4e9c5f4035918921327727a652f2ab517,407,257-512
2d5f8545f024c0080c0db29045a6a836a2eb8063,333,257-512
9ee29fcdea35c909c855034783de4aea93b78941,382,257-512
831826668258d7c82d36133fda9e4e224e6f7f05,395,257-512
c54b6adba734c5e4929a86efa3a07008ba023a23,368,257-512
64153e94bc09413df9dcd6de6544fc232f2feb32,359,257-512
68b62a24dcd9152c6ccd23df4f74a59f0f644d5e,443,257-512
97891a75d5207a0094263e0a00fc47d128966a1a,302,257-512
bb13e31a8fd397c3545a8f69475229c6f2a41b0b,327,257-512
edb180e7ae3b9959f6a84109ee77f007f1304fa8,300,257-512
51ce04779abb6815b3d539216137745bc98aa17a,351,257-512
b399c364c4f569a5082fefe8a250ff8987188da8,266,257-512
d90805893299a6e786f2b1650503a026086c95d4,412,257-512
28c3bf9fb027adfc4be355205f6ca585da3902bd,259,257-512
bafd6f059597204ac2ec23ecd4fd789421dac8cc,507,257-512
20322c1287506c7493f90e5fd4aebeac111d61cf,297,257-512
125e0a58cc7780c0a37d13da472d4932b97269cc,477,257-512
84a2755328223f893a9fc9b35960c7eeeaeae827,308,257-512
6115a0292c245acd1ee85161f344501ecb503be5,364,257-512
4c9af284102f236d13e935d391b5e27586fb11f7,262,257-512
7535c7a3ac848133e25590efefa94966b9019f05,380,257-512
29e885ed7b8447628383168cc635033185c80e76,356,257-512
ede26d657ba136963d2961779d6ed09ac54d435c,392,257-512
de9c4120a4507c7f263734e307a41711aedf0d2c,319,257-512
3dc6251970a74e4db1fde43430db57e5eb13792a,322,257-512
f6582e1d6be556e011fefd1434877ce5fa8ed3f0,286,257-512
5e849b22a1fa3361328c2356b798f0a9dd0b95de,374,257-512
89e885e292c642e38267c332258ba74a7f85fcbe,370,257-512
9f6cfd119682dd0c31980ede4228bf4e5bf2e761,323,257-512
7f98271129e2d17fa963ed3ce82b13ecc8da6ff0,274,257-512
73dc1e10b0f3c6b6aee46e5b256c3aff1048c3a4,343,257-512
9c0a163e4908967d56d04b42edacacc3205917c2,436,257-512
b341c2549691726c2fe273ffb97eb5b84d532801,482,257-512
9d56c0a0cc4aa22c9e90a69c2a16b32559657872,340,257-512
161f321891e0ac38755fb8c758711ccd71480723,269,257-512
c2f342d8b477df7d296f855622eafe9befcc8366,313,257-512
fbad4c2b060ded55f45daf2cd16f63227d37fd3f,385,257-512
71edb095aaef6cde49157ab2e275f8688c252750,257,257-512
a152ce6fc3caf8fc8c040e91ca328f7ea3c163de,260,257-512
38c1aa2b10db9a295f06417a92e42a539e963ada,260,257-512
625d56e20849ff29e157ff0108f589429680eeae,447,257-512
14ed240d18b8798731caa7179cee13476262e9ce,334,257-512
06112a081be6f3c5d4da060520a1a7bbba03a8be,273,257-512
e24539a69161b9047b3aa82987e6cddc777bb1f3,360,257-512
a91bd73b5ef4620ce91723fa441b145a97f7a029,372,257-512
24b889929dce0967afcd0dc2bac4f58ac891018e,258,257-512
64f3a09c34ad12759b6e063e279570703bf27e54,345,257-512
f9b1c00620f9c17c88d6e94627cef95e5cff37a1,269,257-512
10d0d0fbe7cf5987ee2ca2ceb4282cc53b3e92a1,501,257-512
e6f3dc6390cc09c072ca6cb3b9895e9215ab5615,404,257-512
832b04423b3808951feb476e3b6b3bffbdbfaafd,442,257-512
c50481ecdddc15815a0f572496acf2f55ff0eb01,307,257-512
1c6979282cf04b211581bb69b45da296b0e681a3,333,257-512
e13ee9c9bb6487e92a5d7f4ba7309e0501b0e506,272,257-512
58ee97c621c3295bae563d02344389a716732839,383,257-512
bf30d758ea2b6d93b6371ee0ca6017003771a89b,345,257-512
5a8e914328ebd327647e731ef94b7f7d11419944,337,257-512
0fc23577d2371f15a12e6708d56d7903182299be,431,257-512
d52a26c7af7f9e05108b321908f070a2601d982f,275,257-512
a7e9f4a43cfb04f343ecedc2f3f8e09add1a957c,336,257-512
fc1346970a9a59cc4410314f2449dd9012707420,318,257-512
6798ad5a666dcd9a7dc01b907077ccfd9c3e0a37,259,257-512
89ffc7ce5ac189e54ea0a893bc1b71924fce41b3,319,257-512
8ffa310eb0db042442043f99beafb57085b09c69,384,257-512
d3fabef56d2d58bce37b2385d9cce5ee28a15a15,433,257-512
2725d2779e67d4fc80f2be725588a3b29474d08a,461,257-512
aff526cf545973fa25c5e7a18a7768c78a534c45,464,257-512
011d27f1f31949878eddc4a004b71d7abc51654c,304,257-512
abb89733aedcf629ff1123383a280103aa7ff342,322,257-512
4d15422dfabcb1db3b52c93d69370014056cb259,271,257-512
edbe6de0846cf6fe67a7726e973e4d0dc4f6d694,289,257-512
190d724a50fcd319f12935b3b5a4b50252248210,340,257-512
afac24dcfb1c12420d7a5da66e6a063ce498f40d,400,257-512
2130df543342692fa469cc62590a91c1f2f07b4d,357,257-512
9bc960e39b75dbbe68fc76840b6ae99090970453,315,257-512
06db9c9633098ee0aae8384726f1402648e1f07d,352,257-512
0ca00160c7735fc34a482c4ca5033294b4014d3f,412,257-512
960e9462b568a339f4605a333d75d568de25a5b4,258,257-512
74b106c2b4dfbf29cdccb5170016a0df8f97176e,385,257-512
d94e8cc591c81141f670cc27a5b3082830a6a19c,298,257-512
ae6f3f0fbb20699fa96c424f6ab68ea037401430,355,257-512
5deea6682493f42cc694dd335b856dc61069ef7b,324,257-512
28086e5ab470c976f83e038ecbea83ec631ac90a,387,257-512
bc22b40efc045f4716158de8efdc236b76abf4e9,387,257-512
cab06dc09dc5f80b00fd325000ac3274078c426f,263,257-512
1fc521f87e15c4d03f9a913d13cc512e352bcc65,335,257-512
c1fd770276a746135d1971bfcb6f2ab83fd4b29e,446,257-512
87396b8c0dd487b3a4e18cdfd9c9b5c596bd886f,441,257-512
216611dd04e6a9995ffd64f60bcc8f64a63a57ce,356,257-512
a8b4e48619641c17bf8581ab6ab1a5398fdbaa92,378,257-512
6357162fada6f51354724ed0334c5c1f9e75a175,313,257-512
9b53dcca6c220a9e6b2fb96d19d31d1b2459703f,313,257-512
50aa7c281e30c73fb9560d1712863e02f87d5df3,305,257-512
7854e4833eb7af157b74f609ed96cb7f1ebd1041,286,257-512
2a3f1b43b108953a4edb78ca9cd12e19876bf46d,260,257-512
80be304ce3032579d608b65c034b18f1c161ecaa,308,257-512
529b128f925bf5df8047a15d62a97b83003f57f8,283,257-512
edb04a101bbd38d1f7b2bef5e39e0410d173904a,302,257-512
f2266b27689f54430c4fb098f8f8c143896fb54e,496,257-512
a1798890f923c3617823ad0e4da94d7b34598c8c,287,257-512
c8611e870ae80b9d498a9a33ba7d48705e519017,286,257-512
bb9e3cd30c9eec17789d1e2b7179c5ad8232f41b,391,257-512
363751922c3dbd6f05b4240fb61ef3dd8ad56778,362,257-512
8d673010e65f21807edf2ad728837e91f795f64c,382,257-512
4ddaa2989b5be8f3cde651590f785797bd575fd4,359,257-512
83e0a3c6b919e6d52059b481a25aaa3e4bf74151,276,257-512
a597f9e62ca11abb3b228babdaaf2b3610d9d7e3,449,257-512
511c0dea3a058091335b0591df58dd8635aa3c93,266,257-512
3c62cfca3692d4535c2eae46cb645d25bfb00afd,397,257-512
4675afcd44278c08c250f6497803d778cdc03935,275,257-512
6cca61632640405c0f147649899cf543e087c41a,344,257-512
1e74051dd2469c5e34e192c603944054306836fa,264,257-512
c6c56a00590ff89978c51f17ac65d06580b8662c,465,257-512
3e9bd2ece97b74905a93de395df66c1c91a3405d,363,257-512
cf0b84bb1878caf686bb36e758ce6a3248560ce2,381,257-512
91f9e356a6f000bcd9a9b1d02ed1de81ee49b848,312,257-512
a3920b5ff308321154f9e324bd5491cf285e551f,382,257-512
6d06a1fff5807bc50942c407d2188f61312a83c9,271,257-512
cdb2b60abc1e25d005f68be04bdd3175c99cb474,298,257-512
b22e99313aa8bd4e78ae42aa0175b7cad6c70525,510,257-512
085cccb81623d5f7b187ecea178616fa33791cda,262,257-512
762f0fd840edf5878909fb2834073d26f8583963,355,257-512
70c6bb6cb85041f7174d3efdef1dca0ccac63c98,354,257-512
03dfd6889a3d681eaa14e1ffc9167012ac09226e,347,257-512
935a974b1028aa0e377d940e2c6ab325e0dcefe8,387,257-512
5f224d89295790f95c80f59a5942d5e3aeb046c9,377,257-512
a855305755d93027f8a3ed466d87dab655b042fb,475,257-512
a534824215c918e3272c437f6a7c3310b56d547b,437,257-512
24df91c24ddea97e6aa6d488eb39a6661c252942,401,257-512
e0c8e6645cd0fea1e529b9ceaf31a084a175f9b6,270,257-512
f325742ac54bf195c2e702aa985ae960b82c839f,311,257-512
91845af6950663c7bd85124c9365d293aa7516d7,488,257-512
fc443470b2e8d0fb03f8fea08b3e8b7f5865e502,268,257-512
bb99dee5d7ccde8a2b45d50006ca7fe878ef05a8,439,257-512
0c048a51d814c19864cf226cf76784da263797ed,279,257-512
7ce5027863ef89acd90207fd0fc83a440428a125,464,257-512
2404adedb48a5b786af1df10392ff6e8e836e279,270,257-512
5c1b82291b07dbfcd23052e4d831e7b7e008c3ef,394,257-512
c246c6f0e23e004669b26c77c2fda2c65cb64f88,407,257-512
5a0582a48506ec1eb62d20f9a429e298c942e477,303,257-512
2877846a8126623bd1bccddc415bd4cf59be357a,268,257-512
80e0ecc6c7ddc95f3aea931eea05b9bdc97bc1e4,308,257-512
74acf620eadb0f4ad96108b0c49cdc6b62669268,272,257-512
a9d6072025a29374394bddf487a8bbcd9b1c3fde,344,257-512
88079a81865060f176c0832242d0310d43c3d557,337,257-512
50c5269446b3b70e8a23662523afe10975657b88,410,257-512
4a155f59cde0f68e55d38af31e43178fcb1d88cd,257,257-512
afb839966e384b189c610d76f0b1ba37b849eb95,278,257-512
3f4db80843ac251474740002f6bdf0c26ee5b33a,291,257-512
6e5cf9d245f97411baee88e0b019931339c3e13a,318,257-512
75e1b39ef97a9e25619ff475d13aab3ed361da5e,373,257-512
e817ba667bf3f78220b0795a2b731abf7d4b80ec,306,257-512
b5670935fa597e837c197f398526ef77148f0dc0,416,257-512
9b98772a1a583dca067ed3fc04bea1885f8aca58,259,257-512
2b21050899cee93360200114b467b58cd3e4611a,257,257-512
b0ac6741fa352f482b10066af3d0ec32160f1ddd,300,257-512
135e38453f2ddcc983ee2a8e49daec51333ab2b3,377,257-512
ba756c21994e050ad4eaf30fdae27888d76ac4b7,372,257-512
b23ccfa20015e67000883671b59616f228af7952,335,257-512
71f422ec0bfb0df10064b971a4a17ef039813172,268,257-512
8fe6a18be56a13b526c085455c7f423277f24a10,396,257-512
a899b69544a4b27e1c7efc15522611cf38aa92ed,308,257-512
b620b20ea17891abdda42f9177820019da2def8c,309,257-512
88b4b569c242a6cc4509057767e343f15475ded9,287,257-512
837ee8a8b13e51d043e4256df4ab1085f9a677d0,294,257-512
36d1765ad186cc6a51c5ce76bec8b12c74cbda2b,264,257-512
087091ce480a77d859040244a20ae568f5f21558,438,257-512
27ba74990783598ec62c26b75f16673ac3b5c2f8,343,257-512
7f2ed1edcc6738ff994f1f0dc16463c2c375a0cd,486,257-512
41757f13e8441b4c54dcacee76719bc0485c27f1,269,257-512
c32ff271c0963ca6dfd7b34683140ba07b2a98d1,297,257-512
1b823afb3a2d7a46fde36a2834ddf9f988558f1b,322,257-512
bed4d414bb3466d9d9ce2ca14484ff2fb42dc259,366,257-512
d642ec38cf8b6ee45e7698bf4aa4e7e99613d419,262,257-512
44bddbc5dfdfbb09ff3f3c14b9e1668334ebcf4c,359,257-512
97b3b3d3c295c6684ca80948020296178800d168,324,257-512
2f6598a174981b3a6a77b6535a9561be9f68c7fa,288,257-512
ea81bc862f946c8b16021e93fb95d3b388229c47,378,257-512
c3591611ba407334c7197ed72ef0dc954e86c9f0,371,257-512
cd53d78b3a9780e0c337769738cd7e2763845402,318,257-512
9cf3c38899934862d4030a1da98f27384044c37f,273,257-512
37b3a8b9aa2c7285bec2af0fb1af398adb7ab9d9,361,257-512
c54e1129bd0237d1e562a9e2880dee68befe321b,289,257-512
1266826b09a1affb4042fd7db54300f2024f4292,446,257-512
3c5493f4b2f93a472e7ddaed19d2f7507079d1f6,316,257-512
c865111b51db6cd21e190df3230f772cd0fcc595,267,257-512
6c1062ec08e7042734dc8d1c4183b5586a6521de,258,257-512
7d4ad3e7549509a7eaff9ff57febf749d3ebde87,364,257-512
ece92f718f14dbf2b07ed34e9c41ddcbe075c6a0,378,257-512
953877ab1d49c54bf658ed5bbdc6bcf49916667c,292,257-512
f48d98471c1396626545be0c0bdc11eb80b14bbc,344,257-512
7aa26376ec3264ecb061a167ca0910a63f37a057,383,257-512
010807142389ab5386a031160d58bd1260ffebef,309,257-512
812d119f25026fbdfd18d3bfb79c33e6373724f2,272,257-512
df12fe460c099ec56e26c7eac3215b683fbbb2cd,381,257-512
4594fb4e139a2f296354c3695052d50d17162baf,290,257-512
be5bb18439f89c237827faf1d42178738d410c36,292,257-512
ce3893e19b8518fadd31be2ab5ed9e5975034e32,278,257-512
d8bde48d380778aa52feb15c0ce96504f0850bd8,386,257-512
e9a33cb4f31000bf6adf127f41aae5e1fea70ad0,336,257-512
8813f1fd2f38f985715a781715236f7bc4fd88c5,436,257-512
b62139903919ad41f61669a53bebe69428362164,308,257-512
c87f1c62ab2c714d46e4591e3b630e071320887d,261,257-512
7a79746be96583b83a6c9b5305f69a1eb4b5b9b4,362,257-512
6a86a523fe9e8fb05129244fdb9a924491b5a486,400,257-512
b6783d346009a963e13acaab825d5293a0272fad,289,257-512
f0da912ac762614ff8316a1761e9a9573cc93060,372,257-512
c22be028555c3cac5bdcaf450e634a23869ed4da,436,257-512
19a9e064a44468c355f57c5bb15196b9bb2cc5e2,292,257-512
ca065e36b491961bb0883bf27068d9c13b63812f,270,257-512
9d688b592179b8267c5faa2787b3ff541460a4fa,320,257-512
7eeccd5cb41e2bf437ddc583b71da9db1f1b7afa,410,257-512
517fc61b4a3f183711f7e5efbd878ef6a15b1fed,262,257-512
377302713276e3773666f3ba305aaed2d5d40417,330,257-512
76c5dea57f9cde8a5546ec710903ea9855e4bcd6,497,257-512
d549822c6f6a5e59a0151a6887ef05408cc65889,282,257-512
e12f8c90b9ad7f2b8dd9e825f2aa642a147b4b30,405,257-512
8015085aece7985dcfa7970cb51a0a50efc7d86f,290,257-512
bdb9eb48bfe477ae24ffc12b97249e2eb582b5c9,318,257-512
59783a36205d40fa54733dd96f0ce55b34afd8d2,354,257-512
f55095410b5e3a3b63b39c61f9fed74b566d492a,400,257-512
ecc67a11a6709f1c3c262e0969b0369e4cf29fb8,317,257-512
edc182ed623e32b4ec6776ffa88b764c8a1b938c,383,257-512
3c47c72c17723faef0ae4a1cb4f51b4dab1f90df,276,257-512
9615babc3bc4a528a8b0b66e17b66ebbfa082561,365,257-512
6e7682779bf64edf98e75967e02fd3694b3551d5,295,257-512
b0ae18d184ecef00dca94e4d3d27e0a623dd9595,447,257-512
8c197dc7add21adc2ea84d56148a0af918a9f8e3,293,257-512
a36ec229eb5c683977ddc3fe400ee8f24f75ab04,506,257-512
5b3ff1d9cbd0ab968d50583b498cfe14549975a6,288,257-512
12f83416af40250920b75b3f474282a9f98ebe21,297,257-512
329841e83131305db888e7016124a456ab5836cf,337,257-512
d40ec70ecabe554becd07484c65e3b29789d268a,267,257-512
cb9147ca3dad107d8f3645176702ff43f00f995a,328,257-512
35c115be7807817b8a9b49aa333eb76ce1b75288,294,257-512
41f031ca3308b1aee73f5ccb8e782bba8953e49b,316,257-512
bd96d7da5548c62649cd846ca2a1cac08d4cc435,291,257-512
f786bd12cc8b0717a1904f1c188fe5d0fa3bd00c,363,257-512
7c6b3272041ae38892f31839c51105afcb5c379e,358,257-512
b096a237c14afbc684dc7c009c071bbd53db0bcc,375,257-512
ae5d64fd761e7e91451a213074ec3be62fdfb34c,367,257-512
d0e3e74186181a5cc4f823cfa29ca9691611f6fc,259,257-512
30bd65ea4933e614ed4d55960f7eee95632c7614,300,257-512
315728c35f9fa3dd2626b83b3a65d422a99c4e9b,305,257-512
b59990f9a9364afb98eea9a8664082241882abc9,360,257-512
dae02bcbc195ba7a21526ec38881825d6a8bb563,470,257-512
08b494b000fc0c83f2620eb9fc0092f7461c5ead,286,257-512
c17babd21959a3e97184545541599a48bff025a5,274,257-512
421f60f316373875f8887bf58476b7feff4716bd,362,257-512
5fdcc8b70dbc90097f253adf878d960c724f7614,358,257-512
6b9878e705fd77cde00b870addd2d94559a62112,337,257-512
c4efb860bdc91fae3b460316ea10bd2177094b9f,288,257-512
17ea9bfee5090cc9b11a4d3d1b41724c49643e8a,490,257-512
ecd71debbb5cb71da1d7b05d848be1f8940a2e0c,356,257-512
6847ed805b3456a4fe14b15316c4cbb3db2dd99c,257,257-512
1711ebbcaf6ff8839d14c79d333f78ce67ebd953,289,257-512
57071382ccc84dfb688b612611967d40e5f3999f,470,257-512
a42475d42516427c31dd706da21fbe785a7c6ea6,346,257-512
8fca27be6d22577140e8b491200b0b4a82a0239b,440,257-512
14fed3a7c9a30bed1058e1379ed42c08177e8702,268,257-512
ac2460b2ca709d5aec0f85dcd4b86a17fcfb3114,263,257-512
edb843e2c632c607093324b1008ae82fea2689cf,281,257-512
f168e425a6c6e899aa72f1374dfaae9328829e3d,428,257-512
2805e1c5ea8ba93ef6cbcc9b2a831654e4404170,339,257-512
05e742b49656cb5e3db068e1310a9d2b36b855e5,318,257-512
8f689702504bf19df66658acdb4670c6482fa1b2,396,257-512
51a4ab216a9149b7d44f08239a7f8bcb2db3a90b,323,257-512
c1cc17d7ccebd1d3886c58f3da74f68db26c3e79,408,257-512
ab989f5ff7c080e7db8d84c2515c56a01f339ada,507,257-512
9cefde729e9bd2a534040066781b60578a1e96e1,294,257-512
dcfec917b7692a5403ff32177cc0d48603318eba,280,257-512
d1fac0a3cc2ba0f1e04ac6cfc4a06613e18746d5,416,257-512
824fd74d1c5cc555b7be6af4e0052f82583b3040,411,257-512
a26f85d7ab4cac0c552960e67380456f0a06d335,258,257-512
1dcccfefb84a98b0635680d161d689e0017111c9,289,257-512
69fea2783b1c57c8d3b044e3b6c1cef599cda12b,260,257-512
639b5900a8d64fb49d2774bd70fb522562915d5f,335,257-512
222fa4f40b0aa4d1ef28c75b15972a0dac4219a0,295,257-512
eaec859cddf344c7088694d5463a71779da85530,285,257-512
c24d6eb4260e6fef3d86f02f9dc6005282e43a2d,279,257-512
a793fa320be4edae96e217a520c10af9e0581f1a,317,257-512
5874c281647c4723809674bc2c600e6efda87e41,329,257-512
744472588a1c9b532f721e33a81d355905bd0e64,308,257-512
32fa608473dc0f277f2f7201977ba9d4c6f57324,304,257-512
6259aad8967bb2b04ff424273f595968557e45f9,301,257-512
40e33d333c9e9893218c6ef8b07c92df13c0a6d5,349,257-512
a84d3293d487626197b5b494c55144e62662a258,260,257-512
297631516484b728962ae1c714b34fc0c4d5d20d,490,257-512
abd8012c3871c79af35bb784437f281cb323a9bc,509,257-512
f8d0941a49d69371632cdf6b1d696e393c36c564,451,257-512
d7fc07c6aaa0dca02e675ff3bc1b87a9ea8d1b0d,286,257-512
70f884ff2553103136d418b30eaa22755f4ce655,422,257-512
1df8ff82623c8e48856841e164ea28b94cb0b1f1,341,257-512
d03bf0e3b10edf9e5fcca78543df2cf4a66df168,467,257-512
5941fc1816e3ce0ef91a71465193c6a4ae5066bc,396,257-512
6f69252c2087f2ddc8829fd74506fa905032afb3,312,257-512
eb798f06a960a0574bf74721b46a4bd6f2d2cefa,318,257-512
1dfa3cb428883aef2fcd94d77e4aa3293c43998c,300,257-512
7a852b4cf88ef7c52b4d7910d80b4a8259096df5,363,257-512
9549468a10603c1e0355177eafba07855addc11b,347,257-512
0270c3e2528db9487ac7efa056792e72d2d2f5a7,293,257-512
9d56b28719ae15f4d8f70021b3a5fe5595e4ceb0,297,257-512
547081d0f74e1444a019e545b23b6bf1c0178256,350,257-512
4a93d6f16e6073643ca86fa9728d276c0d3c8128,377,257-512
167fc444cbd93633fc888fe7b05fe927dee80ce1,457,257-512
41f0c1cca8c718598ee1c24db9095689076f8cb0,444,257-512
e11c06a78f8817f5d50c707790ec208383b86d0d,270,257-512
1f1095c6f097f2a61ad4a88d5a5a23e8bdabfbab,304,257-512
c8d7d46e57e8ac5fad6a1681b81c56398e69946f,267,257-512
2e9f80df8b88f89448d55785d5a1fac1dd8943eb,352,257-512
c0e58204c1243cdaabcd111d5017402d4a3b8c31,446,257-512
50fe310b49d65c721e6ffed1a2f4011480ed4480,262,257-512
e22cffbdf3aeb2ee85583a28b4aa2565c59fe827,378,257-512
c5ca3b6ad0e74ab8a83d77ebef0c5a498ba5d781,261,257-512
2ada02a0e60440c9c0032ebc87c3721c456fadd5,413,257-512
077a1216b221e850d9d89de3f56df7f5b994145c,409,257-512
96e91b2fc5965b6131362921d493205ec0b95118,310,257-512
d34157366168c9546f96e72e70c47a9dac85823e,276,257-512
c4eb74f806b9b92c959b83d912788f7011af833e,374,257-512
39e80a21ed8cd0de8e49a7c993e2737295b617f7,457,257-512
31c976d30d83bf40ff6336ff0a1ea6e0ad2bb889,479,257-512
00fb781688e0ee1090bf27bb32a0a7ba555888a7,282,257-512
36faac3d0f10fe2e80fe56427eeae65af49f64e1,376,257-512
ba8ef57c59b36e338e753412bb083ae31ff83385,400,257-512
b5950776906190aac07b0d34b397596a2a319d51,399,257-512
8375fe3b83c2fcf597674b3e37d2682e36f546f2,352,257-512
db2159285028cd7d453bcdc984bf9fd3cc03294a,339,257-512
aa0eb8dceb4d8666274356f4ba8d15f39060cb1e,267,257-512
bf56f633ac7a27110181d55c9cfae0c4552ac8b7,349,257-512
3e632e211381062f4a60b1dcb852ce4f23c13737,358,257-512
7d2e489121c72ed9f467bc6d87e928e6e3dcc750,461,257-512
3cb4c85bc2076ca321c8895ea312a030db9d60ed,292,257-512
a4094fdc9d3cfa01986b8c6fe5b07f44c9db6775,475,257-512
255286985d92e7ef84a20ff7b43bdb68a20e3ac7,265,257-512
3f6bf5c4bb8a521bfd5af29a4f59a6dae61f21a4,295,257-512
31de8d9771301c7fb4c10e1945aac007f08269a9,304,257-512
438b7fdb56bf7764824871c4e06f62d1bdca14f0,369,257-512
40c6ab244981311377b7d2eed22cedfcffc4491e,393,257-512
41b41c4e3e14db0bedaab969535436a73a03c1e8,324,257-512
e59f7255b2ccf8bafe532c9bd453fe6a900158e9,347,257-512
179018fbe2df24d0b32f8122a5c3a2a5af082858,428,257-512
aa1e47dcc9a434d17048de93ea5e6e3046440ea9,259,257-512
47f296cb735f215e20f73d1dee3204471338b312,384,257-512
43f98184b8ae9edf795bc768a74ea5009b0b490e,345,257-512
b7567a8a3fca5961b1ab7a92d362ef62a9d25e8f,386,257-512
370a48fa8bd797dab7314a81d046a2a1ae6a37bb,509,257-512
5ae714c57f65b289415513d7be092a5c61646f72,472,257-512
4e71860dd037696536ef5ead856d0f7df8f46ad1,279,257-512
8ba54542d9ccad97e1be4f3f6a0720ec1af62744,384,257-512
6c73524d77fc333272b791c600771242b00487e4,303,257-512
df76e15afc936120e9ec043ee2e5168bd962e631,317,257-512
506977c3ea6fcbbb49fef93228e021cd9244b886,346,257-512
8c3901ed1f1b50d75b569d34b6b23c728ca85b87,330,257-512
98c9292a8854652a75f65264b0c8126760105b4c,301,257-512
60a28807f07611babd2f834e8357515adaacd202,509,257-512
25f4d9baee33369b30737cdb8ba97243de47aa66,388,257-512
56b470cb1e207eeb2271dabc7d99960d6963b3f2,407,257-512
3c23624d6b1364ebd438743c555d130a3b70023c,301,257-512
6f879678d17592e63101bf2ff31778f5c676b019,274,257-512
6359d183591d74ffde599144051e82e68ebba30e,349,257-512
a60726f213e0fdfcc3f38e17a1f833be3e93bb73,257,257-512
fe9256e14f5afc3fdef325954058c3a8e118b116,423,257-512
05799ae73f26190d76a21366dd617888c88991da,258,257-512
5078b931198746185ba394dffff745773a74c95f,261,257-512
d2288464394ba40d1b906204f1426dc5d6bb77d1,278,257-512
229e0ef2cd3b9434ed6fbdb8b7a3ae8b505bec2d,288,257-512
a877b47784fdfe4b6b3a9a46b7418d920b7964ff,404,257-512
f3f5274d4a268a8e0631931146eaf1af5c91eb96,488,257-512
48f2092627ede585ee0ff62999a66ea46956716f,315,257-512
90c307165c40ffa7a5d65fc70f8813dffe1ad1c9,440,257-512
5a3231a189b360a868c0863581ff895db07b6346,284,257-512
1f8d43e7ddf55fda87e696eef28767d870ed4479,341,257-512
6e3cd7d5ba4d966bd5520675c135d7ada8e1ba48,293,257-512
194af3fdaa1e40a181437aa3fe2d60cca62de67c,373,257-512
ef72f6f1e82f28ef31dec4ae3ebc4436e631a236,438,257-512
450505a3db7027c93bf4caeb0e1691e2c91d094c,336,257-512
4bfdf6bc56dd4508c751ee1021ff37f56b583962,333,257-512
cec49f1a5a36cdc8bd6efc1256071eca9f1e9cc0,263,257-512
19bfeba8f61232b17d5cededcaef75b8b57f33b1,328,257-512
c6fd2cf1fb98d51ee315b7c3af7b9d84e4c83de1,315,257-512
56bfd4020b6e041aeb3f3aec768fb9454468c6e4,381,257-512
b122e41404cf257ddfc78a0178254f1605fdf754,302,257-512
97fc7a32371f50093026a1ec4cdb67ef7a3f8fdf,347,257-512
e8d231894d841d3952fad162efa28aa2fcf532cf,451,257-512
8590b102b187595dea191f93803883eddce247e0,271,257-512
936746b68c1138bf488633719f403b1fdd0f30d3,298,257-512
4141dfdd53ed5b6d06a9bc96f46421d4aae9a4d0,345,257-512
3d0cd8cc188ada4ffd4b3cdb2bb05f7478e08a65,354,257-512
31cf891a298751065534af80a57fa07715a88fc0,385,257-512
8dcb44165e497547159fe673155828cfe5712a58,269,257-512
624b7927eec050624ec415e8573b7034e264fa97,266,257-512
69d627cbab1cc4c13b599d2b5ba6f0c466b28dbf,459,257-512
4ee53d3a79a98f1895ff31655b560c5f2afea150,260,257-512
90dfb00dccac1b3ccb89e4ba3be3a0223671aad8,319,257-512
8d2a327960adbe58c10d93c5e7a1fab969126987,480,257-512
9d98de85c8935622bbdb7480f7f27a63f12b4497,343,257-512
207e0ed4c0b6430eea98d39cba55f50c988c1276,503,257-512
4e1a35a1a8de668feb2315f68469dc51d589b6b8,383,257-512
bba0de62d047fd733ad9b88bb7bd7fe4b9e7cf27,358,257-512
3ad736fc1bf53c38d0738b49d167dd1be4b0f515,360,257-512
80be2643def9748dec24cce91d80332eb0d4d462,381,257-512
2f8fda23e8e935741f87eae78fc4e3bdf0ebc124,473,257-512
5e82752c4f5e406c17aa119f82e18ab5e8b43c86,400,257-512
56a573c01e2216ca233db4995745a6d063036959,310,257-512
c2fb9ba131b5a33f767fc18c46f3f8bb190a4c1d,291,257-512
00bae82b2b71fec347965c5a5b8df12eb2d28440,284,257-512
9cf600337ab0ef7007e737ac71c8d55a26c4ccb3,270,257-512
6764f08b4e0ab4de88a1ee6bd3719ce41fa25bc4,276,257-512
3b22d176e3e0bafd780dd6d92b3e6003c3f8b7a6,503,257-512
eb805932e1bb9a4f0a1d5385e4448e607431cc8d,259,257-512
cf17b6f61930c9bdef04c413f0945cf10328552d,288,257-512
9a959182a9eebeb791def3696afc66ca772fc220,380,257-512
c2eab2b0a98c062a138b8e0cbe43af384679443b,341,257-512
09b6787be1a31f334d47dcdced38fd4754642b88,359,257-512
75120fe62667a6b3f1a50aeb3ddc62c0b7f8a8fb,311,257-512
1ca5977c146bdb54275d53e6e8515bb789491046,268,257-512
b3fb22975789944974d6fc85dce634e13374e4cc,458,257-512
a54ca4dbb3ff4425ec04a8ea527988ddbda24815,466,257-512
c6f8aff0dd6fb90bdd14466b3647a0b15a79b8e1,355,257-512
cec823fc6ef1df537c16fb622560a4aa03a08cd9,273,257-512
f456a6e973e391d39f4985e2d9c741f240253338,371,257-512
4cdce9808c33b9a057f3836e24ef7f6d6dbfc4b8,304,257-512
0bd4a22ee0f1951b93f879a4fe838accf57bbcbc,418,257-512
3e280626b281b02e9b82b6522a2a34a2d96cced5,294,257-512
fe294cd45f87a4ae51433d65feac8980be9d0f37,331,257-512
f26421de66ab553e7afdb68daeca3781ec060136,289,257-512
8919201bf8e632d897d9dd0f9ea7ce5c3b0507f5,306,257-512
1378d3420911482f3036857ef6257c647e5c38c9,357,257-512
360c4329df1a65cd205b47404a741cdd541142ad,304,257-512
0eb9aa1c3d3697ff7f24bbe66c57a199d64a2d81,274,257-512
5e3c6c3f5985a811ebb9748f1b71d174294faadc,280,257-512
3b2a5116650386e9961b3e5e16b5b9d5688abd5b,371,257-512
156c48412d196536d007522c1b7219f06d97b8cf,282,257-512
35857f606e97077b666de3a4ec109c1964c3dfd3,306,257-512
27c24b6cb44d52d6cc45dc1670cb41a507b5e844,315,257-512
764ca71d85a9371d80addbacecaade3f2ec27344,317,257-512
814669c17b9caf133d0b35e4a7ca6d4307bb5ae3,339,257-512
4c717e1532b76e2c3632b297bdf4a023981c3926,604,513-1024
8691c385e9bd3e16b0450694f2774209c48d7f91,556,513-1024
447dc85c36be5c4adfb4a7c7a082f78f7ffa3593,530,513-1024
529dfe634eb4f0247dd70b9d2889558e5986b87e,921,513-1024
cf2d36921d59aad68096ea316405550ad1fe109b,597,513-1024
d699167c7bc1794fb630e07bb4610865f1e2415a,594,513-1024
2b6090f33a3b9b2bdad01ce78a8aa9c47dc5d8c5,966,513-1024
a111ccd1ca11dd7f44cbc33348a5bff47e66f5bd,764,513-1024
2143519647d6911fdff4135caba0a87fc7880fb7,731,513-1024
483c3cc96d6915c873dfbb27c8034a7f0a331aa8,798,513-1024
213afd5a42db0e49fae3322b38f59218821b6d7f,549,513-1024
0ad264d73f87473705374d4632e63ec1783b9543,689,513-1024
4d4299bfd0ef670b2f913103b853f6394ed026a7,770,513-1024
cf7bb07f807583c20567ccd2583dc54284eaff51,549,513-1024
9f9fb4565fa16ae0dcd53f46124015dd62963b8d,633,513-1024
14d4b5d2fde01b8cdb30a0f17ec7d1fe383ce24c,623,513-1024
3a674257eaa8a859a2374838b6ab194c0732f8c9,772,513-1024
cd2e914aa3f90c6f519cb233b763c5cc54447528,983,513-1024
626c78b510aa998d072c4c5e8b59d10873baf690,826,513-1024
1e29dac3f21c823764cde0838ae7534c41f3a06c,934,513-1024
ea1350534739300313671d06ba7a43bf92cc9466,633,513-1024
43ed64d05dc3634aa07b3f80a73de9f5c5dac262,745,513-1024
a7feb230ec5563d934b3680e9d17c701543057ba,682,513-1024
cd4a32103ed6560b34df75bd34ab1ca23062cdb0,916,513-1024
11ff3a74976ac3f286636c541936311b9914d05c,1006,513-1024
27019b0b4157bfd526b0faba673dc955a9054f2e,834,513-1024
65f048e0420d11d099d7130fc16e4bd6e3ad88b1,537,513-1024
f9753499dc94251d99a44e1ff5770fb97dc536ff,694,513-1024
9f2f814298320a792d2abcd6d4b5431658f9cb39,591,513-1024
8279fbff3d1bfeccce0c4cf762f748beb22aa1f7,780,513-1024
79699317487557f3d4d6eb53b69d972e4437a444,578,513-1024
2a33ef0456c1c31415a61a5a1b5c436164afba55,553,513-1024
faf54d4b050778d9cfc93f5ab6d5d9dd05cb0101,852,513-1024
d8234fa65e300eaa85d7a6c8ffdc881af0074d00,769,513-1024
1b033efdf05a3d8f82c98ff481b5ce56c900f060,527,513-1024
6030c651bce71c6300f66e213fa47a58f878ef02,611,513-1024
145419d7eb70c253f4c6b8204998647d4dd3cbeb,931,513-1024
048230f2056ffab06ec75a45dbc6d659d7cbfb04,708,513-1024
3a1bd9777501828a0a862c3f81e34349611f173c,678,513-1024
1b6e2c83a46515b402ad4b905b69d789acd26bef,644,513-1024
f5b7d3fa1b092e1af296c3fa31837d19f4ccf6ef,672,513-1024
8b1cd2707e757702f56a28ba99775e6cf4fc99f1,819,513-1024
989e62be055aca61e94a827cb59e92206979c60d,586,513-1024
27b42897564f9b0faa34d4a90b7bbd57747cbc93,552,513-1024
a3a4dc1ce201a436b4e7d6e7d01bbdf86eb56f30,599,513-1024
a62dd307f631650c8c06e69af7e83374af07b6ae,568,513-1024
7c60cb84e49f9aa7ef6f8ea721a7f00c907da69d,670,513-1024
2489585d9212491ced3bed345869c2a04f77cf3b,904,513-1024
dc785686812943be91a6e86612dc4185fd374bf7,783,513-1024
688d6650009b6d8b94da34d5203ef36762fdc588,515,513-1024
a58792b22c71204b4b0a96fa1259bf41e2faadf0,661,513-1024
e5fd2f7c487fec36f4ae835ecc8487d38180378c,542,513-1024
1f8d20690b280af829d06a2d3c21f984526a5ae5,564,513-1024
3d95b78da811c3f4f59d2749216383a37161441d,704,513-1024
a1ff831e22060728bc91c580ebdeea607eb50e97,541,513-1024
709aba81b7cbd8e5f6418e341aa82d516f2f090f,586,513-1024
0f5bd830a3a94e621fc29c52b92aa9f3fc23b0f2,729,513-1024
a4c210c99679cffab8acef6b593342578dce34ca,605,513-1024
0e5952e27186d45613b0ce7db006b3b04f33aea5,1010,513-1024
03636a87a62f920aa8394ffee41dc83bc9f78f7e,563,513-1024
425a62c360e68d325cf36964b5125d4dcc1894ea,818,513-1024
73cb3017b61981a8ba9ce45a8d83deeeb75ff970,569,513-1024
efdba98c184501dedc27bae73351a4ad77244934,665,513-1024
a7e505dccba8c90ccbd301121c8b378b9f8ccae2,609,513-1024
54b3cd0901c4d3a1d840c8069494effe13aa27c6,684,513-1024
1752f1d881aa4dbda352c2d57d7e2a864440ecfd,851,513-1024
7cab2ffac790c18ced49adb438207585beb03f56,634,513-1024
6d074bbc97fad37d1b4f16e2c0c19f29396803f0,1016,513-1024
c01b3bbd95bd54b547f6c2a2dc2ed13706e175d3,663,513-1024
bbb10f3584b882df779107320f2a389e4d82c76e,540,513-1024
18fa981ec89343929923615a1c39f3fc4514e0f7,770,513-1024
f201ebacd45f13ef5790785fca4d06d82487979c,777,513-1024
cc88531588e1c8efb28f811cb0ae1ca05588225f,577,513-1024
6d71adec38ae3ba965d9f1eda3a834d55597c1da,580,513-1024
d312d8dae1c69791a3f9007cbc5be8a73b3db2e0,572,513-1024
dbbabc2af3deb36ed7790cc473cef133c3876554,659,513-1024
80f489fd57d2f89461941b92c6d7cc0a21918014,521,513-1024
1abd04fbc0b159b5227a2769727c696914395bd0,562,513-1024
a8149df7fe524ec82780effbcf00ff41442840a0,532,513-1024
ed687d48b2b9e5f3be97100c977e663fa249d899,810,513-1024
b521179e1adfc470968658a85b38cf4832ca6bd0,814,513-1024
607de9bb0f24306bed926ca6de4015d5753ea901,904,513-1024
b9a65a97953af5f4884aa555de77acb71b51eef5,593,513-1024
a345c8ea788ed2c609f18c781a7190a4c0113b96,774,513-1024
38c2ddc5d693cfc75fff8fe0e3db781b4276af61,519,513-1024
3c4db31140de300cb960484ccdbdfb90102a502f,728,513-1024
fafaff39fbc5b98abc970a1833342e69d50c53ac,610,513-1024
170a6a7487985bed67d2a02f1c9d0ffeee26fdb2,546,513-1024
7a1ecc9e8f7777f91d6c8ad8025f4575f258c5af,1010,513-1024
2d1622dc5b7b35a88b4bb2d53488c47ce3bd5d0f,661,513-1024
070f7e83b598077e54da058fa675761d0e120e17,533,513-1024
92b2545d2afb4fe7f913a568d41f86ea2c500167,707,513-1024
407e902a2a37b44dcf72e16ef62e96d868975aef,559,513-1024
3dfc163a110fdb291893ba580b9dd48c0600ed91,826,513-1024
9efcf70aae1cc069c42424d530cf1c8b9f489087,662,513-1024
3c5f122c89a48f1a30d7734750ee242746121e88,575,513-1024
0f77c2b59eaa55274fca6c9b305229e3a5182f0b,1007,513-1024
35d361d0b5aba6d9ac92952be24a2c725d02cb2e,839,513-1024
eba1c11f998f1103396db952be248938ca5acf6e,593,513-1024
8429d29385ae410cef9a5cf6118528bbfc39a751,883,513-1024
57f990c3ba70ab8fbb913a99a3f8d5b5460f62a6,707,513-1024
0ccf6304a2ad215d2efc282d9c074d9a49517b74,893,513-1024
07a333cf0c75ad7ba4321f24af1a49b98b725792,873,513-1024
29c1e22b2c702a9dcad43182d0a756581f0996ec,580,513-1024
51e00b43f5b878020d70c38781d0102b45e0651d,599,513-1024
a9441fd1ce06110769290617292e771d77564603,656,513-1024
c68e50556cf61c32933b41af17c8a6346a4ce6be,653,513-1024
d8ed7c1154dd46d751b9d5feae18c734ee34f1ce,706,513-1024
03bc9e38d00a381383fda08e74b80ea5a56838eb,694,513-1024
7b472238215ac399e119ef152c0ff93f2df1c8e6,923,513-1024
f326d83318bc4f904f9997f59d3be8237bf936ae,750,513-1024
e60b0b30dcad4b6d6059920876f77c65313a169a,818,513-1024
d1a707991caca541e564abbd50dd698021cebc01,675,513-1024
35918141e25a66539dad140f9f7cde3567e057db,635,513-1024
3b5cd467b19342a5a3b360974bb2fb335d5b869e,657,513-1024
af58e425ca3cd8bf675d2fa41f845aa5787f43b0,579,513-1024
760bf4e618178496bceb4de817753550203f83f5,864,513-1024
d6cc275d4d56062f49a29ebe846792dabf3c7295,1023,513-1024
ba295d0f36a2954fbb0e82f11a2d3d7a2fbe94a5,814,513-1024
4824b20fa06ba2465728bcbfa305b4bf297fe2b6,579,513-1024
49003c3bdc46443008b18e5940226bf139706a82,535,513-1024
97a0343897c09163e4bbda8b3ddf1bd9ed2f2730,710,513-1024
ff80e9b6659e12cc26492209bbe1a89026cb61a3,842,513-1024
4ef5868ca1635bb6afac7087d9005fcd0ff6cade,883,513-1024
9a10194508ca8666aea4075e26c8598592b2b642,528,513-1024
d9e7874706103fe106d21085df6eb788c712ac94,623,513-1024
4ec6e2b96ee42346520a10382c68ee32c7171df1,857,513-1024
18750d1e6f540428260d880263b5c0886c4c872d,591,513-1024
cd044ce51bf3ece647f385dc742122e23eda0f07,517,513-1024
29735af27428b54b744f42f79b088397155836c8,549,513-1024
ac8b4d80ae733ec47f697b4ece632c6cc749d138,942,513-1024
5c7e71574385b9a1f6e8308db3892d0b755bcedf,619,513-1024
7123ff205cd2dc7161f66ac2bd10ba9f4e6b0d33,680,513-1024
bc29677f276f9a46458f517235d1e6bee8557d3a,525,513-1024
e3dcc2edac8d838ce2a188f840b50c49ef932bc3,917,513-1024
689e11cbc0cd77a424c21ff230350893e5ab073f,655,513-1024
7e801a412aec847eb67e464852c0d6319388266e,557,513-1024
45336737ac70c815ac147e5ed10161414cee9f81,571,513-1024
09fd7a07157037bcd46480fbdbb2b862309df88d,526,513-1024
1db9883f38b95431a75d374ebb6f02ccc5f2d53b,717,513-1024
3c7c480be07a91bb5ceaf47f7b43a4915c7f6727,608,513-1024
d90e9a3d54f7463e63fd3b0815f48c303d03f1c1,927,513-1024
34912bb12cb4ff1988da930b53b7ea2607058ddc,521,513-1024
f8a242e8e124e7cd65f8c12e9a8a6a0adeac6a3a,903,513-1024
19760ee2ac962d2e7ad783c7c44b1d2258c489f9,625,513-1024
6e6e5b9bb4bd3282ac2c863f1192961661aa3d95,569,513-1024
3c7b2a0ccbb150e860cdb9f70d4a79233f8eb763,551,513-1024
a7c6cdac7d7ec90ba9503fec5fbddc4ece6417a7,948,513-1024
bf2e597741150397d81b684543a62173452e2e10,806,513-1024
b9374f78cbd11016006a5929e54c27da76e55ce8,591,513-1024
a07de1f16849239c92e45e39786872f42277233d,572,513-1024
c5667565b954b98eba2e5d9b9e89dad650f8dc97,975,513-1024
0c3e2e81d16a798ef620a930e17e89d7f96aac7e,521,513-1024
c4b4e0bd2eb57d7fdc0c5fa77fd1b5985c908e5c,737,513-1024
ca2b2d37b809dac8a2b6cc31e16bb38f8e208492,680,513-1024
c134d7df0535b9771f7a80f10af158f42be68247,589,513-1024
b42d0e975b044930c2746e037c19e05f8c24f56e,729,513-1024
ccb76492fbbb340c0f4d9fb946c62f36169d3900,698,513-1024
31b045917a0c8c2fad652af14eea415156396d71,721,513-1024
4951bb8f5250d3aa6c4a1f76c526aed600a0ea7f,595,513-1024
2bc6f15ffbfeb7f6ca3efcd17bba4bceacef0a37,789,513-1024
ebf84e6f0fb150ede8d2d47a2afe42d4dcaece3c,638,513-1024
c94e6ee7dc84736465286d1680c6ff6fac3ce7fd,896,513-1024
15d71d29181408a087d864801664ce29b271d543,939,513-1024
8391f4cd425fcb799b32d7f489ba7c3d4857aa3a,736,513-1024
1d56870997b2339072efc17a9e35387186c4e3a3,533,513-1024
7880c46754e323bd44d0d06ab0dbc3077b6b7fb8,520,513-1024
453e0b4b26a10ffd685976613ceb8cb38ffab9c0,617,513-1024
2d0d0ed371351ee4d74ead1f0de80c4ef199395d,592,513-1024
7c85703bba4a4e78fe2512c3db37a62d700bfd1e,885,513-1024
33d012a6e77a675ec7787cfa9da0ca0848e15746,878,513-1024
d91cb577688c04b7d1453d325e319620c0b14f70,641,513-1024
b6ba33d27b36856d68100a9778547c92086f258c,716,513-1024
2176911fe717c3306fb291d05ff0e51958dadac2,775,513-1024
c981b9e7fa3a8bd96d6b1158289da5d48349f31e,828,513-1024
932a5de79d8a8ebb75ea0c43493450fd9922e738,561,513-1024
83a768a0720d0a1f68792827a422395001291614,921,513-1024
050abc01ee4cb1b3dd8e4dc309839a0bd697ce21,533,513-1024
c96f4c176151655a7e051efbe056766cae37a8b2,776,513-1024
22994abad40ea89316f14e66a358d71663016b30,597,513-1024
fd2b20d9900e60091bb2a06bd2153e38e13177f1,748,513-1024
3ea5b2a061c3a1a3e32d76ae364076e4dacc283b,653,513-1024
2efe2c26662cecdcab5f196586899bed23032fac,956,513-1024
9a4ffe8416ae4a9bf15b4fc3843cdb5fb0e4c0a0,996,513-1024
d3cb4792e9d0d1bec8506249c2b68fc1c1cb5d0e,648,513-1024
f873a53cc57d0720395ecd5a5c35c8f0975471db,514,513-1024
997e57fe964ce4b4b556fb9346d5403bf3fb44b2,522,513-1024
82c903a6b7f2369645bd740df8937c8b8304cdff,574,513-1024
12f0cf218040fcf5f100583f24a1b29828b0a111,592,513-1024
3b1ba71173655ba81dc5529aab1a014b8c39324e,554,513-1024
660ee681e38fc00626b54a4f4a048adcaf5b80c7,653,513-1024
5317c8cc28f1ac51f837731c3a1f0217d443d6a0,636,513-1024
461ff82abc51d47e779569be2eff93bb45592726,681,513-1024
bb9f574c5cbb97b81c9d8500e3931e124c4ed344,640,513-1024
81e9454ccc21e99c849e9a99bb745f8cca7ed005,821,513-1024
b874561feec81b3b6f5714b84f40a22dd0139bb6,728,513-1024
fa4a30d0336b06bd7b93e7cc2d2cb63310a9fbe5,670,513-1024
c9db0cf2584c6aed8e3abd0815895a6263349ec2,696,513-1024
37e8b10e6048df427e1623e6a99dfab4eb67331a,630,513-1024
20a41551e72ceb33dfd2bf5b139c528ceb0cf03c,617,513-1024
095903d18e40361dd5fe1a5735179ca29f84a1c8,744,513-1024
7c078b4ef654f88c37474f9c98f667b88acc0ae3,572,513-1024
8c536ba7d683bf2721bc0dab6d9fa4e9dd35b4b0,787,513-1024
a9ca8fd80905bad870b06255e867fee36a139fe5,938,513-1024
e29746c3dccaba72217e7557c897093772b3115c,649,513-1024
0438d5449664379f31c66c73643599b734cad1c4,666,513-1024
13a1a2f585df04923934607fd91bad50e2bd455d,571,513-1024
222b678a538d305a7dca9f030c6490e5178d8c85,617,513-1024
c27a2457d52b000285cc3b971aa978ff1cb0a56a,1004,513-1024
abaea4702e93df917892a7d6d23b7d46bfed7750,539,513-1024
d008dfe0d399f88dd407a1e131308b4f39302972,662,513-1024
e8dd7215432c007f360bf556440da68209e29dfa,709,513-1024
77ad7ea71d784d4fef5bfef9b7d87db1ae8c1802,709,513-1024
c645c1bd27c3ea2823b5b10e881b4ff9cfcfd488,632,513-1024
1789b8a7043aef2654199beb3d8f965b82918f00,598,513-1024
174b06f8d3111341ac07403405df9dc1117d848f,760,513-1024
67f38aef6351d9126177101dc1e625c1df7eeb0d,716,513-1024
e8b4752868794ecd3ad8f15f675c5a96668e2591,680,513-1024
15e336303231f9938701b181d36ae60b48452a91,527,513-1024
5b99f76d469ad9f1c3cefcd5fe8c296d5740b981,588,513-1024
21296a2d27a250e82e3795e1246073da7e9da324,645,513-1024
b401512ca1c112c89d329461c59f6507c0f0adfa,965,513-1024
844db702be4bc149b06b822b47247e15f5894cc3,828,513-1024
c7e862264f961c056b8845f3309df93079f0386e,777,513-1024
117e8c8f71c92f7b8668add36d10c4f7be814af1,674,513-1024
587069dfa7c6280e46bcc64fb51110293191c182,637,513-1024
695710133b9e44d99adc98f0112ec9b5c41e7a17,702,513-1024
0409e9b7abc3d64fa30855d31735c5f2ff3f7e9a,694,513-1024
9680fac2cd154d4986bac007ecac644277e322eb,689,513-1024
1d1354e5ca10c13ef373e602acbee2e2f24574f8,614,513-1024
dc23e8d8be2f3cb14357449a97d87e8f91927c7d,552,513-1024
f57da62044dc7feeeb00471020abb34f4411a11b,517,513-1024
c9d380148c4821244d3da597d4d5dea45ee9e621,527,513-1024
af1f31ef661f092b76a4986b3c2df7e660059faa,940,513-1024
358ac50b02990dd9b3c7f9b459ae4a6a188905a6,813,513-1024
cf88116ab3d7c04473a91038194467660854d439,699,513-1024
c3c117ddbe63e3416774dbd26dc90960c4c795d7,765,513-1024
25aaf6d2e44b6489a2e3ed18a16eb16c95e262e5,579,513-1024
c8c903278d4bd381f2004ee932d42e899ccf3793,647,513-1024
463adb37e13124f0127cc99587f510756aa1b7b4,886,513-1024
d48390884bac40a9f0179ac2123d6bad71fd5a31,626,513-1024
afea1aab6f2e49d4704e135dc7fd223fa4221a94,535,513-1024
afdc7ef9f7ff2d146933fdab22b524e0518b5c6b,535,513-1024
408b880780dd06bbe8026ad14e922cbf707eac7c,662,513-1024
db5f293f33cd7d20e3a8b20b3be5a808bba4b254,584,513-1024
cf65cf122f55fb60941359ee2fee24b4c62de629,937,513-1024
6e34da2d2021496b6935aa1080eceb6c913b903e,553,513-1024
881e1641da94afeaaafdf0e6c32794399a20e211,930,513-1024
691b60807f8db4bc01f9bda0d1010a1bc11289e8,992,513-1024
72fb002ab0c22ebc2405ed5651a9a94048614acd,520,513-1024
bbc63c9ef490e015b1d391fad9d88c7f96321937,528,513-1024
2e047f2d6440711ee92332ed63d0c3d5e22e5beb,870,513-1024
e5e4c1d7c920b20524332cf3744c9744746830f0,682,513-1024
d0982459b2db7e4e722d98fbfbca7e94c1ab1d2c,561,513-1024
3518f5d8c33b8c41e4831da7ffb4df95e796dcc3,570,513-1024
409c143f60b3e0dc67f145456f98b03ddf840b3e,572,513-1024
e08628a049b9fd9376e4c1c5a77238ffae5e9519,567,513-1024
2b88e8c79dd233fc5627d720fd427c7901b104c6,540,513-1024
756dc0caf08ff7113d219a4dc61fc41d2ecc9c98,1023,513-1024
106d0fe45ad223daeae56b21a0c86faf445770b5,591,513-1024
6f2cb7fe0a87ebbac0fe5e8240916a01d25ae9a1,521,513-1024
3b05cf22ba3412be09810571be30f8e29ea8df72,554,513-1024
32471441c57d4da69fb270a5a6181b92f30bef96,607,513-1024
4f7f931850629b80ad5749a61e72973880a33b0a,590,513-1024
61e39a19a1d8a078236c0d02d9b79d2698accf8a,882,513-1024
ed90b8032c69b0215ef259830817748fc604a136,802,513-1024
b6066637ab60a75731118659778d9616f6d3be4c,529,513-1024
1369fe2d011a7cc1d496db7da9545733e7067f41,557,513-1024
05587a75204b846ed340cea09ea34d961cc3803b,609,513-1024
f744e6fe7b8d9f92205d3a407e0446369c5f02bd,538,513-1024
e49c70cffdb3a80c3abad6d57c9570bb307c7ed2,823,513-1024
3a03016b6437d5b67f84f8ce17d1783f1809668b,899,513-1024
7d0c18fda4516beb432599134c690324c38df858,905,513-1024
f175e5ba1d41d06374471ff8b6ae59a90c6278c1,1012,513-1024
35cf0d2f6a92bdbd2874549b100b633317d69757,778,513-1024
9c3ba9f771caf9e4f0e105b7ce4f31d921fc9b87,670,513-1024
441297439fb8fe72d12072da8acfb615b257edd8,956,513-1024
113b0aa9f7bcb9700e005791dd1de47a93d8cd37,523,513-1024
5c69a6d765ea719bf4b6bb51c2fb2b916d0ec000,1016,513-1024
fff2534a023a3b82191b5acf89e925c67b62cc7d,523,513-1024
a63c010702604808b13eeca1e32a610cd2c678f2,665,513-1024
1abd9221a4b5eec4ba51e80c3c26ea97d0beb407,548,513-1024
f4cb2bcd89e9991dca4b8a76ec18736a669dbcfe,602,513-1024
3baabad84e45df72670485f8f4e69b8b4f429d03,570,513-1024
f543b7e36e5c5818959ac6c737bf388a289eaeef,605,513-1024
d8737656d35dfa17ab931315c79a0f68dc669a18,834,513-1024
4feb749a303726a4421f9824ef1546a837e18c42,756,513-1024
1bab83f0d452934f948a37f0698a7032d362e635,796,513-1024
55b2fc2952894304ee4890f82763fc9e7e430a99,730,513-1024
9b95798b71bdfd39e904d63e18e7b45088c1a8db,619,513-1024
2dcdd4594d77c828f5f2a499147183e9d942c1ae,541,513-1024
0bdb2ecd5c1645292b70273d9514f58220623e7a,533,513-1024
83c32ab484d384514b5360365155d4b6b4dfc263,538,513-1024
d37877f2dc4e97105f03ca82ca0a3ad07e679990,523,513-1024
afd589b6f8fa484dc5216528bfcf8b7a85f148e9,631,513-1024
7810d0cdde00549dfb55b724515b8fbd6d0a21c4,667,513-1024
3f63cbb8dd16b39e5522aa452877563e977ad497,752,513-1024
292e79b36a358c161d786452af2fe8777e508522,692,513-1024
9479cc9ab9c5f92f0feb055625242b9e05c795e7,966,513-1024
72e1ee8f29b3d1008e006525ba1536a75269eefa,584,513-1024
ac9bd8f0b5f23ec08ed5a1c570d8edd6b46ce84c,529,513-1024
0924b7e5bb7db33682859c2b6a94fa6c74f24398,643,513-1024
beca30f68727a68faa6c53c4ef0fdb0ed03f0e01,576,513-1024
74e86f325ddfb08f2f79b488ebfac2a43fd5e529,575,513-1024
1714c3b13b62ed5561d722dd2b94506e42408047,643,513-1024
2aab70a986c5d2f88ed3b4595a4094f843f4900f,515,513-1024
e0121e6cca4bdda4124ee5f8fee4e338ecfa375b,843,513-1024
446ee311cbefdf5a07d2b4a409c9d4229cc59739,844,513-1024
d3c37c9533528c68dfe50035656da226e8196121,536,513-1024
0439bf16788498dfbf2a5ef4f9c0a1a891895575,573,513-1024
0080af1c8fafa05489c91f506528cabd782a9ffc,712,513-1024
28f449035386c168e63850e5e3b7578a0f6177cb,976,513-1024
bb0c79e796f6c0cae5109b5e9464d541c22c37dc,581,513-1024
3da6874d1945d9a8f610af8e7bad328314be4433,660,513-1024
35a0ab6b198c94d57d48628e1d723bbaf7c6b02a,639,513-1024
ea05ba5b27c0222ce3eb166a5a792935dfd9cf33,617,513-1024
91a0b2b741fef4e50357d7eeca52d03457fb4118,586,513-1024
6d4a3d2f24315a05ad7044d21381e2c262dfb43d,674,513-1024
3ab50ac4e59db1f91f54586093dfc97a7bcdcdca,569,513-1024
a47176e0ec512a450c2aed106700fdb3b5f653ca,617,513-1024
0f3b5765f831a7e75f5a2c3808301e06786b19dc,718,513-1024
0b2f330b2bf3fa05d514d22829aebd200ad1000d,552,513-1024
ca743c951885e1645335b7f2b85fe2d8e92b65df,515,513-1024
17df6172988604864bbc27a3eede2eff736e3382,530,513-1024
5e2941eb147f29373e8a63f42c8db943e3715efd,544,513-1024
6c9fcb95dc36ff91882e41dc64765b1a15098dd7,587,513-1024
13800d1cd34f2a706a8c2e6289476618c1de2ebe,618,513-1024
3c8974acda1aa38211779ca609f7334efcc459f1,520,513-1024
3e7857670647acecef4f9fd11dd99b339a8ad255,894,513-1024
cd5088b3c0616a01dfb7e05f4564e9c3990108fd,725,513-1024
5e1ad82f1305de54880041af6a93fba14df91c39,605,513-1024
87245d2460b3545a161db78bf0a450422b66f90f,710,513-1024
0c85e871cec2b11fae22d70814211ce1391269ba,827,513-1024
27ab90bb98331acca5fde38c9fd5848e1cadc41d,810,513-1024
fb5b80ffa725e3d080819149a7d1e621faf5af3e,848,513-1024
506d20b16919cd0a456c0bf8353ce25e552cd30f,652,513-1024
732158d3001cd14af2c8efc4df3696698ae78b6d,773,513-1024
59a1b6f4fcd35359c21156ca71b211108c4a1e2e,906,513-1024
20469bd0a5b1169313eb009525d3ddb7b6c9aa92,580,513-1024
af68dbd576b7d5ffed9464cb5f7cb755b6ec4994,569,513-1024
431f18660b7e0eae91cf905893389b682fd667ac,566,513-1024
3b6a3b1ab30eca3fbb7a90fa178286e7b74caf31,563,513-1024
b6dcb7ef3f008ae7a571f79c5d8fb3ba37470d7c,596,513-1024
b2ae3c082fa447df3b5d0515173f5a47c1bbf52f,532,513-1024
9e8564ad813462042734631016b9da9e8ebd18c0,959,513-1024
8506add1ad0365d52d8ebbd4ecceb2fb39699539,550,513-1024
c2065e9665e50ce7bd3f1d7d7f338fb36030fcac,747,513-1024
472a6e3da1cbd27c6b1a14b6c66ef62c354bf26b,634,513-1024
80955931e833cf54c6d81db785e562c28a034319,788,513-1024
abf678d665265de963394c71700bb07f3e77acc8,637,513-1024
9f9c16cbb0cf693973d888cab959ba3409205b87,768,513-1024
d3536f7644afcf9e0ee329db4c83f252cf2fd887,809,513-1024
0d662711298cf5aab070ddd5b27ca0c1481ea5c0,971,513-1024
096d6bf2730fcdd04600320b5314fa77ffc9885e,555,513-1024
c28478d06e7cc98560c9252e714d4c253eb34f89,976,513-1024
59b9954ba25367ca515c66365844c04420d696fc,992,513-1024
9ed74dd88e2b63ff0eddd4d11fc03f477fafcc66,673,513-1024
9aea641da86d419b8b7ff81189de76d26a004fff,661,513-1024
023b2be63f707578d8739cd85e641c512ff2670c,603,513-1024
fd1e7c161642a285ec83819d18040d58d940a353,515,513-1024
6443ad8a135cdc7813054ffb2d7649183db8a47c,990,513-1024
003ae769e6cce21303410504c29370b47072f645,617,513-1024
93668f7fe4ff9d3ac18dd81425728391c4fdde8b,871,513-1024
9fc04386522f5bd2f0ede909f39afe5f4a8ab046,824,513-1024
00783461ddc083ef4fbfc1e11af9cb6467705f22,528,513-1024
a548b0e47687aa0e2325819d4d643a790c219a97,997,513-1024
18fdaae6b9cc57b2b66eca9a56e7f08fe48e4263,916,513-1024
fbd7d4b8b290b48feb3011c1aa66d5d868c96ad7,635,513-1024
e48c5a8301338c192a38fbd4a860f0bc451c8da7,792,513-1024
3c54de583f5573219db58637ed486972272d38cc,824,513-1024
a139a80f70f9cdd8ffbd114ad69cab6ac162126b,630,513-1024
abdb20314a79621e78ce6bcb6c3012668c3b7335,859,513-1024
5f802aa0eeeb6b70414f5dce2063e47d51290d85,734,513-1024
8b32dbf86daa401856cf80e599c3b40647baefb7,988,513-1024
1470c284ebcc36cf70e132b8d393b647b7f7f067,534,513-1024
00d2bf17fb2bd2eeb730f50a3b041a797b9a6128,788,513-1024
d76f35750593e9165d5e4f9086cb2e31659cd098,608,513-1024
846ea4520f505fc29baef442d7b8526a6a8f5d4a,537,513-1024
625cabef0e4c5b100a3f739d7367e2b0c1907b4f,613,513-1024
d2ae20bc0c0479d425c2dbb5273874ca702135ed,621,513-1024
f7425986d8112efaf5e97ab8987615c1c70a0b06,670,513-1024
73c193299b531a5a6ac2fedc959b4a084e7ddf98,705,513-1024
0d52c24406af4e5fcdcf463914cc94809f599eb6,1017,513-1024
af64b80000ea5389f056728637501d5799b52876,598,513-1024
f3a75b024ae92f8190eda1a28b2881b8d820bd75,711,513-1024
8200019c4c9ea299cdeb79419333d0c1e96f6b62,610,513-1024
f47699ae2c7be014033695c2cd15649eaa9d1321,535,513-1024
4fa028bf0396184c2968c15fc9c6c9535af4ffd2,537,513-1024
1a289a07697f1ef88b23a594a172a1ed79de0ed3,983,513-1024
9d72392a37602a907c586cd34eb1234ef01a436d,546,513-1024
0ef72238f8673df952656535608a8a8c0b731d46,527,513-1024
ea136a4f31dbf9bfbce7b31e363690a160a5132e,740,513-1024
e18d2c2d1595a60ca41def3229d4d954575e346f,895,513-1024
4fd11b8c7d6e891ff2dcd0b22f277fda5a560e97,742,513-1024
c25baae5d6dfb9da2e6c426619b3c1099314741b,593,513-1024
0c72e5b75604e82f4090a9c4331869f8f3159508,810,513-1024
bbc36cae543b73fd7adb3183c4a686ac6373b63e,588,513-1024
ea87231a2c5861deb6680ad5113254f3dc01d08a,707,513-1024
de0dd86779804b16926be3eee9a3e9a50c104528,798,513-1024
544b24aff4b72f81d1ad41ae4d368f8922209f14,547,513-1024
c0ed787d618bab5f097cf504f4dadb51a490c5d6,596,513-1024
d2ac4eb014a7a4e3bfafdca2f94fd8e32bef8d46,572,513-1024
36cccfc8df7e8f24a21cde51c415a979d2e60ea1,515,513-1024
522a9900b73e55261ed0531df61df358101675f7,534,513-1024
7ce46d0756484dbf41397ca3d0bfb0587f95d53e,695,513-1024
6cd269b925e90f2e6abbb3be60901678b59724b1,627,513-1024
707312dcfc75deebc8ef0f08bbd7246071f1d5bf,973,513-1024
e0bdc8aa741e45aa65935f7821c40e0dcb1ce11b,634,513-1024
5741ab4e3c169062b002c5a04161bb5178a1a4c0,585,513-1024
5a5eeacd1451e86b87ab85d8332c5e9056721c4b,645,513-1024
f859aa5170bb291dbdc13243e552c248fbf04558,637,513-1024
6b2453d014a7f7cf42618b51ddc26755a6602e20,847,513-1024
11d1a964e2f65cfbf63bf6fd1bf7b9abaa2cfdb9,581,513-1024
743e7d497239e7b144d03d455d4e601f5c6ab4f5,628,513-1024
78cb3aab3875f13bbdd5a7f114e89289f72ae7f3,1011,513-1024
a5855a61ec0ff51df9844866398a67268b514e00,958,513-1024
7f269f5206fa9a0f3a5c166dfb26431d8fd5aebd,940,513-1024
4652e86e535a15b191fcbe5c047e5ee0b9c86f09,548,513-1024
7681969578a84bacd9d7087bd260f38b2e087225,515,513-1024
478754696c5a53bd449295b94438241898bd0d0f,869,513-1024
ce83f2ddccee9b1087c78924dda5c256aba4892b,710,513-1024
a896c8eaa5fda5ca815865a6e1e7478c44db4b41,580,513-1024
486c880f7452bfe017ae017d89310e72c5cdb32e,715,513-1024
05856b4756b64fa2cc07f9f226f9b50c1ea5628a,565,513-1024
1e1927054a5c324559bcebf8a7ed275c0d9f741f,740,513-1024
c8fdbaf93242dcb895f3773a77dd0bd952f4b2b9,551,513-1024
fba9eb2c5d1133fb5c35405011c433089f8c748f,533,513-1024
1500da66ce8f81de962b5709b5cba5784da45b4e,515,513-1024
078e3e790d0c6226947ce772836ab1f8e0cf9a89,571,513-1024
a2d89893c17f9ccae1639d16efb566f7640d87c8,554,513-1024
2870be25df3c33c5e051cbbc4cd89dc9e812cfc0,555,513-1024
1f9c886bae8ec170f7e3f0c316babb3e56883c80,521,513-1024
893135a9a313d8fad2f1b509d873ed93fd9e6b53,526,513-1024
cba7a299343387aa83a06d30dc36bc8082b86004,607,513-1024
d2946bd5417921e57332b4b82c980c70de86422c,538,513-1024
44c55c72e62ac05f455bb8898ec09afb6ba8918f,590,513-1024
2580b2db3849a7f14f3b10df116ccd5b5fdc7986,656,513-1024
12f57707e74d8846e66d528d020a6e2136dae9fc,638,513-1024
36ff160f176c7d01379193f4a08518f3a236efe3,526,513-1024
dcae4942252719365f62ffcc47b3a1678abcea29,579,513-1024
765f38af8b930d3687e416f3a70261c3ac29717b,522,513-1024
e836ed996e40f3c59851c14c3b041dfa1ce8dedc,522,513-1024
250f90dc7e69c6f9f8c113f1081f590626bb96b9,516,513-1024
e6221ac1d931ef396f21567784cf3fb10125f45a,642,513-1024
9a4020828c3b89c394d1e7e43a484d06a1908bc8,583,513-1024
bf173d1557bcea83d68e4e3b32d8f8801c5af609,666,513-1024
febcaccb25ee19b5e01e4613376facfdc9ecd175,720,513-1024
2716358e82e5f24e513c721fc7a9c3321d7eb9b7,914,513-1024
97df6218dedf241f1e7b163a26124ebeacad24e8,548,513-1024
5cd2e109c11f85929c555e76abd8afa790200133,823,513-1024
c17d24952c46b81c5467ee045c43fba350077a6a,563,513-1024
6036a2c05fdea3eff94aba6dc75aaf1c75bccc6b,727,513-1024
78cb262611f0eed427cd0158993640e1b4122685,723,513-1024
db09d908f16eb67c4b481a3abefe56d20eddbb37,778,513-1024
2d27d8d5d55e6a23b80e45d8322f2aac85f04ec3,629,513-1024
103c79973c95b14ae95a78469bbe286216ae7d8b,782,513-1024
2b22c0a14cc9a0efd756d7eaba1c6848188ed018,877,513-1024
a28e319af025f93047b70cb2bb4dd617987535ed,660,513-1024
9d2d9c05752e1a1a7ee5a8f1c3e6e95ea77701f2,692,513-1024
cc1c8ba568784b4d69cec246a674d15e4ed1f451,710,513-1024
a2e3ce1b354f08604305733255eda8c439711837,590,513-1024
789e26231c9788ba68a6779719791aafe30dea69,863,513-1024
42eb5e3027edafdf5a2e6be730b1a8877debc2e7,540,513-1024
2b6536c7532bae4b61a8b037771db4ede1f2f5f6,855,513-1024
ef75970a1cd56f7053bfdaa3655bdf62fc1e2f5c,526,513-1024
09b3dea810647d6ab7d8f48d1ead62079e5d2cd5,515,513-1024
2ad269fea04d8921ef1d7087947f1f26e1febe72,545,513-1024
eada66968bb2f2b96b95b051dd7ec7cfa08493aa,644,513-1024
106baf01749a0555aa71db4e320ccc896d989ae3,718,513-1024
0e51ec5b70ce89473d6f2257f0e82b8dffc660d2,915,513-1024
034893c69d736bd2d72f45351c9ed109802b17d6,578,513-1024
ba06c9704401502dffcc201504be467a7aa0339d,530,513-1024
4671311eaf11c3845918fde938ea49eb41252566,671,513-1024
d943fe7273b81087fc30d109e0befe5370714cce,571,513-1024
088499274e15415fa58eb97e056417f4058791fb,802,513-1024
ba5f521f5395495080a000dbc485858cdf5b9e11,520,513-1024
640a43881d742db1a7b6e1be8a59381075d296ef,676,513-1024
9f983d8fa89e7e7941b3d3dec1385ec75169b58d,599,513-1024
4211ecb91f4e10f8a8b257edac9c87ec8a4c5a07,550,513-1024
f3a39750bc525e9a7fb42b130c2ee58f5faa188e,549,513-1024
091332feb2b7685c9af17f95978e672444460006,903,513-1024
d4cc043bf8867bea1103c9b7df124c8e1271bfec,562,513-1024
f847103f265bc85e0c0cc5459436115237e6da37,644,513-1024
28aee0045135075bca14d4cbd91e76041af08081,653,513-1024
3e90a6fb64817ccb9deea79e004b31e5ade180a3,647,513-1024
66ae8e75b0875256443d8f855f3d0df6397b6f5c,559,513-1024
a275d93737c48390ead1c091dd9fd4d0d71b49c4,524,513-1024
3eeb2a07d9d8286d4cbb97d89e60afcfabc81771,732,513-1024
3a1b9d8bc1212b3e5251248eb57d20d7e7e226b3,615,513-1024
bfd6bf5b9587d4c3d6f73959e93916d5462c5738,668,513-1024
aa5b1566f4ced29541dd98bb2449424ed6a8e80b,676,513-1024
d957ad316f7145c054d2dcbd47949869e46776b0,1005,513-1024
a0d0c40684e5bb299eb0d420621ac9882099f5a3,759,513-1024
4eec0fea6303af20882ea024ac9c4da073f41b03,708,513-1024
2fb518a9a9b291b108aae98468a5867fff3670ac,706,513-1024
97d390253064f451b4ab5f8bf037303e2ae92497,835,513-1024
a69c49c088c978994d3b916ad67befc9d015718a,535,513-1024
9034670362c7e10be940ebf54860a6a88ff8fe0f,569,513-1024
acdb1e1c095b236abb42a16fd830642571786232,577,513-1024
67fbc850116cb875b0651891c24165cc1ec5e94b,553,513-1024
790a730621508527088abb1515c189ba6f6c4661,1141,1025-2048
c409027ef1a64b06e8aa1478ee5f2301ddbc8b2d,1405,1025-2048
73342cd97d819a96cc217c1cd991015c412d4c92,1059,1025-2048
2b03936fef8f8338069a795609cb0b20b7726d9b,1665,1025-2048
0abd78ca51a0c8fee6c1ed4756360961a1419a13,1989,1025-2048
bac252f72678880f3bf1e4748eadd20a88d3c4df,1105,1025-2048
f6cff73bf465a60f9734fcb930d34d4345563791,1155,1025-2048
eba21fad7fee7a515fd5540edc1b781913573e85,1270,1025-2048
5a3e06867ec8267c180afbc4de92cccb2f0907a0,1256,1025-2048
c5000de14f9b80bb0ea12e4c70262a84e0cc2843,1561,1025-2048
3821f9460f2dbbf23e450d531eadf13747b7af33,1513,1025-2048
e177ef304d4b89cde6e6779568de7a85dabd390f,1082,1025-2048
45725c70617c53d281ed2739cb53edc2494a7ac5,1270,1025-2048
692f1ddc0ee383c0c5ed4bb197ca0e8b719edbfb,1089,1025-2048
f087b035b437e27e3e5070ddcc7ab1dda0ceb994,1528,1025-2048
d10190b1b95842ec7b96a187fd4c883eda8c96c9,1106,1025-2048
edc004e0997375dcfd48b21c30650f3aeed39cbb,1204,1025-2048
07e4b79faa32701c3ffbfd14bbf94414dbd75057,1209,1025-2048
1ecb6621a13c388851916af9decb188dd49f4837,1156,1025-2048
5a3bdb850a5dfb179483a45362a9045befaf5f56,1252,1025-2048
88871f3a128b0217f4058ab714e636cae4b88b8f,1660,1025-2048
151e403f14ea52460de66fd28aa3a8081b04624b,1780,1025-2048
159f126895d898cc7c6e57f08f0287953af8b355,1761,1025-2048
f3e4f833595ace57fa76721c57f3b82d588fe063,1031,1025-2048
6a57d306e48f0ac6126674211801f8310e6c05be,1146,1025-2048
e19fcafe3c7d2615def6efde10135bda2ec1b062,1031,1025-2048
d1245660850762e265e71bceb5f0d674bebf9655,1032,1025-2048
5094d11378a8a86f0ffecd3c28e7d8312c5ba2d5,1631,1025-2048
8e682ff6e98749a66dd2b0d1492ad8da0cce7eb3,1370,1025-2048
492a6e0d20afa082fe2891957a6a4ce3f7062225,1040,1025-2048
744dec0dd665bb7db3350d4d630ffd7acb0205f2,1908,1025-2048
718b07766b96a7db294b3c13d0413d2f54460729,1628,1025-2048
00ac80e148b26218a4892db6a74902622dedea63,1536,1025-2048
7a2d4b25d0ec23dad04586d0ed7cfcab1f64e521,1073,1025-2048
3defc6d9613bf86599cc1e9c208b2f3c7d5ba5a7,1176,1025-2048
df1e607e34a8f3b0ee9458b6620d5217ff02878b,1050,1025-2048
c1a2c66f9982b60036e9c334c89878a9a330c88e,1096,1025-2048
136bc41e7af92aa9569ef522bdf25bca2fe1b086,1099,1025-2048
af07388d665a406a33bed2a330bff27a8eb65ca9,1245,1025-2048
2e2f1a2a6acaa4d1dddec8509ecafd4b15940633,1680,1025-2048
c6e720b44b873e9687208d8855cdbcbf1f407ffd,1179,1025-2048
ef6f6ed48df192da06011ce96c2e4755f3d71dca,1653,1025-2048
4af68acfb4cf5c6b7eda1f262060284c3e0c7caf,1090,1025-2048
ffc6a9a46362c1251a1ba67b857aefda30d7ae7f,1910,1025-2048
52bce195b776c9787b001ae01c42a0152fb42cd2,1340,1025-2048
a42cd3de54d9dd9548d740aa9ec887a102820beb,1772,1025-2048
0cc8ef9382313f591cb88c5a06449f602079bc5f,1075,1025-2048
a797c38057fddbf635a2917424f44b5583792813,1528,1025-2048
90bfaa3e64c20e1a6707c9abc1711e8026ee6155,1730,1025-2048
2abdd494ddcb9532633da56da8d60a6efea9dd19,1683,1025-2048
eaa4a354fc3c7e5b0503f1bfd1b55b49d04f8a24,1947,1025-2048
19aa9c7e8bdce046e0a4daf646fd9a9520ed41ba,1186,1025-2048
bc31d6223e7b6aa9125e9498779b941647fb1680,1075,1025-2048
bc5e4d102c71ab318b4467ac1677b863b8483de2,1517,1025-2048
a7352bf3b88df27f0d0faa9d7ee7198a8b304c1d,1064,1025-2048
f172eed0d043d3c00cf6cf5bff58cf2f7eda3a61,1397,1025-2048
6e9c7cc592596aafba85cf6d5b1121ab16eaf2af,1071,1025-2048
37bec2e4e3aa4a3e9ec7e3518521147a3c575a77,1722,1025-2048
e78b94a0b5d7a9bed16cf4d1b603770eb5307d3f,1090,1025-2048
7bda9334a0a46f6a7ec69e296a5d763235f216ef,1097,1025-2048
a0aaabe62e1d136ea9230e1d9661188641620dfb,1117,1025-2048
761ba3bc2327301f97eea2432b70e312c77edd10,1207,1025-2048
b1d3e66b4c1a6f42aa4c5e905201b349ec1dc2a9,1271,1025-2048
2daac932d70247cee28f9589093a7503227725cc,1270,1025-2048
d69b5e4c31d39a397d40c04dad6dc7366b44cd3d,1525,1025-2048
e1aa3eea827b2b952675ffa783974c7850e92c8d,1172,1025-2048
3bc27db55dac344a3e73746fa5bdbdd3470d081c,1649,1025-2048
1fe872bbebaf17da2b760c913328b2270c65ae12,1365,1025-2048
2d9771548da61fd0722eb48eb9164db9c29d7e8c,1788,1025-2048
9df16ef45d8a9743291733ede8dd8ae723c45968,1249,1025-2048
78d8906523d8362ee536129b28c8d401ddc3cd48,1226,1025-2048
3d4391bbafea96b6d7b44cd41b64a5314b94137e,1614,1025-2048
2e2978f51cc20a9749a2bf3835d1c5e1c8286c15,1357,1025-2048
6d260f30a7b1d67080f5c2867d3987719896d008,1652,1025-2048
1eef2ee284255e20b7d1e2301c94cd0499690c01,2018,1025-2048
1a81c722727299e45af289d905d7dcf157174248,1033,1025-2048
f6e00281cfc701c88c87642ef18a424e5fec1a58,1203,1025-2048
f3ad7b418b1d0fd4a72f41f8f4ee6ac1a31861c3,1086,1025-2048
e944b414e9f601a6008076bd43b91d382090adbc,1097,1025-2048
4693b329e6e6d8cdd23fafc024d03f9f2aec415f,1178,1025-2048
28f4c2cd1c282200c466af4b52097f22c0704f72,1159,1025-2048
857c953dcab9ba24249e5ac36f7b0977bfb4ff76,1233,1025-2048
3557986f42cb998d0803486b98dbca14f66328e3,1121,1025-2048
b567e99716ce1e8db2e54c36be044fa3a0cd57ee,1202,1025-2048
c07fa7e269a3cbb48247d2ce22164b6a01da06d6,1394,1025-2048
894168e5a52226968bafd751d17659973bb4db22,1242,1025-2048
2e5ec5a4606cb080f4dd6cd922a124d03172c371,1819,1025-2048
35bf36cf2102b14ef9c7f28d8050c2fc9b813832,1290,1025-2048
0655f4c511988c049ef25c2ad82b39f2f0104752,1120,1025-2048
8512e838d6ebeccec18fd49654addaab72897ce1,1733,1025-2048
398893a34fd3e872ec4c7db5da2c816f036ebe36,1252,1025-2048
876be80390bcaffb9b910ed05680b2e81a37d64d,1129,1025-2048
aaeda74e86cc69537f52107c2f2d1fc7e3c9d2d2,1291,1025-2048
d13f94b19f113b676065d35a322f2cb51f4a28ab,1132,1025-2048
9104be1baaeb5db65c4384a7d52a4c45a8aa77a5,1700,1025-2048
18e83fe7de8a23d9f7a025ea26cc66436f7880f2,1472,1025-2048
b023999cd38deb208a895fe9688b8aa6026c6f1f,1120,1025-2048
76ca2ee506d8739a8164a7803add86ef4663131f,1497,1025-2048
b7dd9f0b074253b91d79a0a5a210d48aed1ee7ec,1036,1025-2048
cc9afd231fddf3258ee31173b29b1a00e17309b0,1129,1025-2048
715cda3045421257ac4bea1fd7f47a8ad327bef6,1568,1025-2048
bc3ef89919f5a7483c1159c46c7ff1078fe0d4de,1692,1025-2048
4f16e30a5ecf782f54986449cb6a296746bd824f,1750,1025-2048
9e003d71f413b8b2e2e7118d83f6da1edd77199f,1331,1025-2048
198acff8b61aab30468f9be285f55fad65c6602a,1714,1025-2048
c07d22caea74622c22e6a3418731cf0fde8174b3,1451,1025-2048
df2fe01e141beed6a691dada986f6f6b46e8e388,1190,1025-2048
c0f787cb01ac02a788f9d76a84805878604fc1a3,1202,1025-2048
1fc4fb1a4124ada593dfd6eaee624a8e29886df8,1137,1025-2048
554ab61f3d7051bc7cc5038fa193259c0f9b56e1,1221,1025-2048
7347befb1495625a0b04b75b8c484270fac01b00,1422,1025-2048
5ace628f40fe30ecfad5a69ab56aff3748650f33,1084,1025-2048
1a5eba4f3969a5373d3e48702c706117efbccb3d,1142,1025-2048
551c3c68e710f4911ee4ee99611e0f69fc5105d4,1224,1025-2048
d3dabf678450fbb8b518c1e963d24390f2942920,1429,1025-2048
4dfa91a88cdeb82b5d810212bbbb92dc2f425c4e,1566,1025-2048
85477697458df05ffc1b7665a8cb8ca0574e23f8,1789,1025-2048
a1c5ce6b85f2df3984a97112cb267c1c4f59868a,1400,1025-2048
b6e404dab5cc3639d4dc82173f59daebad7fa431,1298,1025-2048
639afaf0cb00fb5b32a8217eb9efc35b53beae36,1179,1025-2048
319dd8da345f71b0bc4d46a7d64c1f6a2741217c,1075,1025-2048
94bc073307205970fccd611b1bc11bfe5869ef6e,1649,1025-2048
0352814cc631e6e24f50f22fa44f7cecf4834713,1338,1025-2048
74d37d885a5ef42a2a59146a9398e4dafea871ee,1046,1025-2048
04eed24e26d9e6aaf2ca434cad20facd5feb83d0,1232,1025-2048
0f6a9e07f57b36206b993aad7c24669687cb8d35,1399,1025-2048
afbb948381423236de634a3dfaceda9ff6a3741a,1668,1025-2048
24899c71bc5cccb4263b3b1746e19f9756d78ff9,1104,1025-2048
23f6cdcf5cd488a586d7f083a99e46f8d261649f,1196,1025-2048
2ea912e0d01ea5185ae243159c0b9e2c3be678ba,2016,1025-2048
2c0e5e991715170e80948db70b3e4e2fdbd57b64,1109,1025-2048
553c9421dbb9d23735b0936e3743eaa021f0b4f4,1415,1025-2048
2aa99158563db346c00c9f2df005a4c33e232b0d,1709,1025-2048
c47957e9930fcbdd43dce8832ec7d61bacf03215,1159,1025-2048
a9332834f2f41e527184fe3ba32595e772c5209f,1056,1025-2048
e39ce2198a79a17da3eb499efc469c9054652c6b,1519,1025-2048
9adcac8115b0e943dc37becc7054bbea9f369b23,1063,1025-2048
c30d44f0b42f0ea441fd215b54c340d996f790e7,1183,1025-2048
3f85021ea7eda8b10e38b48ca7f1c50c3a8aee54,1165,1025-2048
46c2e4140397fde0b6f514b3d9618a2ec83dc7ff,1766,1025-2048
f6b23bdb18b1f3c0e82c1661734c5e5f46f75d03,1642,1025-2048
98d550098bccdfff00ce22f8b12d820fbf0e11a6,1110,1025-2048
5f7c0c6a15fe1bea6e5f29ca7a7141f99fef2417,1231,1025-2048
2148646a1bbd5ca0d68639db57f7dff22cda8d05,1961,1025-2048
01b5868b8fcfdefd689de8667ef3a7db6f05f8af,1210,1025-2048
e1b601fddc1103fb773ce1d237bfe889155f5a83,1376,1025-2048
2aa4d6e094776109b99772c3607ad8f54bd303d9,1065,1025-2048
02bf75659dab1090df2fd0fe29b2a4923d662d3e,1081,1025-2048
0b1899654d3fe7f6d22c2f82274d434698a30769,1265,1025-2048
57542a5a9735bd5ad09672a59eca8f0d85605f47,1702,1025-2048
a90c83628e585ed2b5d88238a772ca71a106e2e1,1435,1025-2048
077ad5d6499570dce40bada46bd83dc666782869,1290,1025-2048
bbbff45c27dccd114818ef334075db0a34b0e4fa,1794,1025-2048
d277176a9a214dbd8f46205d4ac2d093cfc3ece5,1629,1025-2048
22d03e2d9ea2bdc9dc74d63c281959e0fc4be84c,1109,1025-2048
eddc172a618775a7cb19ca822c03743409035642,1186,1025-2048
5e36d1040d829599c3d165dc8708ecb140df42d0,1134,1025-2048
c2bc3ce19d11027e89cf1cb857d0cc73a7258323,1508,1025-2048
b07615bcaf311bc677cc4a2a3becc6b2aa53193c,1044,1025-2048
5481c21dfaf94422a409e8a717deed8908b7cf79,1077,1025-2048
e2a62cc5cbe3f582c411f3cbdcef68a58fce5b9e,1987,1025-2048
a673d109b1fbd5ad35d1705401bc1c555a8c5ac2,1616,1025-2048
84fcf88c101e63e5a913138246fa56aba9abfe8b,1027,1025-2048
55c9cbd66236546591d04e9ed23e95455c78703b,1098,1025-2048
169958156f5cdf979050b06a37e74822b710d651,1173,1025-2048
11ff5157be15db50acc320985cecdf39b8e30cbc,1363,1025-2048
cb3f6946862f251320570a5e736f5769817deca4,1602,1025-2048
9c68476621d6df3ad72d836d7fd463c2533c048c,1107,1025-2048
6e3bd793772a2b00e83344e954fef3b36d2a5238,1627,1025-2048
0bb932187addba4b92bcc2fc5ad91129e2a44f7a,1217,1025-2048
79fb37f4b3d2498e13f5e1fa8e5fac2baacf954e,1240,1025-2048
97e311de4e1c992fbece633e5396b7e252c4adb2,1239,1025-2048
ece00d2be4bc5740dbc60747a7e20c0c645d50f2,1960,1025-2048
30f870dcd7f15d2324c3fc02d77510ddef4794a8,1462,1025-2048
298f0b0dc0c0c2d961379d9c990cc885c252660a,1042,1025-2048
dac3271c12a1b98c934fb79a682728c44ae4ed7c,1203,1025-2048
22dfbff984f0bc02699e9b9d9ca1048b222d3b48,1667,1025-2048
77e997ca1d93d3866cde79f30d19d2c62dcc3ea4,1485,1025-2048
17cc1fbbf50f7a639f03271800e695a036dc88bd,1956,1025-2048
cc015e74dc467324e441c4f9bd6ee464d5e8f405,1417,1025-2048
442c962e8d3001fc8b20fe625205f91586827623,1027,1025-2048
d1fdb555606615ed8f6bc4da23498e1e2a9ed43e,1160,1025-2048
9887337bc350ff71b2aa0c1c5a137ae0333244e4,1967,1025-2048
56b3dc0c032a0c04b69a64c58b930d1cbb339e12,1098,1025-2048
7ca8c5eb2a65b2fccdde2e50706be52db5fc477c,1992,1025-2048
245feaa852eede7ff9b856c7e2f3bab0ef1225ef,1630,1025-2048
3b24cf031cca18358bc29786c9912104b28cfa2b,1155,1025-2048
b32dad45041e97af09ca250ab0caf450e2a455a6,1290,1025-2048
088cddc55c41cf413b263bf6ce8f89b07d5b3d76,1463,1025-2048
c4cbdb7a354c5f35ffa15b9f1ee7842428cde0fe,1469,1025-2048
75f24312771c34b51d510e0c7c34ea2ca4928611,1564,1025-2048
27e7299c7a8192351febfa9e8c7d91cfe8bc0494,1283,1025-2048
02b8e4de84e889b378b60983823d117068975ede,1117,1025-2048
50e7098017a0d069507b6b904f3beac5d59555a5,1482,1025-2048
3979b2d0f706a546c94d532d92be6c8c97cb0c61,1037,1025-2048
cb4f8a05f008a93d1b40a5f9ad4ef11354a898d7,1041,1025-2048
d80cb2a64107c8733dadc2eedd8900452e96d123,2037,1025-2048
ce761a1f1112b46dbe6668d445e6b6c84d49dcbc,1400,1025-2048
25a2560676335c818a14a2216a894b0ad92e2805,1764,1025-2048
4c12f8c4f49468a9b2c163bef7587e6b96af6c7c,1914,1025-2048
26c12eb800048b69018c330f3ba3755594bd27a6,1122,1025-2048
85f3911413dd3f345998fc4f047a246ee7b12eab,1350,1025-2048
024b7951a489fff418225568ff31c1b2821b9d70,1530,1025-2048
0cfaac749dd6d2d9cf85cb04ab751faa6a5c5cb6,1609,1025-2048
fe1a1e0b68256c11438a5ebfdb07fc62accbd2e0,1125,1025-2048
5a3b960034025400c416dfb39e966f6fd4968ef2,1134,1025-2048
c7b1f113b4a05b65368b3a67e6a23786099521ee,1653,1025-2048
35e1781dc3400e1f694b2ca3f28fd1d05ca0fe5a,1066,1025-2048
991ee6dae5f42909d027114ac388371c0ee9735c,1065,1025-2048
dc899e2960c7d5b329d877fc47924d92dffa7f26,1182,1025-2048
a8915a72136db2cc97c644aa270970d4b0212251,1361,1025-2048
faee3c44c5012a465efff375a75b96f2914abe70,1796,1025-2048
5376326b196fc91b2b96c3d32970d829cd4924b8,1067,1025-2048
2f27eb9452411e811cafd9906b8986403c107e49,1124,1025-2048
240984d9bc1f48b9c73b500c0f1ab27d665f9ebf,1678,1025-2048
db633235ba555def7372ce53507a4368a94db393,1640,1025-2048
a97aa6cfdbeae272ab6cf48cd5e33c24f8eda8d7,1988,1025-2048
c8f0b092cf78e417eeec915df549fba7401509d5,1953,1025-2048
609935b69a193da975f378ebf82b4a368c671294,1362,1025-2048
701ecc850ff10ec880f1b245c089074b491bd1df,1654,1025-2048
873e9647f72562ceacdb919cb59557953c881d4b,1924,1025-2048
91bf62ef88c5f1308b060ae684923c8bf4db004a,2001,1025-2048
057ec9354c632dc7e74223a1e7b93d84fc150253,1026,1025-2048
47c35bfbcada94a9f87ce45d2ae744de94bb2389,2005,1025-2048
770df7ae2e372e660dbf2833337d757817c12c43,1073,1025-2048
cee8576fe8c4d0bfd73346d559fdb90b0184ccd9,1164,1025-2048
4e57519ca152a1cbe95eafeb059cf315fcce5653,1338,1025-2048
f4dd07cbcf18230aadb4826f0cb2f19199f4a9a3,1393,1025-2048
1aa06d23a40745a4d4ee8b900173b179fb548d49,1826,1025-2048
fb001a89e670d44201db9ad579ccacefe4d10609,1332,1025-2048
fdc5d0b439851d93f0e745c5360c81e3faeac317,1484,1025-2048
417016e7fb9ee6e8b4e03c48cf55af3c0423e4a9,1252,1025-2048
2629a7f7dfbdfae18490fe65e0f27ccc1566de05,1203,1025-2048
9a90d5db897bd024c344ecb89081e419a9761807,1105,1025-2048
7c4e9c2b0ce246d8417973b20d4d2e07bcf36852,1048,1025-2048
2d0a022520b43a0b501772b0fe45802a7519f8de,1044,1025-2048
6bd67272f7a5a6dfe26ce3f803be20b602a289cd,1772,1025-2048
60c45e15e87842d0e3b5c25493e4d2d34dab9a2d,1086,1025-2048
ce6460fd819d6ce3d19c2b44e4f48a9585323945,1495,1025-2048
055277c5b235228474242c3562c4cad2e02627a7,1968,1025-2048
53363c9a76d9b8c642a366255cab0c0fd071229f,1078,1025-2048
a548a0cbb3e055c39ebdf86cab72cfc2c2900bd3,1147,1025-2048
bfa519b943ac68f31cea19659e06d24d31928cce,1988,1025-2048
707d2824857bda89cf9c65ba448edca0b1c7d9d3,1973,1025-2048
8ddd5ba7bcab82ae339f9ed6ad94554abfd68c4a,1164,1025-2048
6c061d8018b91de0940e1023b7989519306f924e,1722,1025-2048
dd088b9fdbbfde7fd7da4f97c317053e10acb063,1189,1025-2048
7c82b7e75361be622db9f4cb0387da8e3bdbacce,1446,1025-2048
45ee32342254c2953cd73213debc32f997856e17,1025,1025-2048
c8079e5618e820f818b33cf1da9b7685510487d7,1774,1025-2048
56a8b46ad8792bc4158192bdc6f0e652fca50381,1472,1025-2048
b8522c733d6d013f6f487182c2b483777e3ade8e,1102,1025-2048
d8b26f46a8a970926c19ae50d388aa3c853332bb,1440,1025-2048
f864f4da7321dbc206a7c4093f0e7a33588f2cba,1584,1025-2048
85844562e67d74f1b134ce9ad86f7650d55e5436,1065,1025-2048
daaf43860d7d872e34b5ae1321f4ea75166981c3,1134,1025-2048
ef0bda25769bbecbb8bcff2e4de59334420dda98,1216,1025-2048
2e9306072e8abe2bc4b9630517681bda5de3c762,1542,1025-2048
b841c06db015fdc9dc2d635578ce78893f18611c,1235,1025-2048
62563c79bee5301f868827671a7a947b6e88d5a0,1936,1025-2048
43210d5cabeb33bc3e6c0425d9c3c0957e0a7145,1388,1025-2048
620ee7b83c0624c9b2597f404f94aa5bf7a0e638,1715,1025-2048
1ed938b0e7c1fe69ee78e281014a3753f98e1290,1908,1025-2048
48186fee93e4b6af478eea21dd33e5654a9c1330,1513,1025-2048
2c7b973bf2d6163817f94696da6d157d6789afad,1394,1025-2048
b08a46d21df9f9c71366833718222aa026221ee6,1424,1025-2048
f3ac10d9669142c231d82656bc3d1e0dd6fb778e,1341,1025-2048
7330a22f5f69ec12df9cba71d601d5a94996bbfe,1165,1025-2048
d42ebe7994477b694aa0474101bcb89157ae397f,1228,1025-2048
dbdb289b3a98deaec34132572afc5b9cb47e8eb0,1259,1025-2048
d59a8ec46fd4f261fd2177141a2aaf62d1b8eafe,1322,1025-2048
e8e96df9df02e9c54068eb30864aa263b93fb362,1445,1025-2048
f660f6f988391dc8c81dc270de87bddd4a26754f,1609,1025-2048
65c3cdceea9a7ee2cc9b1a162a1b53581d1c9a21,1114,1025-2048
01a572d6e13d08bf0f8fd6664b9fc2c6dfc3787d,1377,1025-2048
2d29ec8561be4341ed56f69ebce4102b30508867,1610,1025-2048
13ce25144dfe502587f36104cb314c2c7cc5e606,1350,1025-2048
c22b8efa1bd64d44d641b23721041490877291f4,1715,1025-2048
3eec941af324d06ebedb444f4a98c35ca469fd81,1078,1025-2048
918dea158ab731f868972755becb6be4a352e780,1634,1025-2048
3c0613807e5e6815b9b776938e1fa5fbb7136cbf,1183,1025-2048
b68811a9b5cafe4795a11c1048541750068b7ad0,1593,1025-2048
b91cd22d51058aef91c0eedbcff0ddeb8dd12b10,1806,1025-2048
4bb72a20e39dc2224d842740e42136a799babe0b,1459,1025-2048
9c3096521a00e759a1cd345b6aec3ee88a9fc9e2,1096,1025-2048
b2f8b7c63892acdf0a2e1c33348fb8ce52c76193,1377,1025-2048
fc244f58e25d7fa83986f47e71749c7e08b6be91,1585,1025-2048
f1e1d45de45ef4684b5b16fa6a6b4c4b1fa9cfaa,1541,1025-2048
b1e7511c1acd3bd7ac0b62da0d9f55dbbccf409b,2042,1025-2048
7e1658226ad3c8dce3d9200cba3381f928300f02,1142,1025-2048
c5e1ed65e096f5dfe2c52263458f82c795997aaa,1495,1025-2048
375547a3a3f50113ca0e2384d5471eb9f7c90fe4,1832,1025-2048
b18aec47a3e242cb41f1aa8d6796d225359c1c24,1112,1025-2048
67f20264565f5f46dcb5d11eae4c26a0b28f8d1d,1989,1025-2048
b5d5091b09ff8e24626c1c809e5fad380df783b0,1177,1025-2048
0fc1ed5faa5258407de369c984d141d5427871d9,1177,1025-2048
6aac90e6126045fb8af05c3e4c51878100941a1c,1119,1025-2048
0453d72ad0eeb0238e0e742729c2d10889486f2a,1616,1025-2048
6d690fc867c03e52cff9446367257662cf7d0ff2,1444,1025-2048
ab7853867f6a2974e2389dbb1762923bd3a25486,1627,1025-2048
8a3cd355fe0754ea9af3c3b9e966c698eb2a083a,1030,1025-2048
a8ae5b768fe63d9e72213a30daa556a1540922b4,1974,1025-2048
d3e6f57901994245dd1b5a3bbf0c03a87199366c,1486,1025-2048
a68d7035f60ab5a7c94e3df484806dd71a3ad51b,1960,1025-2048
e9f39bf3949ca853c8a771e55ff4699209f6ca48,1157,1025-2048
f09f7888aa5aeaf88a2a44aea768d9a8747e97d2,1837,1025-2048
225e00f1a981ec7418c2f2e2f8d3ddddaacf58c9,1765,1025-2048
0df0aabea4c2022ac7f3dfc370f5e58a78fb6659,1549,1025-2048
c867d4e303b27fa725951966a81b8e40a4575bd7,1516,1025-2048
c554ff7a566f623aae6bb952cac4bab287e914c9,1180,1025-2048
811d5ead405b47b8c50ad1e546ad9e8568a82be9,1665,1025-2048
f2ea318fa9a6c56aac5aef133e16ce3307bb02af,1178,1025-2048
8a17f06cbb200d872f6430d5295312bc33ee1ed0,1109,1025-2048
1c12d438966800d5fae6ce9daf352d9c85c00220,1344,1025-2048
97264dfa8b4fe396324e75c2a0eff617a9756c6a,1337,1025-2048
1517e6308a66c5e32ada916dfafacf009ce99673,1930,1025-2048
26b851baef3bb0a28c7500b28e6f54dbe11eff0e,1190,1025-2048
683f4446614b4f456790404097f7c628c0a2cb07,1910,1025-2048
eb983573d298ba1b837e5fb2a2867b51b464e8ff,1503,1025-2048
472240346c064efa03de04acc6531cea442a7700,1054,1025-2048
6ab63863ab589abdf498af143442405b87ba020b,1026,1025-2048
ec67e7b95b623a2d8eeb0730104f488d5a0570f4,1618,1025-2048
c7248174cf08e312ad6853cc824042f2f5714dc3,1161,1025-2048
861990578ee4750e7752a1be2d3255e05a6409ce,1255,1025-2048
106d5e0cf44ea08500adc91c4d5bb3e6c8a4d627,1240,1025-2048
4eda0e4608d35b62fb34a162d1de238caaed8faa,1058,1025-2048
0bf097d996ef43e22ddfee5b1e6ca151cbe12d6a,1571,1025-2048
21ea572cdb5d281b784557de1709fd0a5fb9608f,1171,1025-2048
67a98529bc1c7db55cb45e07d5bf91a317fb0b80,1382,1025-2048
a6b9473902a88c2b464b86f60b6b7ce1e0a85519,1076,1025-2048
01143e601370eb9d5605e17b5a3af4fe95061f5c,1096,1025-2048
c6b3ff2c40a59f9b01230678d15152e16e01c5ac,1369,1025-2048
ffee3fb2c8d09e4389dec8aa4a7df47cb797666a,1069,1025-2048
57ce275d16532a4a1df832553cdc80e8945150a7,1635,1025-2048
137ad1b909cfa597cc2a7b992bdf0f28420e0cfa,1319,1025-2048
08a71601f80fe1bf874375ea76e71ca0a1b033de,1043,1025-2048
5eae3735c3dc57af7998a77a3f0f754bd4e7c354,1267,1025-2048
75a7931e3de0a05a3a71021fde66d71a68247bcf,1191,1025-2048
489fc2a88f0257b577c3fecb5e4a59451c97dbfe,1241,1025-2048
d5d76ad1c6ba4c6a97571050c9bc0e3c95972090,1561,1025-2048
9ccce1d5810f7ee51726f08bc8c2b060038e9ed2,1366,1025-2048
01418d0c71b804b11aa81be9d6658d7f8ec0c7c5,1749,1025-2048
dcdf9294d2bff9abbc64c3d0e1880bd89b2d2e77,1101,1025-2048
53659f845f1d7899299e72217c2d8a41d252e804,1120,1025-2048
a701c99256d4b35045976122fa6801886c98b82d,1183,1025-2048
217873c3491406f75a5a4e528b63343baf5cfe0a,1444,1025-2048
c287781c807e22ee9827e2b9842fcc3ff465e38b,1880,1025-2048
9ad15819710520d118c4990c531bdb6c6a9954d3,1990,1025-2048
63749963a4c8677ca61a25884fe9d8a3334bb6a8,1419,1025-2048
53e303e23a2b7f666d687e34c3fc25a32dac5ee4,2040,1025-2048
2c8ea9f32376eeef5d175f12a1ee82238a8e32dd,1596,1025-2048
7bdab5f9351207ea7c5749e9e08b2a2f93737fe9,1129,1025-2048
cf30fbbd573327552532571c7225d2cb316aeaef,1117,1025-2048
cdce2051216c4e2c61dc3c7135a15859179b7f12,1233,1025-2048
4870ec721d0efbcb831e667ed4a1ad73f17dc16b,1447,1025-2048
7dfdad9b1ec52253a778b9ef5e3f960eb70d9c84,1466,1025-2048
ff454c7b1fd5a0356661331b24a25e442839e55c,1554,1025-2048
5b9b891f22c1f0c81a4267b69d8ed1d10c3caa5d,1315,1025-2048
7bfb8b71b2b9317e071b2d67a5eb4d71b6f7ab49,1285,1025-2048
6558a9f6b9ce30f988a1eaa8f3bfcb1b637cb75d,1189,1025-2048
985a8fe6d422bc3f2f992aa916e1f60a6053c946,1855,1025-2048
dfecbae3e175e4a41d6b4f266ba2b53c6cb3a0fe,1955,1025-2048
288fcb2d15194063cdf32d7225bb8f1656d3cc5d,1155,1025-2048
88d6f5962c0adc754f08f43294d6c982a29d34c3,1074,1025-2048
b05812e8918ccaf151ee318966139b261f89e543,1558,1025-2048
fc276f0dd475c4d4d44e6b6d0305ed9a37d3490b,1053,1025-2048
aa764e1dbd3d2b42215bd907f6dd66b15645bf43,1496,1025-2048
404a4afd496c4130d2cb577297b5a96ccf303a12,1044,1025-2048
0cff76750940fdb799cff59bf80621115d1def82,1471,1025-2048
11a63eca3295fb0ad7f1dea2afd17906b5d02dee,1032,1025-2048
7d631b6633cfa1961e6575aa99ed1eae8a04fde9,1155,1025-2048
291e7240289e32f06e1bb7a81c7de2b933044379,1064,1025-2048
d465a2e5901d83e6d1b230067db906feb54ff4a1,1245,1025-2048
07d2a9b09001976ea8fd9cb8d14980e063f0898f,1124,1025-2048
b6bcf803c3f9652bae67aef64f06c7579ad6f5ea,1221,1025-2048
5a0b12207544566c3d27d08224c8cdda32b92da4,1103,1025-2048
2cb4d35d1c660749795b00c0fbd74c4f59ead38c,1176,1025-2048
4add391293c6394749a60348866485c982824f5e,1430,1025-2048
c5ba63e9a1a19000d21f1b843f4369c099900a19,1522,1025-2048
4d4ecab7c15f582084a5d0d46e8ee2c731a13b6b,1113,1025-2048
97940e267225d43bb66b45d9634beaa8e6d4c53b,1102,1025-2048
374e224f4cf0160a98d1c5710722a7273f46d995,1089,1025-2048
721628aaf37283567eb7ba9c07921be1a30ca791,1480,1025-2048
48e4543647279618d8114a6817c6dfa8bb627670,1036,1025-2048
605cc9733073a50efc1055098299647c4b8d8bb2,1361,1025-2048
31b2fbf8a1e78adc6713abe54035bb2f132118f1,1763,1025-2048
542db266f8e1fdfe3a7dd8f332bc8749f7e22894,1723,1025-2048
04237346b42fcbee52e890dd2fbc986abded1640,1207,1025-2048
9c04877075d414449e5f6c8a897f8b72adf399c7,1299,1025-2048
9f37e51cf668bd11217d0496bd638519981ec83a,1082,1025-2048
92bd73106d407b68c8a2e01aca42790536200d17,1509,1025-2048
8b0d0dfeb552841da24826ee4d080b2e8f3dd9d5,1053,1025-2048
8d941862b2705b50bc646a38a26669ee6534c9d7,1385,1025-2048
5c2d6b39f43b616f66159432f65fba80cbb6c91c,1233,1025-2048
cc5cf52a969bf0814ec307129135a17bec14f1aa,1676,1025-2048
fe58fc4efe9ab80a86037e0878663f011718e89b,1947,1025-2048
41ca4f0ff8b496c56fe38c84cbb7ad55532dead4,1035,1025-2048
f8f4585b445ed9befc39fd97a2727e0321ddcd3e,1127,1025-2048
bd63fcd5ec4ead649a32d62d005c9f3a410f4f31,1307,1025-2048
9e5e226fe10becab0d0793cff4dca5fc4a0b5aaf,1109,1025-2048
51573b8a882fa2a337aa9d64ddfecbe7e72cdfa0,1795,1025-2048
2ec17f38671984a5f6b8b6a855c6ee6e2754b8be,1136,1025-2048
74e66ace853e85a9c83868d73e91519ab3a3c4fa,1317,1025-2048
73e3381bd1d223d7a752c4c3a35df8ff8ad62a51,1605,1025-2048
0b5a210ab8c50cbf9c820a7ba629aa4e035d1662,1025,1025-2048
c402314407034f3670ce1db0a41d07cee0349a1e,1500,1025-2048
c140303cbe867e9cec543a21e7837b64cb922480,1284,1025-2048
8aa69ea3993ca11d40a0903c57cbc5b215aa80bc,1047,1025-2048
225c3ce024ec4a223dc3130a05aa334906791aeb,1058,1025-2048
c29af19cd82912b88d29ce5654f79f9618e08b96,1540,1025-2048
4248fe4d8ebcfe35f3cae109f6e16fa1fd9df810,1065,1025-2048
504ff27929a02b5cf639febdb98f4c94f2c7a76c,1285,1025-2048
97bdc5522ae46b281389654199d656eb67728a32,1738,1025-2048
4bbecdcc79ab786058172938395febaa635871c1,1042,1025-2048
b1f1c575022cba40537cb5d8bfcdb91ce2328bf4,1543,1025-2048
3ebcbecfa3e15807b8ac2109cf78e7dd54cea13b,1376,1025-2048
6ada0550b8f3362f14a7005cd60b7b2791cb8d5e,1033,1025-2048
fa62d55dd29bf9c082ca2556b8d4eaca34806e63,2029,1025-2048
bb07f38872992639dcab62621c03657f57da8213,1341,1025-2048
d3482d91af463d97e64e4a6137f019066526a09a,1751,1025-2048
f66f76700a8fe93f93c6a522666ff06c968179d0,1294,1025-2048
de2be42659be5c43c1a992b5d7fe6daf14e571dd,1802,1025-2048
de96bcd6fedebe75fb5967b7958a7bd74b52a162,1453,1025-2048
f757247f9c79bc2c93b9d1a1223deffdd3c3ee81,1083,1025-2048
edb11a439124103920577f2ff779dd7e8ddfea47,1298,1025-2048
b1b1b37ccb2ec5cdb1e061ebfc1b3b95302f6702,1125,1025-2048
6eff717b5d7e9a7136ca98d04b0fadc906b58fef,1259,1025-2048
208be39c6dcb59cd4eed746796969c275190499b,1318,1025-2048
a76010cbfdf508fa9c161e9a5a822d11ac6cf01c,1274,1025-2048
95aca4b6d08211216dd48992d581b5250a3ba73a,1578,1025-2048
61e832cba056587011d92951398698f5a99bde05,1963,1025-2048
3aae9194bc31dc6826b05f6ad610f71af9995bdf,1087,1025-2048
837b092db2c9a96e6cd75de72a473b13c00b8a30,1765,1025-2048
efd93095630c7bb914a0808e09cf9a6550a67670,1111,1025-2048
30aadfb39369527b42f694eb3a4b2508caf66dd8,1033,1025-2048
2ac05bf62e33052ddd272e2625f98641c02b29a4,1554,1025-2048
505f3d96f9f067bd1de2d40a8b2d55817d17f659,1303,1025-2048
280e863e57e10c8501c67c5cad7f159d6c730571,1085,1025-2048
a63d8da37c483bebb805023cf81fd34ebc9474b8,1034,1025-2048
fe0b3c0ad3d9c044766e8a166e715500b49ed2e7,1416,1025-2048
797ce5ebfcc747fa03a75acdc6a5897e1b541eaf,1088,1025-2048
f8445ef5f5d207846d7ded7fec6407678e00a860,1197,1025-2048
b59d6afc1b366eb4e6b3740b97bfca8e3467934d,1857,1025-2048
20da38d44fbac2b9684197bb7577c030c42e2d14,1188,1025-2048
b334c42d90105508bf7aba004c1ebc3e0ddbc5ce,1782,1025-2048
7915ed1fdaf5304b8851b2196c9802124900c201,1639,1025-2048
b4721db873d8e03364cc88c74d243e7fa7779f93,1316,1025-2048
261ca6ef8b64d583c7ef275702653309b6290b40,1381,1025-2048
b840cc4daf2011ebce931163fbbdce20ef09ac3c,2045,1025-2048
143a01a9ececba562cb400b7ed92f24bf7c889e0,1368,1025-2048
f0cba3f2245f2b1988dd106aca6fb5d23b071e6e,1108,1025-2048
93424b87ccb93c3307ba5205a767b11c773c8e29,1295,1025-2048
13c88b03d5cf583a342e93aca7e8d98c88097227,1326,1025-2048
cfacab8da0cc92ef75ddfd72f50da16b089e88e6,1049,1025-2048
4bc5752ddc700de09a306d81522af8209f3425c9,1487,1025-2048
f4dc3f6be3293254652049e778fd3388896b4331,1214,1025-2048
7bc13bbf233c7d14fd8917af4417596d258c2d97,1745,1025-2048
576c054f84d0e4b1f21ae4f8f1b506b323e84867,1076,1025-2048
5b141af7aaf910ae2a47c0a8f3075722afe1a162,1618,1025-2048
2a62d51e851805881fe39f2ddf4d71c997dea9cf,1814,1025-2048
d4f45c8e2794b7f7c0439ff03a03ad5692b1affa,1288,1025-2048
653798ed8a5643fa3dbd35b6686d5a02b42020f4,1342,1025-2048
6163bffb715e830b4bc829f711a6aac062fc69e7,1554,1025-2048
c3b182fcea9f0db30c3e68657dd402bccce118c2,1086,1025-2048
56cac19718d9e788e2cf19fcd9fef36450d0b783,1884,1025-2048
c6ff753fb05b6575770db741019eb0be9a68e3cd,1395,1025-2048
07a6112414db5983f5b6c1d9b7feb733b390fdd7,1571,1025-2048
d4755bf7fbc042875c2ffd1a5c30a286bfd3ea4f,1261,1025-2048
4f145769b149147407be101d49ffc0ecf3c3d866,1596,1025-2048
2da397a79a8916b2de055a60cb36781e13a239f9,1625,1025-2048
12a3fbc12f3ed13afa1d46a31f1d9304e17b9c42,1230,1025-2048
65e45e1deb243bd4ff51e7a8411c436665b4dec3,1154,1025-2048
5b394b15b51ebcfc775dafe5bf2a68faab4fd5d9,1131,1025-2048
2ec7292b3d48205c6c4150d10acdc56e615b5db1,1067,1025-2048
db6c9ef552614e5d91c2f68048d2ca18d954e5ac,1584,1025-2048
b13c569178ca2d9d98fee38c74b20de1ecb3323d,1312,1025-2048
923b6d3910d7d8c4fdbd37414fee31abb76ca1fe,1830,1025-2048
0ebbdc5f89245714002ad4c6d05ca905e5b4a2e2,1771,1025-2048
a3f7d89a1b0697a21a445b5937200f5988be4de6,1043,1025-2048
66d890912381e2536d2dbc117a0ce59158c3be90,1650,1025-2048
7d9a82e3e2a32038e2ed7eb9bf1178f3ae47e451,1151,1025-2048
1904d633fca15140e35d893637232803b6dde6d9,1347,1025-2048
cf524f51e6c2d473d0d6904a65dfced24110800c,1840,1025-2048
1504a9d5829033a8cb4cf37b8bb13dfd4baddc7b,1675,1025-2048
b3712785190c82b361edba85710d34e01a549982,1108,1025-2048
c14bf8fe23ecf329dbee545e959308aed349c680,1307,1025-2048
ecbff8209c36265fdbafff4292740950066fc5ce,1253,1025-2048
85d2d4cb2ca1dcd9da2d5a765cc2aa4911b0a175,1128,1025-2048
40e71c10edc2afc68d079546e8f4952cd52dc671,1240,1025-2048
ded8b93ce9046c130f744cb1a9c7ba9ed0381b4d,1838,1025-2048
46d8b167e0c05a3ca01e280fe5660eeb36a90897,1969,1025-2048
e36a692f2e52e43e38196362e4659ccc42b8f1db,1250,1025-2048
b3d1daf22277052f223a3c34ebabd88efe4fb264,1272,1025-2048
404abe4a6b47cb210512b7ba10c155dda6331585,1687,1025-2048
13d34aeb827d613f8df6846ce96e60569238cade,1036,1025-2048
9cffcd422c2e4b6d9a5d2cd0ea339d8caa508962,1435,1025-2048
956e9383ea6c5e3cb90a43521f2b5322aba0d72c,1067,1025-2048
ab41cd62e40768df79c96db4744cf0449b677abc,1252,1025-2048
f478b21fd5c02aae87b77625e0ce50cb7d1fd353,1035,1025-2048
dea8ed49d98279b4afec70bd50fdfc5dcda68835,1145,1025-2048
18c7d5c2f1086e9710e39a262589874f21c4d8e4,2645,2049-4096
d82b55c35c8673774a708353838918346f6c006f,2381,2049-4096
65c77a586d23ff75b06a88799d428486551d2d98,2133,2049-4096
3dda474c7ed468db86bae73ecc7e39f75887ec98,2470,2049-4096
ece37ddbfb2bcf53a58b3c7728ca1e91fabd6786,2711,2049-4096
400e0b4b9409b83504326ecc7e5827ed65fe6946,2237,2049-4096
505ed8c92f0b1ca9afdccdf4890f4e79415ee788,3457,2049-4096
7544bae31e87ff210c959cf2fbed5158b5f9afe3,2237,2049-4096
cbc5a976acaeda9d273d60bd76a9e545307683ff,2424,2049-4096
1428ffa781ed947a19985b3b746c313959dedec8,2540,2049-4096
1267e5e46e17858e3935215f6789077b5a02f471,2057,2049-4096
f8d35d3e5c3c9829b3a382b6f24c750eebf2b4d2,2361,2049-4096
f24e4603f23188154de7226dd2341a151ab686fa,2513,2049-4096
78f48e76a5784efa1536c6f94f7daab180492bca,3178,2049-4096
95647891f7522d58d75ca499cd7783f2ab56ca85,2237,2049-4096
c931af216987c31f1e2218e531a7350868164f40,2057,2049-4096
c2df629438dafe8150df812f169c36f582fbad72,3625,2049-4096
4c6a3e87e1e974e87c020804de3ae9b4b4260d05,2276,2049-4096
518c3867f4272fd46fc5e8ecf1eb4f6af517c698,2107,2049-4096
277a54af66e75bb9ad57cc770650eb7ea80e3b21,2655,2049-4096
a8c440128b9a541361521afdfd388d933e899b60,3616,2049-4096
982ce48c7757c8f4e38874573edccffb2e8d1c61,2751,2049-4096
c2b89aa2b8200aacb72df1368f2c5312784aab26,2696,2049-4096
1a3555826ef68df33933414fb8a0724ad715e97d,2906,2049-4096
bd66e3a85bef034aff2daee7a0b3a0dc408213f7,2181,2049-4096
2ec700aed02117cd5d2e078ba7b65287390603e2,2869,2049-4096
015688f49a26ca19bd67d2299bd16ad0816331cf,2722,2049-4096
02d79e98a9c089b9f052ce6b4c8d1ce9cb6c711d,2156,2049-4096
da1f01b4d10355bfa93df8d3a6c61f0c93f83870,2877,2049-4096
ad9c4c2400c4ba2ddb8325ef9b262c1e88f58c88,2321,2049-4096
1c92a4b834a469a0782929502b0dfd21b63dda85,3010,2049-4096
382de1034df92ff145c81f55a8bd9c1e6a6f6b52,2755,2049-4096
e3bc1ac0b0abc150c4ea466712095c28e1649e0d,2753,2049-4096
62ce080639cf0fc47b61ce5239a43228e4f83bfe,2146,2049-4096
cdd633b48c3e902b5a7a012711d868cf5745c677,3206,2049-4096
2522beb6fa706c1f6e3bbd2d222e441eb3a9617a,3106,2049-4096
e309f70e04ac6ff78baadfe4bd8a1578ada8d904,3603,2049-4096
7f19972754ac0c15329666b3a6efbf569b27d8d5,3827,2049-4096
4b33419863b96c270d5875af9bd5af3ce5dbb1e2,3356,2049-4096
b915fb4c45d19a5b979868b54cd1e384c5e59d8e,3333,2049-4096
a312a573ef81793d56401e932ef6c9498791a3d1,2585,2049-4096
4c4d0613fc29ece0be6e4b36b02dd3ae0a0c9763,3013,2049-4096
d154e29da91dc193eccf4681fa3321982ac70a71,3069,2049-4096
8b3154a692511d14e17d019dea2d299a80f74175,2428,2049-4096
a20f3dfc9142b48b924e68ee22ba259a0d621bb2,2070,2049-4096
f2ce1688d39b5d38cbd994766bedf9e867df2533,2486,2049-4096
7114418f520880dd202108f20fe8e6ce70db68bd,3804,2049-4096
9b1e473094bd35bc8896044c4c633d221c29e273,2931,2049-4096
779614566ed333701c55d2acbdffee32253e2297,3315,2049-4096
93599207a111c726cb591bb7a5f9eafd6d76bd49,2418,2049-4096
7baae9ab7e184721b457e38911f68d5637a80e33,2877,2049-4096
f446a294104bd7e69a95487120b75e014a292f44,3284,2049-4096
8760bc7631c0cb04e7138254e9fd6451b7def8ca,2465,2049-4096
ce001fb429a98e3a39375d3c7cfca82c71078424,2765,2049-4096
f83f76c648359efd9b70171ba1ae69065cc1aaf4,2548,2049-4096
545ba2a12c2800bd006d26dad7d296b12c722ab5,2164,2049-4096
ee65c86b48e9cdbbba17b755dd5e18eda8108659,3143,2049-4096
85abcf691f597cb4ab2b1514c90ed558c4f1c84d,2050,2049-4096
5bdf59970d48034eb39bc9009af8fe271b60ecba,2388,2049-4096
eeb07f6adb3589539f967bb9212cf2da9cd4232f,2368,2049-4096
d935388f0cf741f6d4acba36efbca5a16aefa585,2326,2049-4096
5f1c68257d197c9aeb68656e3f2bcaeff57fa611,2161,2049-4096
892b04bd0d90b4632ca9723a2bfd02d976e1e5bb,3480,2049-4096
3af5ba18a6747a137a45243c2a46378b6c67b2b7,2069,2049-4096
dede7bbdeb32b9c9af3e81632f60263e7c473790,2730,2049-4096
090563ffbbe4425d9a2cf3099e492689d7d767d7,2367,2049-4096
563f73950d2354cace2f835aee6258da51958f59,3481,2049-4096
fa3b8af7a9eec93947cace8ada23346238773f73,2518,2049-4096
9075b264a8c43b09d3a3d79f80f37079b65bf8fc,2311,2049-4096
32e012bc625ee0a4fe26e35dcc4750d2e208d70b,2597,2049-4096
a640f3711d4078c1dcfca5b22d01dc197f63f1a9,2442,2049-4096
1f101fbd343044499ba2bab28d05d1eaa268e7dd,2484,2049-4096
04acb616e4636054e9857f3d1e7fcf5e8b5e43ac,3838,2049-4096
03953274bc99c7820c1035cd23b86a9fc6c8dd0f,3216,2049-4096
fee44976673da41c128010cb0976b5896f039dd5,2072,2049-4096
ce870c5691ee9021878f2dd8af9f685df6d190c8,3428,2049-4096
2bdb5047ec8c07b390a9c50104647e37e8fc178a,2652,2049-4096
7889bafc0e9ffdb8dfc32f00ac0bfa54096e29b3,2248,2049-4096
ec21b719d7713e1ed14c4ca78f06ea8609d44bc4,3347,2049-4096
2d7b90d94a1ac8c81143a63208f34f724b89dcdf,2082,2049-4096
313954ff0e5b286fbbfb8fbbed4c1274c56b5e52,3135,2049-4096
4a7f9ea4dd88c1d1793b79539dc887b93ee88c1c,2671,2049-4096
d7507d2e8b97f5eba3100f9b06b6ca07c62b0352,2507,2049-4096
7995dddea80c84c193aede353536f730e13fedca,2089,2049-4096
5f4ce56cfef41a9d98d9e27f853ab24bd876d6f1,2690,2049-4096
b334b093326b71ba98bb761d5b99fc6e9e32bf3e,2139,2049-4096
9c3895310150e223f257ac49ba2a6d824bbbf551,2133,2049-4096
f3a5b8d3e64943a20b4defa1beb8e993d537d256,2106,2049-4096
474de7940cba3ee6890df613422b56fbd0d947aa,2628,2049-4096
cd557cfb61cdbc045aaf10ad3cb0e7e9d983e190,2572,2049-4096
0c633c82971b552d67c61b77836d1f80e4a2747f,2207,2049-4096
40ae9fd214e5ff50b95dccdd342dd91daea48488,2223,2049-4096
b42a99d71df29e9156cfcfd160b92d2649943247,2159,2049-4096
b02f474196fb9bd61fa3d418a7ba8ac500e8d422,3038,2049-4096
9c9820639a9f49b30b045e065ce039e16c169f1f,3809,2049-4096
97b69d9a00b2087d093accf692a6ab63238332b3,2143,2049-4096
75752a43e8b48f10ba6b315a9b1e54886cc4d772,3255,2049-4096
cc21e91142c5393734757f063be22036389730cf,2139,2049-4096
935d89ea49270b1cde3eadbcd1622c409f43db78,3746,2049-4096
2e3bafd917afee07f33305aac8838a98d8383336,2075,2049-4096
f2ecb435d96cae1adeec891ae66038121d727b2c,2374,2049-4096
73bbb28457c7f21109ef6953f6d8a8179cdff66c,2893,2049-4096
bec63fa4b39ac9eee704989463f0104b0b7af44f,2344,2049-4096
403afe818c9a66bc3ed8de2e058b9f0ab02f3d1c,2987,2049-4096
e265e55240fe5cfb406718ec56b215027e8e5eb5,2068,2049-4096
4267430e80c2810c688677d85d6e2c9284400eb5,2060,2049-4096
6e0316a4941b4e010a47e4ee86a71abf7ab07c5b,2384,2049-4096
061d2d86be3997853e471a19ea89ddbd019ea6f5,2506,2049-4096
08ca32606a036f91a8bdcd164ef1a126982496c0,3461,2049-4096
0daeab6d8fe2c0616ecca3527eae49cde8ace453,3549,2049-4096
a946a54c5064f5dea98d0692548078c0cee7bae9,2781,2049-4096
5d0e28c5a5cfe9820802ab6ec3c49f6927555af9,3338,2049-4096
46e80bca68ae6db71c3ebfa5b509357ea3662a5a,2552,2049-4096
37eb08cce9b740f74e2fc3d254f0f2890c7afdf6,3290,2049-4096
91acc185bea87a5dbe9f73576bf3f0f06fd40227,2248,2049-4096
6ef7a8f0d335db7a2d0ed60d54791dc074f5deb2,2944,2049-4096
a02ec993caa16db35f382baa206cee5e82a525e8,2147,2049-4096
9aaa254ed4878bc1c1f1f95542ab196143c59a1b,2773,2049-4096
22789430b8624d15619ee92ecf09764309f5f897,2374,2049-4096
58b8adebb728637da8659d15cd8c4c1bfe38221d,2072,2049-4096
e5839836d01cb3f6ba3087ed4784844d47416706,3414,2049-4096
90d23d2e491b61d51163d8ec0a70a195e61a1e68,3880,2049-4096
d8710ada7b567b4411038a9a50b8d62564c78b24,2740,2049-4096
45a6ffad4a1d0cdf8a56f0076abc692939e65a27,2156,2049-4096
ee7b883e35d754ae4f71c21bb71f9f03e4ffbb2c,2120,2049-4096
0bc504478616fa9511f07129f95a0cdaf0c6395a,3783,2049-4096
fe28f978a92a7b446a9c5adc7bf61500db31554e,2338,2049-4096
8a003c72e9bca0acdac9a3fd74a524930f79f614,2117,2049-4096
fbf177576cd4f4c00d0283604954078b0a9518b2,3184,2049-4096
6033ae7d3c692403c6e8b1834e2589030349a6c0,2163,2049-4096
e133c300aeb1cc3f27ec636e010af050a8ed0b70,2711,2049-4096
2f095d1fa575ea40329921a35feea7433e3fd31a,2776,2049-4096
c71bae77ac2d3c1c29d3024c48d0cf8e8451752b,2784,2049-4096
1f86a4cb00bfcc5f0665fb700b5e9816dd981db4,2167,2049-4096
4106342a079eecadd4a4a1d39eabd4a50e0a7cd1,3463,2049-4096
bec079e846275997314be1415d8e5b3551fe09ca,3310,2049-4096
eaf8681d44fe3d66198537b6aa75246abf24e181,2545,2049-4096
752f7c09da359e3622e6d45df191a742e9edf916,3507,2049-4096
feb4e38c21f33fec2add1d19a9008c15ce8849f6,2902,2049-4096
3760871964512028fd6eac6fe8deb0f53670f88a,2614,2049-4096
175f77b62c761b525b4b383cac508ab4b1c6994a,3076,2049-4096
c98560d2e20a539079ae3cb13a112a7a36f46cb6,2306,2049-4096
bd69807ee32352c2648a4ff5697dba7ba8737f22,2108,2049-4096
51442e884590dbf41e0a2de9d9bd6b85221001ed,2694,2049-4096
33feb386dc87e78714e89514ad2f249617460000,2575,2049-4096
018e8ed8c8694d45cfd9ffaf967368345fe22af6,3049,2049-4096
35f64f3c7185ea8a988b065fbf2cd0bf48996cb5,3537,2049-4096
51f392434f0794f3d21b53d595586319471de5dc,2669,2049-4096
f07e23b54eb8e53f32dd5ee65e9c1a929bc3bdb4,2376,2049-4096
abbcacaa273b8fea38d142e795e968051fa368ea,2425,2049-4096
c975f3acec4fc40c418c87fea7cf195ea7f5ee02,2169,2049-4096
d849c61c170ed1404064e3e06bb37ce9bb2df929,2554,2049-4096
d1f7b2b520cd8ab7632591faf1fec028638c2519,2417,2049-4096
4a4f8897fcefbe2ee05aad30e6621233d118f196,2522,2049-4096
29c7ea8389f7945a007adb5d0585717faa740fba,3571,2049-4096
1c581fe3f53c428d0da778cd76dc614ddfc7df03,3232,2049-4096
22bd61b646e81703455d2399c80e696419a4d33f,2711,2049-4096
7a97eca4a28e425b036022d097d52576592642e4,2885,2049-4096
ae842d4f80572be4cbc61f2bbc25a5895a94f544,3015,2049-4096
2a5c233bc686cdad2ac9edd1c8578dcdc681dc63,3430,2049-4096
f6af0b7accdc3ca99195b991e50232392fa4b4b8,3745,2049-4096
5eed37a86f285b7a1aa7f8d5b77a4f015150cc61,2730,2049-4096
8ca3426161cb12e3d593821daf2d9a58e260de23,2257,2049-4096
5aaf54183135615c016d41a56772fb1dd13cf7fb,2283,2049-4096
9d200f57336a406d9c2040c0357da43fd63d932c,3073,2049-4096
0d7d277c338b68a92dfeb428cfc6bc71fcf0c387,3418,2049-4096
7fb27e0123ca907b55b8ef57afa1612731eba034,2222,2049-4096
ae9aad6f6c240155bbfeebfe778e35d844accf90,2087,2049-4096
79fb501661cac6a36bbe2d136befb3ddedd4417e,3344,2049-4096
4442e1d6ce66fd593766eded0fb651c16a185d7b,2940,2049-4096
9023c7d0515c543e393be626a7a871e6b22d670c,3658,2049-4096
e64701d65504db01a96b83d5442b52a41a028390,2235,2049-4096
a600850ac0120cb09a0b7de7da80bb6a7a76de06,3446,2049-4096
a8da66c888e51bd1973fa5429b2c213c8ba3f170,2071,2049-4096
0f7e5bd36c51f24fc388d41b13dbdd530bdf95a8,2753,2049-4096
80598bb0e18bceec032cbab23dce6d9f5fec998d,2441,2049-4096
76e04b56a13327572fe824e0416fc85bae9a943a,2926,2049-4096
ae519df2b6bb424daf653eccd225c9e51e40ad5e,2259,2049-4096
e711b5dc883b6f79b6a00d5b034bb427e989e987,2162,2049-4096
7321c2dea16517e7c57f026c48b7c47215884460,2870,2049-4096
7b4b801de1ba8a4456adcde7b1a9c5bc5cf09fc3,3231,2049-4096
1478844dcb94f75e10822edbca75b65a3d64446d,2587,2049-4096
4d64c7c3dfc5722a08a6e8f36721e938a9b932b3,2274,2049-4096
f23b66902a0562b60310c76ecd884f53159bb79f,3897,2049-4096
3d87e2ddefaeda8abc0f088017c4b4ea0dfca015,2150,2049-4096
d3df2627f9dc761fddbdef8c8192061619b11e82,2518,2049-4096
c198c457f6a192658c4be2e045142b79f97a1351,3368,2049-4096
884d8885853638dee0256bc4e3b2942de6253bff,2504,2049-4096
c7338140c446bb1b8c1a2c24aa380890214dc0d7,2537,2049-4096
d8d758b72642802f000405ca116bf605fa48eddc,2405,2049-4096
1e593ab42bc870eed5b4573d9e69887cfbfd3a04,3175,2049-4096
130b3ba2bce5849273c59e987d2dd4c1c670c3e1,3414,2049-4096
0ce93bab4b8dd5b85a0e379dbd5e599e61e3f94d,2135,2049-4096
b96183ef316e522f7fa49d87e53c131e11beeab8,3883,2049-4096
77d049b5961f57d9d42154144432a8fb039f1230,2299,2049-4096
d25d05fe07b0ee9a3797d6184b32cd81756b6370,3522,2049-4096
e60f781a0fbf7743bf389381fbd8192b142726a4,2528,2049-4096
69dc367c30240fcbbde0a2be04f16b02f2f7e73e,3324,2049-4096
c91b9c20d3612a83322605b911f0af2d1a611c76,2233,2049-4096
44ca43f30a0d1ecf7d09dac2543e2f639bb1db38,4087,2049-4096
a842c0195059a07cb4ae3153119e4751b63754a5,2829,2049-4096
9678f99306e379d35f61283ead1ff88a70e230e2,2621,2049-4096
109697dcac3a9886d5df2b700e1b4de9a63d77e2,2544,2049-4096
23d3768edee96becde2b53ae90ff0d9471b52bcc,2393,2049-4096
5af4cb613f335b9d6aecb4b81fb7084f77edbccb,3901,2049-4096
6d726350cb25332c4fce7828a3b0bedce4c69e7c,2581,2049-4096
176cfe9afceb31dd6e768413e9ead95b5d34489b,2949,2049-4096
55acd06d845063b07a14129c4e2200f0222474b4,2217,2049-4096
4016cc85a3026f857729f2abab145abf7f65fa72,2651,2049-4096
a557489d6c04cae63c01d2141a3f763927f88f9a,2433,2049-4096
61999cdd08f39e6a4d390701031f0f4d9b967ba7,3396,2049-4096
2f39f9f623fa7d02902d37df256d190b093e6547,2817,2049-4096
e0c28245baeeeeb0dbeac1b79c79fb79fa0880f9,2394,2049-4096
f15d2bc07a2ffa62c86a6ce2e2eff3e5e27766b0,2555,2049-4096
4a6689e78e6f85e60c5c82db2738e8ea8a00085d,3010,2049-4096
b7fd77024587582077ce37eaa9b9343dfb546431,3252,2049-4096
47957a20b42c29a0fc18e3b296a95a8fa37d7ec5,3625,2049-4096
225ab689f41cef1dc18237ef5dab059a49950abf,2509,2049-4096
c69859fd9ee74e5287c5dbf22ee7e82663fe8bdd,3909,2049-4096
57544c8997e9e96deb591e4d25d4f3ccb88e6c63,2114,2049-4096
5f74b4bf4f35ebd1a49a37a27e9277bcdc479493,3964,2049-4096
68de70ede442093cef22ca6d063b32913327570d,3097,2049-4096
35660d2f9275f6696188dc74bc46ae57a3c1118e,3267,2049-4096
f10bc604fa95b026c23d797dbbaa8ccc23ddc2ac,2845,2049-4096
4f7f66cf31eb797b7ed9ef4f1aa6eecda647daf9,2414,2049-4096
99c4dc4a2c291224bbfd604a3cd80e0910ea9c39,3757,2049-4096
203ec77e581ef662798222e8ee6357e72b5282f2,2687,2049-4096
17237b87d7ea79ae6e18c24d4de83bfeffbd7c2e,2059,2049-4096
16f01a6aacb2722b5aca74c4cdf57d0bb6870f72,2218,2049-4096
a16ad1e44bb8e90fb7e55bd3f372bc4b64271403,2324,2049-4096
962f449c4edd4ef723b48a936a168fd43c9f1ec6,2278,2049-4096
b9b83f72f2aa8df2ed006a726d4c4aebbe758d99,2164,2049-4096
45f24242658f00052739cc9748a638d62bf67ae5,2139,2049-4096
1deb84164223a3468a80b376befc7e0b7261a36b,2274,2049-4096
90ef86acdd9da6c5508a94975b2b961fdff28225,2446,2049-4096
7d23f522cf17ac3de97d6f16fa8f616d716fb383,2904,2049-4096
20f3fe4fb2956d93b96c25ffc2b8523a5906b9a7,2057,2049-4096
f99ae00d1244aea3623471a24ee94f1f408398ab,3885,2049-4096
b2fdee22aa02477292b858fbafcb418932732bce,3274,2049-4096
ccc85b13ed654e7fc22ea8a108b132245d6ceb26,2752,2049-4096
18664d6e6a49c07452f0b831624b261f711a6734,2863,2049-4096
f2365f3c7727f84566b3190505752d0009e0c561,3618,2049-4096
15c4abded3f6e5aad4145194743037f3ca15c0cf,3185,2049-4096
28d7d7110d83825a7ce88779db6db28ad6fa0d46,2795,2049-4096
4a252e154263c87ff1341c44c510ac41fc62b27a,2522,2049-4096
e0b3cebb8d69403da9c30c992d41537c27881f09,2487,2049-4096
6007c42e2d0bfca93add0db68636d6320d5a1ce7,3900,2049-4096
d374af9171a7d2a3171999793a8ff3645eabd600,2625,2049-4096
d92c0111e37e56eea7a55619a33dff357684eac3,2088,2049-4096
26be447a6d668aa19f3e550a7ff54103df0d7d54,2098,2049-4096
535b719c0a9114acd54c6d38be1a88c7941aa466,2135,2049-4096
3a2746e6f559cda514fcfa5068fbd6a96069192e,2509,2049-4096
1ac178d7f22a81c04d98dba94c8f8c917375b878,2486,2049-4096
dc9b68cb215a7d7b707450e78c9a1707f50bea6e,2282,2049-4096
98bb6af84c5a55e78a3f1f4527f6000fe7d4e945,2125,2049-4096
83685950bd18191fcd5590444158e4564869ddd4,2859,2049-4096
fa432d07dd66a9d6d5710a58de79f668eb19fa1b,3489,2049-4096
256ddfa66789c70da2860b8c354a3d9c661274a6,2295,2049-4096
71de4b67564db598d0dd114f82494f6cbd01e1b7,2195,2049-4096
f8fca886ed3c47676074342e18c45231f469f79c,2413,2049-4096
abf74b85e387299a4982e38ac21d321dfd6fad33,2277,2049-4096
ac2d1001c83ac24189d37e1f41fb0678207ce624,2763,2049-4096
bb3488c1317e6d86f3f732ad8452d86d8c3510fc,3565,2049-4096
d6dc0c48c647b71399d03b500803566f2b1cf207,2681,2049-4096
cd9327a40cd4847d902523fb749df23a6d6aa3e6,2629,2049-4096
888edf576f63b6623fd230f94bdbb7c1f98a235c,2081,2049-4096
79ee825bdc3a4795822c4a04bbcb315464c75cd8,4047,2049-4096
6474b54b481f4e3b286e2e709bd6444ad8d21dd9,2249,2049-4096
be2adb9e4efdf1adbcf3fa0b9c088ac445c0d186,2175,2049-4096
51a2902667101258791f5442cfd5681174c09368,2578,2049-4096
3a618c6e8fec20c578e402cd1af3400a73e77d35,3816,2049-4096
1943769c77326c123af28283c0b91ce058a63168,2173,2049-4096
a3937642c65388a4f4e8f878da2a15dfc049d46f,2360,2049-4096
95b5f94814bea27a1538796f14d90715adf4f88f,2084,2049-4096
f6e1d998a6017045b05618ada6b154f8bb434e36,2274,2049-4096
ce5b4fa639ae86b1a49ad741f8ad690a64555023,2714,2049-4096
587051f9b9ccd95064debef0f1c191926671875f,2598,2049-4096
dd2300da0a7385d87eaead7f903e07dd133928f7,2901,2049-4096
af77fbadb1348429349230ab80ca3539355a6268,2236,2049-4096
29e18018dcd95305f64b7e59c83d908894dba660,3820,2049-4096
6056e459e333b3e810e336d7cd20d5a125ead7f1,3119,2049-4096
8ec55e43ab7578f7690931c6351f39be3cf514af,3069,2049-4096
50119e5b71987df31e8cb5c3369dcebdf5cce2cc,3372,2049-4096
14542ff75891ccc443c6bd64e4ab836d5b2749c2,3087,2049-4096
c1a517b4a05a8fe466969b4505430365a8417462,3562,2049-4096
b85b39b9b02cea02ef59d2380b085cbef02b44ff,2357,2049-4096
275c361d4de0a35c9fbd64a6043773f2ff9279e8,2124,2049-4096
21a78da8290d078de8d17b1f35ced4b52d0a21a9,2102,2049-4096
6777a6394cf3fb6012ba89d92f74c011da28ad10,2259,2049-4096
c1f7782779d5e692da7ca891f3cc2dd46d97f9b1,3435,2049-4096
84ae10c7b36a113970ab846c8edb73eaff1ebca3,3652,2049-4096
170d56c5934a71cb9ee989b26d280291a5873df7,2238,2049-4096
347da86437f5b82b58c3561b98d8e58677d2ccf2,2075,2049-4096
02022923393d9c351f21cb1dba250b3b51d41ca1,2185,2049-4096
32c60a807cda0e93295dfaca4ca17df451dbd8cd,2825,2049-4096
0a5802b54278dadff8e1186f129218cb23acbd1e,2581,2049-4096
b72771c316d60190aff053ef8a216ba57d62f541,2409,2049-4096
acd13b907c9acf16c6bf7c0a1cff0d7f2402c669,2830,2049-4096
5fe35f62345b9cd1b15d6650474bba4404f02db2,3893,2049-4096
68459ed4cff7692699d60218c1dc579cfe5e24c5,2184,2049-4096
bd54727c7c33fcd6e0481c8c9db988dd7fcce4d3,2854,2049-4096
60c02e69eac126a7415c76869312b79e4a99f8b5,2252,2049-4096
763d4043f5c0330d920bda483bacb2feae4dc2a8,2528,2049-4096
fb081edaee5c248d92d4228250ee1ce5f330a2de,3734,2049-4096
a784f8e5febeb682bff39e5c6e69c96001f8aa3e,3658,2049-4096
cd6d9276d89c5b40512c593d9a0be91b83b9a10b,2744,2049-4096
1fb5df9cc11b2acedfc6d74a0739a68bce6970f7,2496,2049-4096
8f53bdb32ba385a2a83673e0ab1c63c67a417f11,2170,2049-4096
ef8b60e337a4a872507c3d2a99e517a45c86740e,2203,2049-4096
44ddcc1c350f65c068b94e8d377a1a5b31577ad4,2303,2049-4096
ec910f8217d0555e691863ffc5b5470384ca70e9,2058,2049-4096
09a014d787935df991b3ba6d41d5ebcea769109e,2380,2049-4096
159145ae5856d4bf420af9032bade7f19906c808,3275,2049-4096
b38899169785497d4cfa21e8d8f0838216d6c7a9,2748,2049-4096
461454ff931ee16480e25fad0b8bd231356125d4,3666,2049-4096
428e709d60388be37f28d71ba43e1e67fd6328b0,3047,2049-4096
d1954fea4ae12c68c057d163e862b909619e84b4,2334,2049-4096
53948281e181469d7208ab6a812b782771be89e8,2954,2049-4096
4717803875cd7e98fe2cb212ae10172d4eff9359,3160,2049-4096
b3c5ae396acc8dd24984d4cbb04aebc5c6b6c9f1,2828,2049-4096
749c732a1d7536dde2a420cbd887bf3fe2b560f3,2065,2049-4096
9a7582d43a7c7ece51a23c944144f500a7c9c702,2663,2049-4096
c99555607f865f8e0d32e5054195b29ccecc06cf,2049,2049-4096
e82e6c3e8a5b02e2c2db3da1e629ee31d1157610,3545,2049-4096
de12c047f37aa395a49671dcb34a0e8aa86e8056,2377,2049-4096
eba87f29b395f03b88a392a266d99a8a0d26a9e3,3007,2049-4096
cd01342ef1459ba80aec884a5235407473fe2e27,2195,2049-4096
67e338f82e02273d38ea3bcbd0454a880f3a3b8c,2554,2049-4096
628e924c8fec87e190ce2e6c625a4f4afa1e696b,2467,2049-4096
e3b36c8eb9ad13a43efbc3d628dd6ae6409ddf7a,2239,2049-4096
2530b0f646813c87fd318d5831505c1676ded35c,2111,2049-4096
d0ece2313073c872e012bc925bea790fd0752fc2,2123,2049-4096
4bdaf5c03c6844cff848c5cba606f365a886fa14,2702,2049-4096
7e4e5065f64fffe868640f05a9e7ed296cda4e0f,3661,2049-4096
751b9a8225c21504f90eae64366f32fdcd739c9f,4088,2049-4096
edd2573336aa8b2d35da97065fd8b69404cf5683,2273,2049-4096
9bb25af8e69da541b758adee0acdcc00828d0561,3151,2049-4096
6d97284089f6c778de1131c68217242d51ba01c2,4040,2049-4096
79002d9faafde4aa09249e01dd543061bd39f7da,3469,2049-4096
f6d8a7fc2e2d53923832f9404376512068ca2a57,3443,2049-4096
12814e000fa6e05c31c52f41adee5128749a3f82,2344,2049-4096
4c82647b7336a9a206c94303c5a843e7262eb5ce,2205,2049-4096
bc732dac920b94dc59ae17854879e5e3ec409b11,3496,2049-4096
ad86b3031fe281c291dfc77ca9492408a19c99cd,2151,2049-4096
b62b80384f402d38c3425db6a99899d1cb9c50c6,2104,2049-4096
8ad7fb843be6dc599af50d98292f6f2f298eec3a,2324,2049-4096
50313a54bcc9444eb339b4d6db13f2c907a6a809,2381,2049-4096
79024d0c38ee39f22c5e7906bc48ded3025aea07,2217,2049-4096
f6899eac83bc8e298031e9159ac0a1e9c6593fab,2276,2049-4096
600a7325b9e116bf0d6256396c0b2eb3b37ad2e6,2399,2049-4096
536775a98d891dedcf5549cf7d44eaa3bf5e5eab,3890,2049-4096
72037a46a2afe31ea2d1b7ec0300a2e169868803,3013,2049-4096
ea2447db9549f184e92c807ac12791b02f07acc6,3383,2049-4096
e738bffd3b76a14d38c54b6f95effca38365dff6,3364,2049-4096
318510507a790e4b13a4320ec9a6a8756ed96ecd,2794,2049-4096
874d7fc560000783a4695188f5aaf4031b9ed1a4,3851,2049-4096
2805537bec87a6177037b18f9a3a9d3f1038867b,3926,2049-4096
7ed1eca6501af327dc9cf83bd143ecad4015e75f,2145,2049-4096
f23f74adf157aaadc32b98d28ad54b866bc37131,2343,2049-4096
29cddeaab1f69cfa7feb83a8e54d79dd4df5f77a,2112,2049-4096
bed62c2f221b2eb6343ec808e75c4338f3e21e54,2186,2049-4096
331503637a4500187d648c0e2ab749dca8e2902b,2965,2049-4096
14194218dd4982a976d783cac55c57bb81b90cd2,2529,2049-4096
caf26bffc40054205a31a17d32c82ebe9d90b8cc,2384,2049-4096
e549acbff80cbfa3499338dae7621e1b475b0b5a,2579,2049-4096
efae7d3403ec5c967261d4cb2e4b402a8210ac3a,2336,2049-4096
c99267a968ee4d1de0105b2b943013360839af37,3013,2049-4096
696db28448d7199f47872e6f25f07fd5904c528a,2583,2049-4096
3b2282f1383430c876b0b7d571e682660cd42364,3034,2049-4096
198f52e1562ef3e08cf4c6bc1aef25971cd21a65,2069,2049-4096
da2a2ba8b9d127aa116645cc55512d4163b5f884,2646,2049-4096
80a244cb67c960907a754534583a926a4fff4738,3119,2049-4096
53bc8b494d954d6dff51f89905e5602fce16e794,2728,2049-4096
a12d35a11e3cad376b36e118a3afa09364b40890,3447,2049-4096
aa5d5b970825219b458ea8637d8faa3630a0e082,2739,2049-4096
c03ab6cd5f95fdf2e916d5c44a7e73289617f992,3134,2049-4096
6241d9ac2a24852e592a63cc7023017ffe73390c,2503,2049-4096
7c4d2db34738222fb564df8b0664157deab68cc4,2352,2049-4096
66befd12040d7f31ba1754a2c4f4c724e72857ba,2377,2049-4096
98714e4b0760f1df6fe8118c8564cb7e858c9a85,3221,2049-4096
79b32b1fa1625bea368209c9b48d3ca5bc6c7b82,2937,2049-4096
d82409e27ef3db6bfe8fe6e50f385e910257621c,2716,2049-4096
bd759d03ffc41e36826f0958e0e27b3cfe906b15,3238,2049-4096
ea48d2958710078ea774939c180cfaa4bf62bb5a,2073,2049-4096
47165c24ee11bc71a1e4c4f04c1171af8e621eb9,2336,2049-4096
5abb7792b2c37a9f69191ac772cd9559fefa9a01,2385,2049-4096
2a98947b3e94e633de4f60a0877bb675cc7ffcaa,2229,2049-4096
579016d814ad99ddc23823b3b5d7bfdfd08f9c6f,2367,2049-4096
3574b2824254f4a78b23b7d4f649f7b242d70215,2819,2049-4096
bebf58b9e91c9062bf355b96f6db37788938c516,2737,2049-4096
1eacd91b535a05ed0b944d9588eb83a05864c323,2219,2049-4096
c2f09e4a0ca3ff243ccf3257b9d29af0bbba87a9,2409,2049-4096
0b705e5b9a40c02d02823d4f78f3742148912937,3539,2049-4096
5729e9bc42a8c006fcdeaf6ca3434fabf49e7e7c,3635,2049-4096
55e6b3ae155043601287b8e14246a21272805fd2,2132,2049-4096
fa8af1c28f8ab2011339627bf8e13e267c57abdb,2250,2049-4096
ebe6859ace06f9fde4edcb46e1c1612c7dd026e1,3444,2049-4096
ce99cea505800a50117e0f64216ab13aa6b7a66a,2728,2049-4096
e055c4f39b331ea05b571f746360c801d624a943,2104,2049-4096
a92380d2cf43cdcf79756d13a559c474d4306b66,3016,2049-4096
4b4227f74203059ba215b07dd3b4d6047fcdcae2,3411,2049-4096
9b586ca6a9a419694872606e525b3f8cc5a4ae4c,2522,2049-4096
191a68115ec23f8ee2f39940dac000dd7a3f4039,2161,2049-4096
568eb322c354ba249014456634dddc94936cbf7a,2326,2049-4096
95e3c5ed847c90663543e6c3f3b7a790f92c034f,2456,2049-4096
ec25dec0868540261d97660e155a025efa1f563b,2139,2049-4096
2c2b229b0378cb7b63a05e8fa1fb84dc2cb5e2e1,2853,2049-4096
7607ed96c44a61281bb14d6481e23384fa1e0b04,3426,2049-4096
33d2078783830ac13fc7b8776b53d3ecf0d53dba,2499,2049-4096
e6027523126b038a4224387d363547ada709d155,2411,2049-4096
f7f9c597561ca12865865d2b2e17a36311319130,3127,2049-4096
9802ecaa29613434cd7f6f7fa0e72b84a26c9d29,2930,2049-4096
6f570033c1d07467276ad185bf1521cd736c5f3f,2922,2049-4096
63930de61b2489d1258caabaed45dd68778d1725,2822,2049-4096
4db5351c505f3152c36bdb0e8ea1475bf295e59a,2295,2049-4096
5c28b24b0ecb610c6a527b32c3acb2c03b1bc184,4445,4097+
4177ec52d1b80ed57f2e72b0f9a42365f1a8598d,8587,4097+
d5c225b8dea7f54004b1f4461f051da05ab7b796,7182,4097+
9056bacde3b06af0081f316fda19a45f61fcf695,8190,4097+
9b6fb2c075831ddb4e83b5b69e8c1e96437e192a,12788,4097+
06d8f432b434b866b06629c60cea47dc3c9884c9,4179,4097+
e48d9038c9149ceafc2a145f66eaa4dcc979e254,4269,4097+
261a056f8b21918e8616a429b2df6e1d5d33be41,4473,4097+
0ccc82b74890478854505cd95ddd30e51c6cf661,6391,4097+
13bfdf45f347869eaeab73b80902a0c41f5913c2,4199,4097+
b357bde18afdda7a48e28f095a83465b4cc482c6,4232,4097+
e1077944f6a4ca988f3635708cb23b92fb99ccd7,24183,4097+
6efa98ec8421da6c7274e154ac528612ef591041,6094,4097+
df40ce107a71b770c9d0354b78fdd8989da80d2f,8784,4097+
238422dc26dc6a78cb2b03fad835d7d1f1f95edb,4724,4097+
6b9d83c086ea962b6e7ef5caaaf2c241a4d47ff8,10082,4097+
64073b19c89115bf95b23d73a571239cfbd193a0,5410,4097+
22d6adc931b2ddd07a738ce43edbae404a345573,16911,4097+
b69ff04a9ef94a8f9530fa3d9a3a2aaafd69eb82,5313,4097+
a7f6dc8dcae663de3d2bf86e3f77a3b0518ec314,9041,4097+
22f4c7bf7fc9f16f0cacfaaa4437a4abc8316fec,4136,4097+
b64cd77dafe839d5b8665f66645a2a4434954c2f,7484,4097+
796f87021518c0bff851ff1ade5f780e3569e4ae,6706,4097+
f975d07095607778474ccb2873f2342e69087d26,7162,4097+
217c2da9f9e77834acad4e1dbde9c8ed49a193a1,5627,4097+
6f20e254e3993538c79e0ff2b9b8f198d3359cb3,4766,4097+
44afbb73424b4027e7153786847aa2300cf1eddc,5846,4097+
784f972682a958d65a6d48b2c8025736caa45fb4,4770,4097+
6270baedeba28001cd1b563a199335720d6e0fe0,4969,4097+
fb4161d563ee0430a2088464beb2c280c323fe39,6345,4097+
88f713b166f061d3490cd245d341e56c0b94e3d2,6162,4097+
7c6ba6433e863b83700122071d9b564bac5b322f,5249,4097+
c1203ff7582cf15a160591f6d29e434e27db4e97,28489,4097+
e5fed6365d051b980322a39f1ebc390da1b2ba2b,9812,4097+
b7d94f5fd9a6c512ba53d3a6398acc5782083c99,10669,4097+
baf822e8e772853e88170a37f1c3d32018adf7f1,8452,4097+
788a6c10cd839f74a846b9b745b661d10b21f35b,5097,4097+
b522db52c4c13aebd1ee468edf6654d919d147b4,4476,4097+
d09acd197db53bc983ab9124701148832770612a,4407,4097+
ee652f0f63ed5b0cfe0af4cb4ea76b2ecf790c8d,9152,4097+
63116ca22d65d15a178091ed5b20d89482d7b3db,14416,4097+
17cc1d6be6ed398af518fef32ba4e37a389c9dbb,4285,4097+
78a9b31d5c2544c5d3d519e4df0f938ed53196f8,6969,4097+
60eb5b02285e89211554be2e89674e739c7dd537,5232,4097+
123f02d832df6dd3ea6647e4d235b9f0a95c11ba,5893,4097+
bb01353f818ca226b53433163893efc56c3df32d,8968,4097+
239f602e0e86d882b6f940e194bb5f653f13b822,5123,4097+
00a2249192736123bfe0118e8c0dfa76af974e70,4477,4097+
48626e9ebe6ea9f907228bf044a8fac20c71b32c,4939,4097+
e4a20ef52960856754a2e60da733ca07ef368135,5649,4097+
4ff4f24dc250887ccb278893cd26252585bf7e64,6799,4097+
876a19480fb44199db610896f75c1ecf379f3f14,14301,4097+
f73ce8b20c451e88e9eeac0e55478fae2063bfbb,5956,4097+
b354a7a471e810b11f3d9ea5ecabfc51e0c54f9c,4781,4097+
2cc257b0c7db92f90c3224c35df7b8e85f57a090,9953,4097+
a73f9e6e5fb92c521a7160ceab935e8986c1499c,5161,4097+
834fe5cc816c182506c20f9e71237ad5c7530f0e,4306,4097+
06c0b79e6d7acb2c3645cbd9e4218fb95aa37a2f,5244,4097+
fa3b7f641c922ac46d4cbf471b8cd534a866e4b6,4284,4097+
e7e7123b9a70b19222f1d0597268900ff17ee8b6,10442,4097+
1d30caae87de22a1c5547a702ed3290a6a878271,8218,4097+
3f16ca5c709c32b727b4fae6231763cc020e61e5,10180,4097+
f0b3633483fc82521b22592da8ab61bc88ddfa01,9719,4097+
de9c571038aff78c1fd374b23dd8112998ddd090,4357,4097+
7455f65a1a23cbcb83a527c41dfc030ddaf79e5c,30392,4097+
c73ad76698d323191f994de40ef118c1e67f745d,11605,4097+
07bd17af25acb7e0eabc34e058e0578fd1b53d3c,10426,4097+
bfa035c0e723f8f540500db038ca6e26d599029d,5431,4097+
b8f1a18759945b0f1629f94df254b1ff52669451,5088,4097+
5a94cedb709e7c7e005f16297a4a3f134b79fcf9,4464,4097+
263d8ef6980f7a3d80df3bbda522a8758867c10f,7266,4097+
cb9e29db0b631e61cf2d1bf088c34963c3468b9b,5108,4097+
91245acb047f3fe6a7668bba8adae111e5dc1034,5508,4097+
cd309ca6d59e8ddfc6f24933f1a56a4197e27bb1,6617,4097+
b80d426948e5300bdf7dc4cb688a66972d7f4582,4358,4097+
6a6818950eced9e1e4f257f4e0b4317beadc1f7f,4319,4097+
7494a3c88adeae87f48d20927aac72c67bcf9eb1,18796,4097+
05018954ec8b2c1add86bae8f9932ea5908c0c52,6094,4097+
13a70a59884a54788ca9f7105555ba812d027d49,4925,4097+
17d17fd8b90d2a9afdc877901090c9b3ab2afa37,5321,4097+
c8a51c04d39bbd568c1295eb5ea18c27f640091f,5397,4097+
f2b196ffd931dfde6f021ab9ad67297147c2e0e3,7047,4097+
02a1dcd844957332341b7537ad1d9b445ff6ae32,4539,4097+
326df75dc92fc325904cf1a920d54fe067fe9f60,5235,4097+
09eddb58f13248942f2578aa1ff19572d46e9e4f,8493,4097+
d7f0d01711855d236a8683cae11307da1610efc7,20185,4097+
ce02302a7f055be76bc99c343584c804c1b1201c,26254,4097+
2f5102ec3f70d0dea98c957cc2cab4d15d83a2da,7376,4097+
6a385bcb6fbd042654c6db12b9a0939f45da5597,9342,4097+
f45dce9b51785e2daa9939c1bd00febf1bd787d0,4490,4097+
adb7c53c6928789cd5accf9ab5d0cec3fd32590d,5497,4097+
08962fc3feba2970d18491973d7eafaf4ec275dd,4346,4097+
162d958ff885f1462aeda91cd72582323fd6a1f4,55477,4097+
5ded2b8c64491b4a67f6d39ce473d4b9347a672e,4580,4097+
b9da812b7b3e43b13842b3386bb4a09524c55e00,27297,4097+
94f1cbb8e88f524efe2a9034e25c1f83a6b2abf3,7721,4097+
af8d81f43ea661762b5c1debda4320afe2c28265,4903,4097+
3b889bd9c4f04b8419dcf408e3c1941b91c3a252,6326,4097+
afdd29c9db24b9170193decde1aeec6cf0989a20,4223,4097+
54205667c1f65a320f667d73c354ed8e86f1b9d9,15980,4097+
85648eadb648f2f15adf2fe7cacf60101ec861cb,12740,4097+
12b0e1d632b523b10de540cd3e66503653d83024,5684,4097+
0220d1b8b8e5644e3b5258e4df2fcaf90ac00b70,5338,4097+
ededdedfaf2b08735c946ad7a979ec04f6b95831,4868,4097+
a2b1847d090ec22416c68a0a72a3bb0424c8e3ea,4863,4097+
0ddcd76d3062a4064c4f9745cb7efceb2ca9185f,4566,4097+
424561d8585ff8ebce7d5d07de8dbf7aae5e7270,63901,4097+
05dd7254b632376973f3a1b4d39485da17814df5,8373,4097+
a29b7a000e6e1a2907ce6ae24a03aba5d9ef873f,4668,4097+
63af0e90729f983539a0eaba62eaf04b61926a70,15169,4097+
9885b611792aedb706ba905e610b4a0a409d5984,31533,4097+
1079699951213817beb54508400fc4d4084e5972,6149,4097+
2060fe4b01ec2a5bdb51eb47e5c0b111150d0cc5,7184,4097+
c7b7027659ffe67670d41a5a73b7eece8f0ff493,6639,4097+
522ab6ebdadf48774192e8d1e4f54af03eb3bdd6,6126,4097+
f097690ea402adcfbe124f6ce819bb8ec35e0b4b,4857,4097+
788121f29d86021a99a4d1d8ba53bb1312334b16,8881,4097+
b49caa46aa223d5443846adb65ccf2d0ceb9a729,7056,4097+
e23c34414e66118ecd9b08cf0cd4d016f59b0b85,8830,4097+
d8c44b1cd38a27c78af9c9444d8be019e2f26417,5714,4097+
327f1548b68d51e19769cb2b0e0e4e1dac166d40,4542,4097+
9db4d165822ed213d36daaba40790321c4f31ef7,9167,4097+
eac9c263d99f397dfc2518ac55f610130aac32a7,7188,4097+
81cd0d4f30bf150b3f46b0aa32a761c3e11e2812,5088,4097+
040c161f21e0fa57ac192ac826310f55d60277b0,6058,4097+
d9aabb916114b7bf04504733ec37390bab76b717,26669,4097+
4167af2a954eabb1902afc041654743ec9df9948,4794,4097+
2a0f90e4d61202a695d644202df7567e7b94d74b,5723,4097+
25eb3c1903de3ebaf487b1e85adbdebc9ddd7fa1,4584,4097+
9d054caaec9e59a15b30845f81d31dcf95594b87,4542,4097+
1f050eb09a40c7d59715d2bb3b9d2d3708e99dda,4338,4097+
10be099ffbb1461112649343e364a8e0eb37c3a5,4143,4097+
f9a210ba013e349d38587d445302db089dca3d10,6913,4097+
cb4368eab957ded0ce8c587c4fda165a26bc5a22,8157,4097+
