paperId,citationCount,citation_bin
e7f41e22fa4b626ed9a0a3f4a97cb7874aa2993e,0,0-2
a5c49a3a1b85f5fcb62f1d7756b6229abdb8ea8e,0,0-2
5876e1275fd788d5c404240b8404758f28bcbbf9,1,0-2
8d3e5ffa84e42ce75b532e0e4cfae1d9fb51169a,2,0-2
701abce68a491f7c8fb336bbca730ab3c5a918e9,1,0-2
1cf3ce2768f180a54ff1ab2112bb9379bd13577e,2,0-2
3ecf4ee2d86ab270962fa7520cd5f9f6c42a5839,1,0-2
08d961ac675d245500357d85577c19ee0292a13b,0,0-2
846183fb62ecb714940f64dba4d47e1355670289,0,0-2
b00d62fc2b95e039218d2b36f6d1e32cd7947aba,0,0-2
3b60477bc463cf14751dbbc3dbd8876c5fcb4136,0,0-2
daf37f18538d874e4e866eb970cb3be24e83a614,2,0-2
c5b0d4eff3e5b287ed100d6a942d31a1334e7a17,0,0-2
d1781c8b3b6d7f1d9ab2ec4a20d141ddc10693fa,1,0-2
8ab20a529171188271d8edf0ae68fa1f2c232012,0,0-2
81bad11ef3d7debb1c6047c61f31171c785ae56c,2,0-2
9cfb32a692ed1fbb59853229161655f97b447e64,2,0-2
4d20fa47cacf9e8e744bb802dffe404c31d03d43,0,0-2
3e53e38626c327a52fda274a264fccfa48104231,0,0-2
d33adc0dca90a19bdaac1663697cfa26bbd3a027,2,0-2
ed2056c6fbeeb8ce6f590bcae758beaefa19c930,0,0-2
1518021b77c9b93b0c67e8d146605a5040788b51,0,0-2
cc1081780acb1771c8fefe3ccaac6a4ff9fca4a1,0,0-2
e62d5e50d4e3a2323071804c8bc2ff8f804540ff,2,0-2
151ac8ef1ef79aef6b4efee725e27fcb00708f17,2,0-2
97d0079d44af9900fa3cc745e5ab002dcc8b612c,0,0-2
b20734184c57afbe11ffeb2c81b90a2869720880,1,0-2
70693467b8cb90ed937e66e0201bc100a3d48b1b,0,0-2
de7df8830523a039240027ea944111b320f8b00f,0,0-2
c27349d78e905dd8e1cd5fcc70ad5dda0736782d,0,0-2
99d9b7835539a1ce728e205331ca390e87825975,1,0-2
4601385fc7d32d30468a1b25fde91b0831f29239,1,0-2
93fd25ee4e99c85b43337ac3a285f8a2c79dbbc1,0,0-2
5f72aa53b1b60eec7698aa8fda9770843af835fa,0,0-2
5b6d49e2f6c6f56b3c8a3ccf5dad1a1bde886655,2,0-2
8c28079e53c45189c9f32e5e306a9ebe2a5808bd,0,0-2
7ab661ffe4e8d2074bc21cf02cd5fe1ed4e30473,0,0-2
bbd933bcb89b3714e133443ec75434f6871f2573,2,0-2
90a947fac42196d5b2046e4810cf7a36399bfce4,2,0-2
5b75deacce6bccd6a2bb614d9fa5845662adf8e1,0,0-2
ff2874e434c73f9ca2831d71285fd1056b356447,1,0-2
80692c066de89220600a83733c177722a2c47583,0,0-2
dc16a0053d3619935695da328fb4c44e598228ae,0,0-2
feec07a91b4d15f2212fcae9c1568dd88a4b5721,1,0-2
8a9bacf8edfaaabf02734bf0fa51a5b2369c7a7c,0,0-2
e1a3312c326c98835185999dd1d7ccf302afbbbf,2,0-2
f7116dbc994f184d8f1b3d3ffa84ee8930fa24ef,1,0-2
d396231714fdd5048c990942d8ad553d83e6b6dd,0,0-2
ac4d1b69995764115b80d1e2742a2a2f65217b08,1,0-2
b85702ccfc8d6a3be82248abaa358719ef69e6a1,0,0-2
f229e18f265ad0169ad0cd7f7953121fe7c67aed,1,0-2
36507997be23690c69dd1e98eb1e73f5bacdb31d,2,0-2
c11de8142f55605eba96d243ef3f8a03593eb3fc,0,0-2
80d50b9a5fd612e0c98bd0178f3633bbfc803883,0,0-2
f49ea21e8af2393fb683f048f19b7bef8f21cda8,2,0-2
34137b84ed3b0ad1cf919571cb3913d96dda10de,2,0-2
1f46c7e4e9bfbff8c7586d3f5694c58a94ccb48c,2,0-2
67ad355fa93b9a851629ed16842630a87bef255f,0,0-2
cb54adb9e49bf5fbf2667a5060cd75707df5468c,0,0-2
f72558bb3b4085aab49890b0dd98ce982975d5f9,0,0-2
d48aa519339a4368e7116f20debb6336b5ccd2ea,0,0-2
5e27780d1dec06d33dac29ee43e03d447cb29ff1,1,0-2
d397ffa4174628ddc28cd7c06541b2769418c29c,1,0-2
555d41b1ed1357628fb92806d39adf388df15f70,0,0-2
184871073e0e6cc697720cbb810504e6ed409905,1,0-2
e48a223022658d5f2f8bec4365d7f358626c873d,0,0-2
298520d1fa7bae4b64739db00080b350e3061bc1,1,0-2
4be0d21bef88c217615bebbd393a836e213e863e,0,0-2
0ec42c2b8fb42be960943cfcd205959737fe6a9e,1,0-2
0b09d5491654f2dd821d398b9387fb440b1c44d5,0,0-2
4a9ca5a412bdadb0a6e4a6f8d81b4c81a2732dab,0,0-2
30e9825d731e85188c297c76b13018369da71a0a,0,0-2
2090be42f7c7907ed02bece2d092d6cf780a3a0a,0,0-2
db15398caf5d44c999eed0b88d44a17c43c67479,2,0-2
aeef25ec09fc4411cf2ca47ac428d75dcdeb087f,0,0-2
3df1b6b1b8525055a88edf80550497cd18864577,1,0-2
55e1557470df957d0108fe6c85bac56c206bbf43,0,0-2
80fc9b1052982699581c326b71700a8ec0b218ab,0,0-2
d2fd1ff50a88da2b52214558b94b43a6579e4a45,0,0-2
8eab3dfc84f2affe75a17427d68151482f581f8c,0,0-2
957a25a06861093e00caacb9e34957bbaa8c3473,0,0-2
fb36e824e30ba656d693498dcaf11347ee879980,1,0-2
d72e393045eccd0688b9976bc35059c051e7cd0a,0,0-2
2240e20db6fe6adf17c4e4eecae970b4842d589c,0,0-2
16d50efc1ae17f291871fae5d337bfe40cc8aa87,0,0-2
6addbfcaa3daa6fe1ae3b0fc8572e9072b841b39,0,0-2
619f21af8eab090de1272d356e4b5593b9f21cd1,2,0-2
349bf3a86e8eb6fdd265d7899cf16df319b60b24,1,0-2
6907cd9564cd3b8c789082a9bbdd0a48f2ef9fad,0,0-2
c7e9c301abffda425cdd01b53888a40f44b71ae1,0,0-2
3a72466c1ecfd56e2f74ae71abf33b8c185fc134,1,0-2
fc31a261e57b3d024001497dbefec64fa39729fc,0,0-2
fb6006ed4b2b4c2976fcc3b6ee98cc330c61d57e,0,0-2
293894233118efb6fd51f71ef9d8b3ef0abdbf64,0,0-2
c3442392a6360a34200674fc0451e36ec0a03366,1,0-2
8d7eec0d2a07fac0715b465c570032ec35b7ceca,2,0-2
14ed7ab114cfbe45e7496e9b25182313c88005c4,0,0-2
de67274b1e5274d6a1be1673f1a5c3dcfa19f5b6,1,0-2
6ab1fdf501a93c7dd12cc646e034178b1651cb2d,2,0-2
9867a173f6611e344178ed801722d4c5a090caba,0,0-2
1aa1e91497a98f6a5ec7d61a6149966a25707297,0,0-2
18723f614be84d3649bd4d25d52e6ddf0ebdcb35,2,0-2
f8afeb96e62eefde7cc66bc1b6e8fc074e3d1cf7,0,0-2
ed843ffec505847451a4f9ba7ade1d82fc48c88e,1,0-2
68c057889f3d64f76edfc060e6f27c292a290248,2,0-2
7fd944ffa26381b692451e3f2f01a66da2db2856,0,0-2
2acdbeb7a62d31d67d974ef7c44e805c12efa6dc,0,0-2
be0fb9bcc648ff49cab8794d2a49e52a59f0b7f3,0,0-2
196d76062131b7cdf247e66d05794a464257aac7,2,0-2
411e653696da5cf02ce9ccdda6292f4b2db6d72d,0,0-2
611af0517510ea173a6edca21cd357dc82986b40,0,0-2
b006ce5dcf96d365f007900e2fa9be8b13125fb1,2,0-2
b36b850fb4a0700655497481b2400efd118e1438,2,0-2
b57f0a6890e6f1bbed2fc3df26eb1923ee425724,0,0-2
6c0d580ff272cca38d8303fe3ab8478fd0d364f8,2,0-2
7e8a8fe6582a06c30b49d534095e171e898ac1f4,2,0-2
bd9f05924e04ab87b26c2e0797ba1b37fe48b394,0,0-2
48359fb74b4d415ce886f31b8923f25053b0db1a,1,0-2
e0582f84d9e84853bd57c38e18a89f0e559b9ce3,0,0-2
344139ee68416d88451757a677e35b34fdb2e3b9,2,0-2
3f2ebbb6a21be4ca468802e80bb33c4d61642f32,0,0-2
e8974e1fd7b219ebc9f770ea27c5f9650496cd27,0,0-2
6a42c62b440f7c086c11fa11afcc0478ac004756,0,0-2
b549ead975dc0e5e4e96a245c1bf7e6279ebfc55,1,0-2
f231997ba411cd79d13c44fd8d6a24738080cf90,2,0-2
4747325df16b55f3bceb19e4e2f7748dd3994bd5,0,0-2
731276c4ff2d828eec491635526371410bff4923,1,0-2
1fdbd02226777938d37934d1c8122baeec8d886b,1,0-2
903c1277abed92035f0826c3a7b5aa51a72ab6ac,0,0-2
f88fc3639cc51fb22317143d06e14fe2dd893474,1,0-2
77606d99e7b39e3f6a940ed90760438b83873675,0,0-2
bad73d65a834f75b48bf95b36549ab329857f6b7,0,0-2
319b2198c0d92431282b4ccb22e87887269923cb,1,0-2
9bf496974a6b8a5cc1722690b6b1281604009e70,2,0-2
81ecc751dc63e671a9b24fc7b8d660176e281a69,0,0-2
4fd4a6f6fda2c9dbefeaa04a9bbbe499d11a8f50,1,0-2
381a18eb82cce93b85cb34a34e14daa581aa27dd,0,0-2
73efeb77fb7bb617ffd6eb86d1b160df595377ca,0,0-2
45f567eb92b1bd9585054021ba84bbcf92cd1f9c,1,0-2
b340d94ddbbe5f0da55c8ed52051cb9ff3cac377,1,0-2
d9bbd38cc925cc1285ac637b32bc4b560cc53905,1,0-2
d289e68a0585d41d4c0c7af9fa78b1c7d2fdf594,0,0-2
a0deba71f045951192da1a5ae8ca3175fff15a1d,0,0-2
8dcd085a45289e461e9cfa512feff7b9ffa335cb,0,0-2
0788f207cc0f5d700e849cdc985fff1bce2cc78c,1,0-2
77d9bd92778e35e7845fbba05fbfeb399e3a8c85,1,0-2
a987cc8b19315734c5a0c6f93d97a2b37bad5231,0,0-2
34db185b2fd4d3a39f613d44eab8dadfd170e0ae,1,0-2
f279f90ec846bebbb69e3f57bcdf42dab46660f7,0,0-2
16a0947dbeba68fbc4dec1368c7032f2dcf680af,1,0-2
fdbfbaa17705781c05c5a2494277fa9fe81f9f7a,2,0-2
8f330d5400a0f025d834cec4720633fb8701ceda,0,0-2
4e5806a745cc793c91fa7f7c215d64ae460b0d22,1,0-2
bf7001d332d7489963395f5f2e4fef124bdde262,1,0-2
1f697175742e97249724cdfa59a78751382ae35f,0,0-2
2571024d4ccd5bcd8633b8dce416b9ee7687ff1a,1,0-2
8bc0d626a8db4705346f0990d13f30b642b8c84f,0,0-2
377a00010be4fffeee08271abca986ebec3d281e,2,0-2
795b3568cc86522b67d0d2c8b56efe33cbca8a1d,0,0-2
6428f1103aa4bf7b4709fe07523a1c16b4501e79,0,0-2
9524525ffb8c60e4e5313d6b0a436f19cf511537,2,0-2
d9a7f3f1830dd4123f6559b7de2e07fcc1d5c466,1,0-2
cf6b702722b86ab4cc168fd3847495b2cdb1f72b,0,0-2
4229fd4f4e298de72a445af206060fc7601a07d4,0,0-2
27bfe18084f514f2f0ae2dbb78d333dd97f08347,0,0-2
3027064fb226a2a9f8403a817ef60805ea1e2163,0,0-2
e34384c0e8865794d358c94177e4200bbf2bd725,1,0-2
046e897548bdea2f5a39869ab6cfcf08ba7f5255,0,0-2
c14606eb2e968409a700bca24d801807be9b8975,0,0-2
da659b1c4e19dcc0a79fd6a0d29adf1708eb25a0,1,0-2
0b3f21cba73742d38bc2c61da779dd2f6d425727,0,0-2
d7fe416673389e3f012a0a2521813cdcafc96aca,0,0-2
0520505e6fda5ee12b02f4e0923c6a41784f051f,0,0-2
12ee0042e5264143d224afb1a02d86197631652e,1,0-2
da19121c06ac15c84c4774a1a6a8c5564bf3ae46,0,0-2
28606f12c2f7dbb7fc111cc85f375ca768511cfc,2,0-2
dcd2566b14dd2c7de7b81a66240408d6bc7919f7,0,0-2
28dbf60b53e55da887476ea148f102be530f9861,1,0-2
969613b508807861e8a679595456cee32afe39b6,0,0-2
043bedce3de88a7b11b1d39648dfc235fc359734,0,0-2
fb6700e8562ce067daaf16b2f88bbd889efb737b,1,0-2
1d501b811bcbcf0c25bb54f55c6b52367ad68c61,0,0-2
e2d1c73681fb4e382ce3360d1ffd9f920992678c,0,0-2
f29ab438afb463d40b392032e627860343921092,0,0-2
7bb8cc30a456153584321a3eb509953943bbe181,0,0-2
67b884b82dc9edceaf62f0b6fd0c57924d505393,0,0-2
a9305cb33b9984b732659442f632d15bdcb9c0c1,0,0-2
cc3dc61e10641856cd4e6ab19c799953da37817f,1,0-2
684e0d4ef7ee978ed7faa97402e37ab65efdbb84,0,0-2
78d9ef04e48fb1c87ed46dfc5475cd80d0c61b78,0,0-2
d6e7dd17c36e4a9de1e452a2cd2bdf255a01a88b,1,0-2
b1d88898476a3f621ed808c9a7005ee5a154d4aa,0,0-2
e0902267e99dace8437e44998ca8ed1db541dc05,0,0-2
751e0f29d7192e817bdb89c25502be7688e4d8c2,0,0-2
9cea492e77c999d2691b9c9be830e066fc88c05a,0,0-2
ae286d6f0ca54a9bf59d6b6e25f0a8d542b68f00,1,0-2
cf53c7078f0ff5c7f06b94cfd01a4e360e080e9b,0,0-2
a425a5b06ae63e87ed3b81dfd893c1cc7ad1d43e,1,0-2
bbc7c988d3ca491437dceb36f02fd8ab435f76ff,2,0-2
c5900e60e1ddafdcc22eb77cca5c5ed15224677f,0,0-2
66229fde0b322b6cc27aae078fa7eb25037ba96b,1,0-2
248c0aa5310e6372d787b88b4235b289cc03bed7,0,0-2
63d891817e95e9953cd8d121eb4463964944a8be,0,0-2
7d830e354d460b479e5a1b67f290be87fbba4adf,0,0-2
ca81654ae8ca09d979cc0971d1eef4ae0f9d65bb,2,0-2
18467878ad1ef3311949b77349ab625bb92b9d37,1,0-2
2f1aa22b0790f68202d9ce79e34a1e243efe9148,2,0-2
c3c2a466b882ffc8c622dea0a8d69e54e40d932c,1,0-2
d987d23808960cfd946790316bc4daef25acee8a,2,0-2
a583ddf80584376ddae517d2e5d846ff722db61d,1,0-2
98780aecca49bd36caba73db9f3674fee9e5e282,2,0-2
f08f05f418eb6549a85dd1bed6e5094c032d3758,0,0-2
c00d7ce0708985dcc3f587dd526474d6e45f918e,2,0-2
161e00333493d0283ad21f8dc462e2f851043173,0,0-2
ce2ce55dfc9d9c39d06e42f759c10e49629c7ddb,1,0-2
54e46dfc212d5a483beb70755fa09c0e46d6ce62,1,0-2
4bd2f61e84e391f321d77b7d139306e362cfb843,2,0-2
0db473a2e7e20f8bc21b51444afa3eabf4f1a51d,2,0-2
116ce815e93432c919a4f28edd2b9d10893f6b7a,0,0-2
8dc8e31684e34c1a1ed8b2b51093b1944b045d54,1,0-2
4a0ed55198fc28e2d0b7a15b36f570a092b5fb58,2,0-2
f248dd8552d0845cda3aa70111b6be681b93d225,1,0-2
bca04faa4dc7a8a4c83604a91c0bc69a98059e9f,1,0-2
45d6cebd47e06f577b5af07dd407b028796d60de,0,0-2
b1ecf95ec02755850cfc24b3df6827567cb91142,1,0-2
67ab189797b6b50d6d768ae93fd37dbf47bcb598,0,0-2
56b40c35789815449877845909f809c1dc57e9e2,0,0-2
08f5e1faf25215c9e6aaecca04503741556097c3,2,0-2
24ccb9d84197bf41377e658df36920eee91b80a0,0,0-2
ee64cf1a301e2288a62e3efb24b29d69f1d1a5e1,0,0-2
43bfc26a617f01609e8dfb3f3c00f5268e09a5a7,1,0-2
1a62902b29a4923c2fa743e577b676164aa978b6,1,0-2
083b830086f43e9978827216f578d0a5f9b84fc4,0,0-2
119a737f6e2b9f84cb955bdb1f0a95ba27eb1e2a,0,0-2
3210dae3b7436781def3fdf0a42d7e683e94d6ef,0,0-2
5dbdc5af59c2fe27748defe7fd12df9870c0fd43,2,0-2
15a66dae1d80d54f86d01bf23f52badd9379edab,2,0-2
c5a24fc44555fed4ea94d922090acb7d6c4a6792,0,0-2
7b5f0bb8733c6a2b736a2d4415cc0bbbd5dca5e1,0,0-2
a251009370be52ec28e7e888a7f6ebbc10b5800a,0,0-2
4ed0991ccf152257ee58a49326f8807e9c9a658e,1,0-2
a10bf8b848a7759fd3e8061e8dd73c0b589e5e58,0,0-2
30c958e92541fecb345943620bae3db2b7fb4c70,2,0-2
b1d94c1213e13b83bff3b0ad745f82e78a8e4de9,0,0-2
f439dfe9419f75a594686ed841d366de35b9f3b3,0,0-2
56c61a81110ea2416998c6fb951b92b96430b067,0,0-2
ddebf0aab127876767897bd25f04bc4be8ce27b4,0,0-2
b7727119dc0c51a9ecacf57eea74d36494821703,0,0-2
9c993c1540dd3d45f5d73b933a826cfc8610966a,1,0-2
c8e2a958bd3f60467f672ca6d70b395722858040,2,0-2
6f85925dea7ab2159aef8ab6c89e7b229898aa25,1,0-2
f6a96de3909b82dd950eac021eab1c89271b027f,0,0-2
4127facd49a5977e6d769c94d0a2af603d755267,0,0-2
ac83bd6b12a44069fa9ca6bbcc51d4431ab15cd1,0,0-2
7709ad0105a0a018df65fe7df3b83fe53bdf240a,0,0-2
8f01da63d0c1b3386f1648729dcc9ece0746e720,1,0-2
82409871f6011f259dbc89fc2e41a40389abe49b,0,0-2
d1fa080daf05194a66feac14ed4b3a094bab9f5b,0,0-2
f85e0e149639a348603063adbf060951de599e9e,2,0-2
0c76e7f6fda4e59decd2971ade959e789d8b2771,2,0-2
39df73d14a91aeb9491e513bff0bf76ddc7a4f46,2,0-2
64242c196d174a645cc6e337e6b6302e3c00de67,0,0-2
ab2610fa4f9ad91c4837c387ee05d28cd997c257,0,0-2
d0b8a8f9694978e94c59c20ca09a69a221d58ae5,1,0-2
89f31a52d265b2c69b6f3323ee0b4299c7feb0a5,2,0-2
f7034854560cb5acc0dde08dda14ec56c4b9b99c,1,0-2
0e8558d6895f4b3843625e9bd14c3221ec9f96f4,0,0-2
86a626aa0fe110b413405c8e91abbd919c9aea85,1,0-2
3532a22f198581cc9c92d0ed01f6bf67c981b1ae,2,0-2
0ff0912ca1994bab2eadde17025a5e2acd34e1a4,1,0-2
acdda392f661018af3852e5700aef13cde54afca,2,0-2
d5dbacd8a033e2cecc1c90a48c52addc1985d904,0,0-2
13c819d142c3eef751ab529e5dc53d87b37c939f,2,0-2
8394d8a31ac2bb06b52e1f73f7c8fd63e86a5e22,1,0-2
a92ba23128233b529143e6213db706e70f0b8614,1,0-2
934e9413ea4cab866d350769e40e9760b7202aab,2,0-2
93f6d72dfa99251cafa86fa4058afe19a0ee1ce8,0,0-2
47d7dabf7366b5226ff7c31ee378b3e82560e7e5,2,0-2
5a3f5354367c2fbec3af180d64d6153baa0829a9,2,0-2
b56ac7f879165d5e8f25f0cc901a5550e921864d,0,0-2
534ec6907b56be73a03f717e8dfbcea456c3439d,2,0-2
2f6acce2861702b9497b75c5955656d94124109c,2,0-2
37ed32dbba908c56c8a61abcdf720bc801a81bac,0,0-2
8a162c8bb57dd859e8213f7c566caf2741bf1a0a,0,0-2
b3f51cdec9e60a72cf6d5c9918b6367dfbc5fff2,1,0-2
b11d867c9bb10e116e45b6911d62a5900d6db95e,0,0-2
b3e5728f710ffb5c2492a7b7b7aba9aeb8f942d1,1,0-2
255f518eaf487a46fb5153cf5035b6f7707df84f,1,0-2
1351ef0e0744004fc102e64c5801415ceea61e34,0,0-2
e2a7527bdc85238a746d60ea3595a4bceedf1c04,2,0-2
3838d7327f7050332f8c7451c986cc1f8b584e88,0,0-2
cad5b893dd030a0a83c5877d3b7d6781d17b78dd,0,0-2
44bcb0ef01aefd35fbef8baed8e9fcfcdfc7a34b,0,0-2
505cdd8722d66e9dcd1bfb4d932ccf63be517049,0,0-2
d9068165261fc0787ff8eaefc5d290f1bfd19dab,1,0-2
35263e96d0fdc69b17b2684fceb039af2faaed69,0,0-2
998e7fe98a93c9fffada841cb3282226a7be299b,0,0-2
cc1ee9becae7c4a25e9ed4d9413f89fc911d4b02,0,0-2
c06057ea7e2a4119dee05a410e9513fbee7d52e2,0,0-2
5a92e23afbf91f6deb8bb8ee945cc053094213f6,0,0-2
7e17dd46ca441dd6eff3105b3e54abf88e185327,1,0-2
1f7037b15cdb4157de5a34abf071ed81e5a32118,0,0-2
f0f180d6922231f4778267c074ba016a2193af2e,0,0-2
230a5028b755e9d80e86041f9506e9b038a40f38,0,0-2
484e3bd885dbfd70e86790f75e845c0a0c3d0bc4,0,0-2
2a7853c8a7120aed12c4be7662d3ab98f2611d77,1,0-2
817330f8c0ff6197145781e6a1e3346b539a60ef,2,0-2
f356708609c9f69e5273d63b02d25e67f96336dd,0,0-2
e8c7302faa1464e8832f08b4574bdcbad118ff8a,0,0-2
87a61e35684ac554e89b1beb69f0f227e29d4b15,0,0-2
b96c7e722f4b09a5e2014ce67ea7cd30f3234e1c,2,0-2
329ed6fa0758cf54ee8a93785e434d2998d70bf0,0,0-2
30b5f15b3877ab056106278d183777f648bbc480,0,0-2
cef4ecfe8448c9ab63c28419cf49b6a96b5778e9,1,0-2
010b415ae384b1f502e936bc099122ab23438400,2,0-2
fd5cef79005fdad50c3a5ba641cff5a2cd58e28d,1,0-2
af872a7590dc96db015aaf0018a177f56542af13,0,0-2
b93d5952fcc47048f32af844ef76a2c0163a13ae,0,0-2
7ec7dfa046f544962a6c86422b51054a55d56a17,1,0-2
34ad13e588858839634ee884a652fd4eaca5cb84,1,0-2
6f50ec1d05d2f384445989e9f7bed3adff4ff8c9,1,0-2
4e89c4f7fe3dbcd274f9ef929102108faf43e0ed,0,0-2
3f84856d98abec718de19185aa5d72bc05a7d69c,2,0-2
c5483f64ed3f7c36f4eb7b423e323361c327de1e,0,0-2
39d8e0e1d438b276dee19bac842ccd6078db27c0,1,0-2
9852de90e6e50980b58430a7e99b495b302c87ad,1,0-2
9f96c4e415bd0224e5894e042c8ef9801e3f0460,0,0-2
521306d5c23a4af834b4c483aa2144978c3ea111,0,0-2
c3a0f28b78b1c242cc5bd59250efe3af64190d06,1,0-2
3310c399d9acb433317275edcb3bc5c833cc4341,0,0-2
e462a0e8946bd6ed454ce9e3bae38986f265c09b,0,0-2
6c5ab4874912f1eb893410942cb71ed91a6282af,0,0-2
e1ed74f783af39897ed7ec6837e217347725bb84,0,0-2
f03bb2e07771fd8c8dbb90b5f35b402e9c76895b,0,0-2
74ad7135b8d5d5e60451992ffe2d3ece625b65ba,0,0-2
b8ca637171f07e694f2465ffa41f6ff1045e354c,0,0-2
a91de5a43720368596c7f880c9ff803f1be31de9,0,0-2
4de98d89e3e02376cb6cc1fe5769038afd4cdb81,0,0-2
061d60959ddeb4a3484bea085d4ef072f0087b80,1,0-2
3362e713dcce53599a4de103b4f884affff5ea36,0,0-2
0d01ce3cfb51b106cfb94f5f96e24969accff0cc,1,0-2
55c8c4bf62b60f6afec7c00c02e1cd70c02e24d5,2,0-2
d2882b561934f5c37da63bf095cde2e3c2bd0e78,0,0-2
e853225237718ccb51ac17902b46baeeddf2d040,0,0-2
9e4cc43b52d3c928522b8d4beb1bca8ca9400b40,1,0-2
971671ddc2edda7f655e07f063958adf02bcedb4,0,0-2
51e2edf7bf408756dd173689f7585f7aeb96b7f7,0,0-2
9db3d81d34bedf4d875f5073d53d89d48b3189bb,0,0-2
f4d74c21937af6d15961491e47913e06a3ad5200,0,0-2
d17a8b8e02c5d0e92e1b224fe22e08c86e06cd78,0,0-2
c0c8dd81c44155116f1d52c6000fbead75f508b1,0,0-2
4dceed89bbc1368f6ef5f7352acc70db9ca1b56d,2,0-2
8726bc87a176964de834909e7f0b5e4b4f328072,0,0-2
80eb289d20c634710280b87b46b752992729ff40,1,0-2
c1d13c1ffb12ecdf94482b7cbf968dd4360184e7,0,0-2
9ee4064a334a4f6ce55f049fd42b828944895642,2,0-2
52d9edce3615b71707149bff765a1c1caaa5b3c8,2,0-2
6660f21851fd8f08789678b7b0522180cb0c81f0,1,0-2
60b920f6d3578d076893fcf5ddbd29004c28292f,1,0-2
d8a10c212d81a17be6ecb54fbddc44eecd376241,2,0-2
38c295753586cbc09ce720721eab365d6fac4297,0,0-2
32f90450810c8d63bbc279da25f9b4ef87257d03,1,0-2
7d8915f757bb25457cbc68254974a3fe25720d4d,0,0-2
be4d133382018043082c3394e9e7aec0c0d479c6,1,0-2
01ac42f67e7a05cdab9e54b634d26453c6c6c9bd,0,0-2
354f2ba16e00309713d65a806b097c45691a56c7,0,0-2
d6efdb4bab881c59fd2ed113fd7714ca5463a6e4,1,0-2
630d5aa0895b2a3cae68e8311b0f6c4390608f06,2,0-2
7e07192776bd19d58cead6f3756b4c7db6908935,0,0-2
27b952bee86190f99aca51d0c7639bb924e69953,0,0-2
e88638ba410970fdda7e6832821f38e22e61ed53,1,0-2
dfeea77b2ddb6c1ce9267efefb53f55a71ad14ec,1,0-2
2893fc3b0bcc304b5235106e4743dcb9a6102d35,0,0-2
8a6815423c7989d4895cf87e0facae62ca6712fe,0,0-2
ffcd4f36baacd92999d062e415a3424df5f937b4,0,0-2
6566a6b9d208bdbbadb875026049ba068fc828fd,2,0-2
d41b05d688707e2144878b37814d9c4a030e24a1,0,0-2
5aeb2b6c40135bdc2f831a0dfc882f2df7c5ecb4,2,0-2
ac273c69a6f10bdc99d5b64c45f22adef0f95331,0,0-2
5b20c89d10c42ed5a762020dc7149bddccbe3cdd,0,0-2
05ee03d2ff7098303a97d6c29385b77c780515cf,0,0-2
686df5afd1c5009319879d33a5bf33bc7ff9111c,1,0-2
0c75b74e1e6c17dab368c8c7e6d3f0bb2e3248f0,0,0-2
74f813baa4f22ad4e14d208eebf30979a56f86fa,0,0-2
c66d7b65818b24fb3e8935fe766626b84d560b47,2,0-2
c24ad14aa7124d1473ffceb5926382ba6f158a57,1,0-2
cc11818185e84a0aef3f90a5ce31324593acd166,1,0-2
f1323989e6a28e4ee93816936327ecef14cdc54a,0,0-2
539849449eb463e410459572d703fdc16d2f7dad,1,0-2
8d1b76ada57894948d403faec5287492e5d650ef,0,0-2
9bf1d18043d509d9212daf629dc04ae9b0de931f,1,0-2
53ebb606eb39d5341bc9d2412278743892c828e5,0,0-2
b49212d6b14903648c4967e72cd7a165c09388e9,1,0-2
1a53313aad336a4f5236cebc093fe9bf1f074724,1,0-2
536eb302f549bc8d2a56e5223b7139b745f89ec0,2,0-2
98311d9439367da87e0699dff8d8861f0d39a2dc,0,0-2
45285cec62a12e4ab5a73e1884daac333a0f13b2,1,0-2
7cafbbc27311aefe0eb992e1d868de867f64c004,0,0-2
bb6352f04d8fe8a0dafab9a491a77c29ce5c22ad,2,0-2
90aa6bde552d9293b841c84557b611311884bd98,2,0-2
66dba0c5a262d3ec96be2ac5bde168aea26512ca,2,0-2
5d4de0a5c128d36ae669f06ce90763c55968ca4a,0,0-2
40ab8e570bc3f2b0d46f1f6a34859f078e86cc39,1,0-2
d0da6e9b5443cc0cbad00315cbdd19720b6562d9,2,0-2
e7c3e314d9e2058eb8107b2becc9106fe1482958,0,0-2
f6fbd70d3633744c1e97823175e05edecd99d222,2,0-2
8ac19393a53fe56d27bfedd8fea3d1c03b45e6dc,0,0-2
7afa67d555dde24f111c0199b00d03044acb029c,0,0-2
de6d290b78dbe820db6330c6f0fd8fe5457b4a0e,2,0-2
1eddf1950cdd6afe275007eb8f0ae4b18e744f18,0,0-2
f5ee30141375cffcfb952be22686c7f66d4f2ad8,0,0-2
7976a3d0e6e1f4a896adc24bfb4921a383d0984b,2,0-2
4b05be5a63eb36a020681963d7b1ce5c15cac772,0,0-2
ecfafc2adb06660424221dc675be8946a235f6d9,1,0-2
9210e991dec9a4197e5404235c393e64f946fe54,0,0-2
8f8f84e67c8e12db3471cf5c122c622bc59c3bfd,0,0-2
ab070e2b38c6a344bf2b15c45ab22ba0ae108369,0,0-2
a30970efe41746de6412d34f5ce21a7586fa9b4a,1,0-2
3a6bc49b830123441f1b27a15ec4c2c514c04eae,0,0-2
b1f36cc9a6555317ef9dd3e081fb06814a212581,0,0-2
a9b8b938b0ed4a0cfa1d146e8ea29ccc2824ba29,2,0-2
49f0cd20fb952b3102b38968e359812e7854a8f1,2,0-2
75c0243505cb3ccbada131761eb9b08ea3b549f7,0,0-2
f3e68a4dca00661683621af8a52e9f2c3605e806,1,0-2
4ac71d38ced95e4d6aa819baddd79ad55447a22e,0,0-2
ab4728f2a40d3a35c335c831bb2989ce4cd6eb99,0,0-2
99f7c5d8c4d8aa9eb02ffe18e23970d9b636eb3c,1,0-2
6cb4f1129fd16cf4c476c7e12f897421b0f0aeee,0,0-2
79444669ef54df4f400650986e674986ea63abae,0,0-2
f5baa75a269a868871fa37134d4f09f28ce79c9f,1,0-2
d1faa7f93d73d0565cd4ff079fbddbf203b3ca51,1,0-2
43fcc268908a7705f660f25c8bf303a32259e389,1,0-2
b7898042c62a00d59a780fb008f7b6b747fd7faa,1,0-2
6c48b747859b3f1d8627bfe38512d44e39bf3595,0,0-2
f9d2079df4bc55754e557e8f27d5870e607febb8,0,0-2
f81bca8d03115252cf471b7bcdfcdbd2f15280c4,1,0-2
a47326d077fa5ef3bf77602a6b354476bf78e4e0,1,0-2
55346b983ce43461fab5958deacb98e06cded407,2,0-2
63d3a02d660463d1f7894f630db8cb1d70a6608e,0,0-2
86ddb39af79a4ff4d249ccbdef3cb2b240f8fbc3,0,0-2
ff52c9e55e8d89dbbd3429cbee9008f4f5c6d1d7,1,0-2
36a4a15dbe72fddd0dc14ab96b127597ee977d95,0,0-2
d50aa7f38de3632555038b0dc43f0d25a45275c3,0,0-2
005f6808ed68c074567531ea83af8b91bfd2e7ff,1,0-2
e8b4a76e1c91234dac932fae6d9375bf60134b27,0,0-2
f4810d203904abeaf0f7e367955897861e7d364b,0,0-2
332db0a16b05a0ea3a0e8e2bf7f074fe8afa5961,2,0-2
7a75720b70fc32e2388237c8048870262d6c37fe,1,0-2
040f2bd2c4b696e6f3cecf92d1bd16d8337e2183,0,0-2
39004e645cfadd039923ce766e89dbe2d3d18841,0,0-2
56d917a0e8584464ae46ed39db041df6f3b05ada,1,0-2
447694e9acf7d56179bdb41cdd2a57bd2c042ceb,0,0-2
c9d6e4bc2325ca55455955981b217631da5672f0,0,0-2
72d38f760db4898ae94f69a25bbe49197c8d291e,0,0-2
95db843e3305f2f1dc1e2242643e24c383beef35,0,0-2
9e3e12d80711ff1970b322b188439dfd03a458f8,1,0-2
9772279d1a2b7770095782d4b1e04173f72f61a1,0,0-2
3fa5deaff4689456b511b537a0751a9ffdeb0b70,1,0-2
6b50e1ea7957064a781741ddf44ad985d3655e75,0,0-2
58b42d5e92a827ced3b8a605d0637c29321b4001,0,0-2
3cfcc94ca6f68509a1df1868664173143ba091ad,0,0-2
cfa3db427234696bf819880a1126618df0c9c007,1,0-2
4567e6da76c089b51c90629cf2265766c7e21f41,0,0-2
ae16c31b40c0bb3b797e1e223a2437d547ca7e04,2,0-2
62b8163d9bb5e33e7d611f64997a58fd13982f99,1,0-2
efa40b8b7a119f0da38d52af9199be2485ee09e0,0,0-2
f6b70b38251d9ee344bb25d17b7e3fdeabeb1f2a,0,0-2
7ffe655907eebca22ccc1a45793d2aeefb255eb3,0,0-2
42933c9333e8df1e0c647c8eae5281f220e813ce,1,0-2
ae2086aea2ef70936d169c24c1505ee7c65b84d1,0,0-2
57e51f0fa50b69ad06814ec0493f93634bc6576f,0,0-2
5d027afbbe3de915bc684d5408efc6ad15afe45b,1,0-2
3b545af2aefb71c1f04202de96abf71453baa4cb,1,0-2
2c585b15c8d545c30c3a8ca707e585980aefda29,1,0-2
6fdfcb83d0872469f92aee853c1a426d9ebfa71b,1,0-2
2a8e235201de805daba8a3f5466b312390a2c635,0,0-2
930b900ad5cfaa61d082d25ef4c334a330238a50,0,0-2
8430d7fc301921cfd3d23729272163bb8ec26979,1,0-2
31f090d3d6d0efe5d82c95df9c3a7c299f39de80,0,0-2
6f9bc68dbe87dca4c07e23fc458a778d0cfaf1af,0,0-2
d452d03af5f73a0446fe1cbdd0220facdb8cc839,0,0-2
e543a1eced65bfe09157499a9d587f26b99e6621,2,0-2
d032231d058159ace3385e63c45aac4b69d10d39,0,0-2
e6fa343055831d274431b27d9cd31cca1d7efbc3,0,0-2
312aeeb165b173e7311ca8ab028daa3aa9e589ef,0,0-2
2bd4fdd8254f435cf2c3f3c356ebca1178f0c094,2,0-2
246cb0d206d1089fa8df9c05f94ccfb35e37aaa1,0,0-2
be5950e27362c6e22057d43c4a228456fd77fdde,1,0-2
5dcd59548a3a89760183b305ee349c80e0e13aa2,2,0-2
063209af6b4099e0a646bf51897f507b42077ed3,0,0-2
791fbf8d4cd187086dd53922a6df46723b0e7a7e,0,0-2
1747a22f7def3d3b609799111439475a64793859,2,0-2
de9439a211c21baea842b95fc2eca807341a6f2f,0,0-2
f1b99c54d3975a08612b5f055b75b832071570b7,0,0-2
3139479d2ab2be9af1a3d0a8b571d78058dfb7d0,2,0-2
958aeeae1f680d29cab44df0e68207bf79a354e8,0,0-2
030ff0a1cf86bfdb91af2faf619d9ba7f78f5a38,2,0-2
86d11ff26df77d21a564e27affc2f090a790458a,0,0-2
02fd0385d8b36b05beb38217ad388f1ad2e0e296,0,0-2
467d591dfe81667a3e4e2be1a99bd3b39f843d0f,3,3-4
3f84970f8c16aa274b27ace5ebc8cadd50eea4c1,3,3-4
c00bf3a1baa30467dfefac947c96a106e8fc02b3,4,3-4
ef716a1e4bf78a96848339febf5a59a90c006b36,4,3-4
6fae2b3f3c2dc0751220bfde56286b0a79844db4,3,3-4
2c09d4a91f38076b3f34b7cd2bcbaeb939d4c7bc,3,3-4
28caed15b29bd7abd8fc1a46ed6f29a126c62dc5,4,3-4
cb2b909f8bcad02b1073e59adff802760e5abb85,4,3-4
ab8025d24c8bac329dd1e247f289792b71a77c7b,3,3-4
9ad6da891162497f10a749bfd8f05044c775b70b,4,3-4
6a76af68ff472872b1896e6f92c486f2f58d36f5,4,3-4
0e4ce53f85e318b65b5bd4ed36b81794be8fafa9,4,3-4
a53bcefca6db242ef5276f4941a5e7e493e0986c,3,3-4
2dbd9eaa842c020b1e38a111da8895cfdd171565,4,3-4
6ef4f46c7becbf4e52e793b1db089aae33e69997,4,3-4
e1db2ea3714bb923f69d7dea8d8a1b586d4a9d42,3,3-4
b38663eee52c4693056f86316426dc7bc775e055,3,3-4
86abc8a98a8bfd3e479091ed638f1099e08c2036,3,3-4
9bca961df90e45d103da05d4c758f955f816862d,3,3-4
05fbcbc9cbf1e2cdf84196e682478f20b8d3e827,3,3-4
9f73754320f17a6bdd74ae163074ce89fbd21031,3,3-4
d0643cb9b6de58334ed4e9dec0a303e43a16d49d,3,3-4
775e4ba1108532f33cb7d5adb2001617a9998e66,4,3-4
0e8dd7571a24288e908a51bbfa042f3dc92d2cfe,3,3-4
82f08addb03ae4da948ca896ee882ffa3405677b,4,3-4
87b1da8d0247cf844fd28602800454c501f68351,3,3-4
7351e4ddc16917ea3b3589b149103bc2f65f21b5,3,3-4
7fe9e09b9b26bd0c6a33ee7dc7aacf96a74e7d05,4,3-4
251a28515d52777146af51e7021fb19df48c91ad,3,3-4
78f6c60f46309b7ee625088669c2697cd0b683a6,3,3-4
75d8b90ff63c97dff1628cea500b8a11b4756520,4,3-4
4f146a7894fcf318b5ed13443aa5c654038a6d97,3,3-4
27b33cb53cd7a157b10c910da4404f3795bd0b95,4,3-4
35da4f3c096c35c52d9ec6c8c73c3f377a345ed8,4,3-4
a24f12e3334b7016aa028be5efbcefc3f4c62819,4,3-4
da940ea7d4f9b91e7b8f2000df7467b00062d74f,3,3-4
a1104d52842ea1e6a8f07d556f5054c5c47fc2de,3,3-4
18b36a190a7c3093176872ea7b7c0c88616f70f8,4,3-4
8202c0dd1886fd26181bb2e0df2dad3dbb581031,3,3-4
ec5ad4dd7461c0e8b13e9760181d96dd0fa77b0c,4,3-4
bc9f959fa46009674d3988231fb086083791a28e,4,3-4
595e608014dfa003b0ca77d4f6f509e11ede1bcc,4,3-4
456df2db015ac7c660aa87f9aceb9d3bc9e24c38,3,3-4
74091d473e9c22598a8855adff7b32c568d04811,4,3-4
1796c3da43b9dbd1f7ef9334b3d65d96bfb481c5,4,3-4
f3ed5b1e7bf3ac563b460b9d960a1c1ee4e93cb0,4,3-4
bca41850fd56c00bad13e8f605e01c6961ad3b5d,3,3-4
b36fdd7e079adfff83d02d95c872807881249e52,3,3-4
1171406f1de0d09364b0ed6a930456d4ca54890d,3,3-4
fba39f152d47148a10e872550af37dd27b75253b,4,3-4
7492c112f0cd3f6e49f3fb98001e1c5465d16842,3,3-4
7ce2996d3d5d129a731e2b9802a952f90c4df816,4,3-4
811b3a59d66d92513c5bae466cdde9c7e8b064a3,3,3-4
c5a29c4be7638e63b8cde92873044fcdbfaa9f73,3,3-4
ce65eed8b1058d561d50910f18c59ee7257f1f0b,4,3-4
24f2cdcdd9f63cdf7b0ef6e2097870d6ebaebc26,4,3-4
6c5a169cc8fb9f50f38e981b65f58fe0ef394434,3,3-4
e56792ac106a46d198e38d3aedcf8c5c20abbf1d,3,3-4
31797c3d73ceb18d53d1a7e4602806189aad6512,4,3-4
41b538ceadd9817af1a15c06efd560836c748591,3,3-4
ef62249c4be13419eb5b2c79af27e8698f373a08,4,3-4
ee3c4f0dfd5702af14c43e702a0e37072f5eb5f5,3,3-4
654d63c42122e333c4585cd8cef8c95ee9363aa4,3,3-4
cb2f0484b8c6ff89cf93a28d6f0677e309268e31,4,3-4
6ab98a83088c95f7f31cbcb3e26d4b7330b13cde,4,3-4
4d9522c60027696a37f4c356cd4f6e80705a7db1,3,3-4
bce79342c36da72a24d6e1af4524bed15b2e4408,4,3-4
6997f8ec5a4b2710af5f3bcba30f178c3d92b9b5,3,3-4
ca3108e26b0f670d918c37415c67511bf801aa41,4,3-4
3b509157e14da1b763e144a7798f868877617cf3,4,3-4
a8246751ee117955bf96be84d13c1d0448547270,4,3-4
9fb584aee026acbb10749a4665f1c49e52f9046c,4,3-4
7dc96ddb675dc5086c68097b7539ece6de0460b5,3,3-4
06f344d02da99ac6222c888208416f189462f8a3,3,3-4
c1482b26507d2d17583d96602a1f814de1a9e71f,4,3-4
741aedd01f98a957138fe5e388dc79c1d3c56e39,4,3-4
021ec1dfc61c7f5abac5a71c6a358c9566a739f0,4,3-4
bd520baf19c9783268320753c12cde18af7e926e,3,3-4
79a6957a8144de561f440bd48ea0c808a16eb0b2,4,3-4
1254995f501bf9c01fc428c02b6bbae0c3bbeadf,4,3-4
5fb379c5ba834a22cd47bd167b2bbe412bdae85c,3,3-4
59970bf1784fe1d3129646361da6595b0d3b897c,3,3-4
631b38e34abb0b7df14bb0ab0fd2555f9f691b2d,3,3-4
decee940f4cf7b14d993b01f59b739d7a2a1f51d,4,3-4
294fa28dffac680b81c34ed36b9ab8dd58fb8af2,4,3-4
f54731b1439eedc645a66bcf3f93ea3584fccabb,3,3-4
d66af7208459dc0b0a40c96d27e627f7e713625a,4,3-4
6c806ad5365da1e3770623e407f87340f31c7b74,3,3-4
66345bdf143ed0ca0a47c87f059076f2f8baefd5,4,3-4
ec26ab701221030abd320a5603bcaf7a1be303c5,3,3-4
43475ec5bebdd596891b251fcf85e0386ef1ea9f,4,3-4
69db1bbd25a1d2506ab09238989bde4c0c037667,3,3-4
7415f7fb9da30857356f96a86ee6b67bcc346929,3,3-4
c67191bfbdc3d1a263efa43125db9ebafef6290d,3,3-4
9ccf38cd7bd0ec7369230647b3f634ebb54a492a,4,3-4
76b656f2290726e7f1935ca13b00ea52dfbc3e0f,3,3-4
4daba60e676e855a9bd43eda9b8771a541f0b172,3,3-4
66b780f81fbc405287405867999aeb5e76e4d794,3,3-4
c0dd98dd8329cc65b2766669a8d2fb6cdb71f42b,3,3-4
bdf6be00571cef00c4b670853dec0ca48331fd04,3,3-4
1731b731fb3692130f4e56f5aad1a77825b0b2c5,3,3-4
ed2926e08563dbd2b4e8873b09dd1f55ed2836eb,3,3-4
8b40188e32fe4c7bee5a7f08eeb364497494330d,4,3-4
b8706e519b2ab247489a0d4f9ea3806d83bbfb79,4,3-4
482562ab8ab27f939a748b63929d0b3848c1dd24,4,3-4
90001911f6aee03516222c2f8821d12087809d18,4,3-4
4469655a362a706622b07f9e7a2396ed358974ca,3,3-4
8096cdab6c30d48bb31ffea7b76f2eefde001e88,4,3-4
138c5e82da1a505c765b1d479e3d772018b5f07e,3,3-4
ac0fa4f94aae879078d57ed30b3b06da5609153c,3,3-4
f7bab98f6eb17987e450efc792345ae9ca0f0747,4,3-4
6a3106cb1b4c7469dbb77e6a3816866f20c25251,4,3-4
05b03434e24e3a880bc781972f33c177d5f4605f,3,3-4
2947d6c896d217fa53db9a04b2f48af48ae11e01,3,3-4
ea1eb8d34c0622866515540529bc55388a6043c7,3,3-4
5a6b3591eed83f28aac349f0c8e503e1a5a25a4a,4,3-4
d14f30c85caf37e93ed8ac10293ec7f3abd36241,4,3-4
adbcd3f1ef4f00d667d9df811950ee2f0f9296fa,3,3-4
e3d53124b755d1c5fb4cccd6f3e488b0ae243b0c,4,3-4
5f47b09350dc1fbbc865c34518a2b2b70a887c73,3,3-4
30c575a050eec5c01c80d200b1ccec8293adc745,3,3-4
b56b7186ef1bf2498fd0664b858980e46e4165a9,4,3-4
63e8771653cb3097caf5e1fc761ddb316e08fe3e,3,3-4
a4f8f22a8a523ab2d6ec1f9185126863c52c6fe8,3,3-4
520cabfd086713fac935c981a3a81e0351ff0cdd,4,3-4
d05f8928acd25b2bb36de96c0b9bba4e8679f0a8,3,3-4
38ed3d44d2ea63ff1012bd6d1eeeb136c98e17ba,4,3-4
3708efa047baf55eddc080eadd4e4ae1fa1535d2,3,3-4
eb4aecf5303371e437b28ccd80c7bbc9d830ef66,4,3-4
abab380be81a26f5bc68a16d2e09cbb8ae1fe38d,4,3-4
2dda8639acb046a97001f9737d7caa4d7e09e56b,4,3-4
defebfc6a02281809e5fb80eecc6274a1d522b08,4,3-4
328bf97c13bfa04dafc2c5189c2907f2971ac0a1,4,3-4
b95c57b4a74ae6ea2b640745dd572f6abd00f800,4,3-4
2b1f9c514ad1b01980e864a2487ab30ec1ac3f91,4,3-4
c7c3a76d9a704cd9d8cd1b9b234f6d0055f4b908,4,3-4
0c5a15822e8a1a6594004f248425b0ac12cb5ec8,3,3-4
f01680b080ab0c32e493c1b8c56099e7841171eb,4,3-4
ed62351010c8207302b076b4f412337e41881c0d,3,3-4
c48b02ee98477eab8908eb911e5a554c6cafd094,3,3-4
e5ba805b4de9765215ab1769985a262cbf4a8e55,3,3-4
e5bbcb277705fa79f91c44c758fc4c1b6ee3c168,3,3-4
0f90d75c2d0b8bdb7e381f3de67e1cd974e1156a,3,3-4
f55200267ec4abdcd6873991428f462d0e42c1ce,4,3-4
c372b0926abbbf6f3752d3643041a804d3e67a8a,4,3-4
3eaa74d2513473b9a85a8fe059d52e8d9dde4ce7,4,3-4
339814bb435c017ffc9cd4f756a39f5b9dfab6fa,4,3-4
04f8cfceebac42a96e5d0a74336a6ab5be1039c2,3,3-4
f0389b500859e4de52ac4b65cdffc6061b60aacb,3,3-4
dfb01c5c3081749749826022818856529d5d51ae,3,3-4
960ed63c2055f7e481fab57ac3d3402a63ba1a5e,3,3-4
9edeafa21f034ca2cea75937ce4a59b22fc9aeb2,3,3-4
d861291e4e3f6e8358265cef2a1fba21ee416a4f,4,3-4
ce403c4a91c6fd60b5baf99bda7837ea07fb1f5b,3,3-4
40a13fdef3f63c5bb97aea667b85950151ac5e7e,3,3-4
f3f6025fa8e025fabed16cc83c9bb7193cd0dc5b,4,3-4
adca6d55cb98440e36e23fbeba30e8fdf7be3df8,3,3-4
07d57f22ef9ec36e321268f4b49c7eaccda42ead,3,3-4
286a8b590c74430ccb0242203ab98c55e4498e3c,4,3-4
0be67ce53c6dea7d8d2ca6d03ccfe66ebea5c40a,3,3-4
0658b13b656cebdb8548c508d78f3e9e0171036d,4,3-4
f6713b33db17da862480df8f0d979203eee5c5c8,3,3-4
9911474713545485e28115518b204bf041e3331d,3,3-4
3200295ee46d03c6ed9546070de81b4adcc33a65,4,3-4
26284f311ec74a36adabc106e8047d122795aef6,4,3-4
39b594fe2961d70751f6d7fdddb58f1d1ca877f4,3,3-4
80fcba47f1ea3956787d480f4e5ba9e502e3ad18,4,3-4
923344d4d349b6747af4494bd5ca564faf7c5978,4,3-4
0eebb1f97d56058972a4709194463e3a5f9f4365,4,3-4
c9dbaab605e0e9f0142b9b957be30ff28afcc6ca,4,3-4
1b967b834472cd7c490ab86cdbf937aa26ca3c7c,3,3-4
61dc5ad9d64d27468a0f58a997cecc3a8769d245,4,3-4
87b7dd3f370f496af8ad888a9999223c192fce3d,3,3-4
0293547f8a045fd70f6af95390d857166ce2bdf4,3,3-4
1a299ab7732c027b9918a5e10d0e4b1c450f3cfe,4,3-4
c3b0b82317583eea60497bcdf405c0e46548a699,4,3-4
ffd99a39116fbb88b9ac24bd6c44046bd7bb1b30,4,3-4
d101eab739c1415ff0ec03ccf7bd6d2a1c62eb9e,4,3-4
9746a82e9e3a882edf1bac924d3d96f9539327b5,4,3-4
1415d4ee8dfbd03d8c1ec839c681db085f034153,4,3-4
a481626ec7513acf317b4ab1f4a9cb7cd3ec65ab,3,3-4
de79b160ba802a6816a8047a8070db9562622126,3,3-4
4cbf83ff905189aca9d0b2218ff7599360ac5e78,3,3-4
09e39f5dfb88b7d661f5c91a7962f5186ab63c48,3,3-4
9ba5c174a41a48c9d5f126812889fbcae9a2185b,4,3-4
2689fe49fc15ece5464994c0bb45122ca25d5093,3,3-4
eda1930c68c902618bca2e2e251b5dc7eed4819b,3,3-4
06cdebd92f45b6704b380acb28cec445949202d1,3,3-4
8f0a8f33dc5f23e9f7316632ebc86cae93954d99,4,3-4
54f102030251acf98d65b559255c4bdb46ef8aee,3,3-4
943a988757407673b252ea1626bb849b10e94bd5,3,3-4
426b024cd2cc576740e66158027270d72e24e505,4,3-4
6bc244b68efbe3f500ec674c52fd66af13bae3e3,3,3-4
b7bafb29d0eaa22b973d8d1efdb631efb22cb877,3,3-4
2dba8a6c25f56c928ed81b1fc221d9bcca8beac9,3,3-4
cde0ba3d1fbc81aadfc44633f96bdc44a7c64431,3,3-4
4d8fb9015ee56f08e603245a8befc2b14a1685c2,4,3-4
29f3b07dd44b66dd0bb46db6d6636b4cf5423518,4,3-4
0f23575353c0c9e3fb54dca28616ebe63c3d8d66,4,3-4
1c7954dc5713df25f0f697daec0017f504b2108b,3,3-4
d86a2cf5a283b3e408993ea46174e3c3c4ae7ce1,3,3-4
76737422cb399c6fa1dae1b6bfa1d9fb53f7a2ea,3,3-4
1f9ad51685ec2baf99d094d611de7d4b1cb3b629,3,3-4
be718892df57d0a7bcd8dc478de696e07f5c8702,4,3-4
07908beba4c5833748e293b8b144b7a024149aed,3,3-4
a6411bb9181f3ece4ba2e0fd70498940735fdfd2,3,3-4
8b5d46be29780d729f3b88eff1347419e5b9c976,3,3-4
daee3fae331c940034a6fbb7b860dd0b2652d5c6,3,3-4
4b8ef2f8ba38399abb5173495c84788f1c7b38f8,4,3-4
13461c9979eecae1d2e4c3d4fa2c4b2c1852d0f6,3,3-4
717640a8f9bbb8cf265b8651d744ed8b0fc29a98,4,3-4
98cbfa2aecc0cc374dc7a54c4c3af1e54632d9e1,3,3-4
8ba46cfa4035178059684a8f06306a6d7cb01b80,4,3-4
9bd2b510b1391082aa0d75189bc7826ff5905824,3,3-4
18b60d5cf4b80e38783d608a983e2602be2be267,3,3-4
3279ccdf0be4d23873d20b9dc6bd04f8a0e3aa8a,3,3-4
3e945e46ad1e0877f7ab2c2e71039ce01c6e811e,3,3-4
d4d19d55dce9a023bb8ddb3dcda9ac88d0a188ff,3,3-4
9c586a1e9bebda8fe836b8907573603ca218d693,3,3-4
f612920732c5ff22138f3582eb680c90d58c82a0,3,3-4
4179f2214d15a70ff3a89558e8b33c9e68d50b9f,3,3-4
367196406c3a6d6e2b028a2abb7266f52ccf11c9,3,3-4
fdc07989a6b35a06fcebffd38604d5ce9bfe6698,4,3-4
38283d7575b01247d5c4a41aa8a67c3b9ea685f3,4,3-4
0235a0b00ce27a6b92b9a955086f274f19882878,3,3-4
f48197b6c36dd2215c5dbd0d40faf128d5676512,4,3-4
92dc374a3944002ab5858adb7dc0e40e6d82ba66,4,3-4
da8ff3e2b93a696bcc2f75583ac5b6b7cbf2a508,3,3-4
74248368a344bfbb29f44f69ac011b47e6d58590,3,3-4
54f17fcab5bbba430db74f3d0b873298a3b9ec1d,3,3-4
27750f79398916fe98f1e11f74498f240abaf364,3,3-4
539a9a28616a8e89bdf886deb6c56bc4a1d9c9fc,4,3-4
6413bb6eefb59df18555c377e67acafd239ef6f8,3,3-4
07123ed2efbd675bbe844b968bc189a4c182418e,3,3-4
96a249ea960fe51b524687d488f7533e75d66105,3,3-4
c0d79ebe54f98244fc8d41d2f7b75e5f6c89c622,4,3-4
fd695ec9e1dee74f94db83ba8804c950536689a9,4,3-4
497018de27e606104197cf18091e74f1eff72697,3,3-4
6ccd9e12da0dace7371843bc9b35c359512e3786,4,3-4
97d790060b6ab7d99bdd0bbffaf2d114e057b23a,4,3-4
ec348ec85e0a7c0bfea24d7919cd0001dbbd2cc2,4,3-4
3530a7e7e729e4fcd30bcb246128f1509412adc7,3,3-4
a750f97f956f9799a548f3d115f5b652c64f82d1,4,3-4
558710a14638edcbbdcd699f33fe78c52ac627fb,3,3-4
97db4046c2bbbe2272e95b29172fec1f16ce16c8,3,3-4
ee967410ba6fc03348cc9268a52fc76d07ec686a,3,3-4
a6b66d668667657e3e384c5d484309d50688af1e,4,3-4
4b9a730e14b68691fe4a891daab661a855472e58,3,3-4
531b6ac66a8341b930e7e1c889dba2e14156e3d2,3,3-4
b3d7e240e1eb7542b32ca9ca64024d2647464715,4,3-4
b9862bcfdd50b5443da2fbb2f6a6d95d2c28ad5f,4,3-4
5a7877305336a620010211417310864560a3efce,4,3-4
fcd0c6a0e83eecc545a1a6718537e19813040002,4,3-4
1d433c6026371be64bb5a128f444c75112499a30,3,3-4
528d48c63dd39d330090a87c346ec266ac12e87e,4,3-4
16bd2de848f003c26a3528dd8969423e3f5d202b,3,3-4
02d06f132ee94a9cf5d076944a12002aa4057074,3,3-4
46d634b142864330b190fd5baac28724e8b3076c,3,3-4
e3929a761f8d6253c6add454544cd73c224b58b2,3,3-4
7152324b22e33e4f7e98b2b798900d9b86c0be73,3,3-4
02209acb9c95d558b950be275315124073a097cf,4,3-4
ba724983389276e42a69f85d22ef0e75b13254e5,4,3-4
d8f5933bf3cc0b7bc7da704a5ab3fc7ba47a3a26,3,3-4
3ddc6a763bbd0e23e3b48d8921d498b4fdec7a00,3,3-4
6aef382e61c11c55dd1ad1803070e08cd93cde8c,3,3-4
04a6dc8d7bd3da3cbab35ac5c8ca2e4313ede9a9,3,3-4
46d8732d6d3cbf8f69c7457a463fe94cdf212a56,3,3-4
242c5e1f202d8c171c91988587d6c8096a0ffdae,3,3-4
64990bcd4c79ad6556d4b24204c8366ce3ed6193,4,3-4
94ffba817de08986da058b40021e228f16f62fa1,3,3-4
f9d37fd1f62da3815417558a4be739608c122719,4,3-4
26915562ed4be50960ea01e18368dac812c069bb,3,3-4
b4f19fd4a60fe34719899e9ff090e7f728510def,3,3-4
37ea6227fc4f749399cf280ed2dc1c8ba4c08d6e,4,3-4
71a9cb6d37d9960beccf62246cf594ea58ff24c0,3,3-4
5639f116b5f9ff66db2968f1451a80e0f34f5362,3,3-4
384f59525d40521108b07281c88e69cc28109c83,4,3-4
0e0b8b0b116151a626e5795e8e20ccd6bd484045,4,3-4
3558c95b1aedf8628a80779a6c0105a0c44f8ec8,4,3-4
58f8ebca565379299bf51bce69cd9b91b71a72c7,3,3-4
c91806d0bb67fadf5fd059c9bf30bedbb8c9b1e5,4,3-4
9dc3295a111f74fbe79d0f75a82c5986b1740e54,3,3-4
b916bd53b066ed0975be6c33311236113d3657e4,4,3-4
ed38a4a1b94a558d4f4f94789f145caca9bb9aa5,4,3-4
b0d9acc82dab10a1a714a176bdea2938bf339ab1,3,3-4
78d86e668ace16c516ea1ad46dae8eab94ee9d54,3,3-4
2b327701fc97ce29d181086b4763250a7e3be813,3,3-4
914d4b1acaad721aafdd6dffad86aa2ea1e67320,4,3-4
ccc04648e7af345eaee4cfa7dad3e7479618e15e,4,3-4
c318f6210f1c13c5e177d0f21a0c6038aba15955,3,3-4
8322911330f3106f4b784b2a45afe67b330fe192,4,3-4
b70984d0310b04b69124f394faf19a4ccc8600fc,4,3-4
7d754123ce058348c159e74ded2d1bde7f1d45e2,3,3-4
d5a8c22605e0cb14dfa5c486545d5aee278b3bf2,3,3-4
ddf7e502ccfcabd1e3259725555043b203d5c139,3,3-4
1c8d4ecf7ed01e1d02979431806ea955e6337660,3,3-4
eeb118a35e546ece9e33bfa6551a9739fe40712e,4,3-4
dc59a74cd589adf971915ae826bf91c4f66a463b,3,3-4
46e522a63f5f39ac797d63580e3b16b807e2bd39,3,3-4
0db18c6b277615f8a0430c1b89f056d8dcbd7639,4,3-4
a3f7129adc5bbc4f41fbaab321f740deeb65d97f,3,3-4
04af57c404baa48267e683237d9a1edcc8d7214c,4,3-4
bdd55ddbf1d497d051c5e2f8d7fd70dee7fd933a,3,3-4
ad9640534d3a90186710a79dde53e30967090c85,3,3-4
9b8f1ce7a732b753e224670daf2c9665474bdce4,3,3-4
c19d2052392e3931a786b4a2f63726e56d1075de,3,3-4
55dd4ff4f5dda832505d187de1670aafa56c4a66,3,3-4
ec97d385914bda1fce80d39fdb006546255ccebd,3,3-4
d988394ad4af34ad783002c372da80edcab99a0f,3,3-4
54f92a4cf972dfa39a9789be65050170a5c0b1b0,4,3-4
4efd27d2c03672954bc717a868760c0a11ce26bf,3,3-4
65dcc9ebdbd89976ea6849401b5a954eeec6b26e,3,3-4
8d24aae17d029bf9b9a78ba957e6f03a2062ce3f,3,3-4
338a48eb6284a11b5635995871c5cf3523343b9e,3,3-4
2eab0fc9e76a26d4f6bbc23c4295886d5199bff9,4,3-4
354cd2046e2bc80d0757239eba65d62fd30b02ee,3,3-4
c73d91d06acdc6198a74777dede4b37d749ea5dd,3,3-4
e3b20f0fcad3c88e3a717c611c0f9f10cd6106ca,4,3-4
dc514b7e1acb2e880ca36e9e183a3304a3b9dda8,4,3-4
562c9952231ae972dcb7ccf046ad0d82bb27c241,3,3-4
7bc3085a72a2faa4757f0e82685d1a219bd3c3c1,3,3-4
ffe4503efaf5dc94e47c589fd59de23efb8f3118,3,3-4
0d6f31c21802bc14dbe92e0a5ef50ddc6ba4d8b4,4,3-4
3ed742de3df5710059c7579dc3bb4eaed33ce09d,4,3-4
ad78c5647c3fb67b6535f89ff38fd13450944363,3,3-4
81a102b0132759dce163d6258c67c1a0c5ace75d,3,3-4
7d9b6e163aefe87e7493af6b71ca7b15619d61c7,4,3-4
a59cec3112bd75b41ef34b15f058ab6941f1433a,3,3-4
08dc5daa40c772ef09b469ee521cadfc4553c91b,3,3-4
c7af00b34ecd40d7b0821a422779ac06c6af9026,4,3-4
f51e9d8bf1783dc2d0fb6f195de4fec17042fc1c,4,3-4
68f1dae14737c4bfa1581ac52dc5b752c6602ff8,4,3-4
3011dd2f8e8f18c6cb096439bb790fbfefc16a73,3,3-4
c5414e378b40add418972be90fb3ef4b2aad00f6,4,3-4
27357763253da65916e9579fdc27c74b4be797be,4,3-4
41f27c45e0e9f92a135730786db9554149e9908d,3,3-4
e8a7323c38273967be39f8b6ddbaa981b6b2da42,4,3-4
5d8376a2853f87c220745b1956056e51f5b1f836,3,3-4
f9f8448f7e48d83495156b0cc1a60c1adf83a210,3,3-4
d41978eda4ecaff4b9fb9a57ef91ea6f657fd98f,4,3-4
b67f5596683bd53df8355dc512728bdac3ed92d8,3,3-4
230bc331a5a3d7272dae62ef91ce2e13f94de62a,4,3-4
a6f73d376508dbba26739caa7f6ec51e209a3a0f,3,3-4
806ee779b92cf21b3740214fa79d6565c56244f3,3,3-4
384d4381bd6bf6966fb932c699208902bbf78d6b,4,3-4
68dd3b4161920be3eea739943e8508c0bfad1f41,4,3-4
e9d53117f1a593c4c13d1183d163a81ca8afcd1c,4,3-4
048af272bd8e9cd0c7dfbb78440c3c4c833201db,3,3-4
caae84b901b7f84c044a528058b7c3ecb0c8fbc3,3,3-4
0d133a2aad54b4646fc2324931d9bc27896a0b59,3,3-4
287bb999ec66cf1bb70c1e00279d171692d0883d,3,3-4
2a1f89ced5b6cdcc9d60751a9d5a2a50d9325e1e,3,3-4
b8ce5c86782c88de0dda314adfa50c61a6a180f9,4,3-4
2323874069e3bb2819a80bf931aa63f3e4cf6e97,4,3-4
3be2d40c71bf741058e6fa1ca6ebda0c67e627fc,4,3-4
988315bd6829aa0d121ecdb9f42213883d12ac85,3,3-4
76a505133a4a8912d8f05081c86624340845d2c5,4,3-4
654a9e370acb466b97f1b2f3675292253de8c469,3,3-4
77b78aa4b68a4a6ecd125ddd6e7111581b1d78da,3,3-4
fbabd0384a14d55e4c14dcd3ebce8da8cafc1e35,4,3-4
60f21758a0c73a4e0caa97d27560215b68b6cba5,4,3-4
4ace9290711af52d351be61bd97d86f040e69b03,3,3-4
9d405998ea31dbab47191d62a91f3bcf98a2291c,4,3-4
e327e983b8494819d82ad854f21251c16d56b9cf,3,3-4
1ca29b2d1eae1a887d3d90d77421ed370e3bb316,4,3-4
21784cab28e47fdcf34dae36e48563d4eb37a9c9,3,3-4
b0f418d069dbed9f0d0896b9bf7b9320b6f9a745,4,3-4
e552bfbd4602f83b431a4a778efb7d43cb2b117b,3,3-4
370cefd473dd973adef4f00b9b2eaead9fc099fe,4,3-4
7e57c07520a8c04341a28e84884554b2de7ce369,3,3-4
08a01c4432a51b5224fb3d9b199a81a436a3eb49,3,3-4
39bc8bc7cc25f123406bdd0ec24b0203855174a8,3,3-4
b4073340d7c9aae38920a52785be5238b6e0431c,3,3-4
f681e6b2e8b874c5ea6c298422ea687482c38443,3,3-4
7cd213c8683121142fd44732539be8e32624dfc6,4,3-4
65f7bd324f25afb1a84f95c51ad7378a46cd8ba0,3,3-4
20f5cfc8e1e29694bda4169b2ccefb21f07c2615,4,3-4
380e5964687fd21469a1d3582da6549fbfe0e751,4,3-4
ee1209d3a7779a33f03515c01ee210dbe6cebe11,3,3-4
450744da6023bb3a753d30f786f7cdabf5144290,3,3-4
1009b3897f825b09acf154f3e7a913f508aeb9c5,3,3-4
b12bf94ceabaecc2f567564cc6c7a264518ae85d,4,3-4
3ee6ecc2cc8e3c03713323b87f71b71ab373c21c,3,3-4
ace4a72f3bed622ac8a92c467dafb087e8366d50,4,3-4
b3af0d3548f0c1aa2c273e5c60b9b937d5839fd1,3,3-4
2f0686e34e02e647eeffae60386c8786ea70c089,3,3-4
8ab26e340975bb103013d966a4042e13d95aa706,3,3-4
b667e758fd5594e4f17699aa7b55f1b4e646140a,4,3-4
ed8e2ab2c239d7b71f3681c56820b9d0e5b3be56,4,3-4
12cde460e784469bd4ed220f49e339da9341d911,4,3-4
891725636858bafcfedeac1154fd61b160b59387,3,3-4
b19b7da77ae676f324f0ee8b765ec5858fee8a13,3,3-4
3efb6bc0dabbe12159ca4260f5c67bcbedf7442b,4,3-4
a11c85438b47fc7e5be2bd52a224002dd9bb18a9,3,3-4
a424e45b8f6d29bb3d0176ab15317a7217e5a1b4,3,3-4
d322370e848cea70855e9b7b43615b6582dc9e27,4,3-4
d149e558c71ec5419cd98cd0fb006acab9f5fab3,4,3-4
ab5ae9855b113a1ee2be734cced7e25d38ff534a,4,3-4
d8608fda23c20a7b4023003f252828528fc4dfd2,4,3-4
e60631b5ff9672126175de92935eb874e27d1cb8,3,3-4
f14fba5b721fdd578cf9c4c3d06d06faebbaf5a5,3,3-4
49b1ecb6c8ed23ccee81ab5ee463454ad9e77415,4,3-4
75e2d4367cd52b196546d55b781a788e611a18e2,3,3-4
4dade1b3fb2c840d85f9a4cb9b31947a9811b071,3,3-4
e3f43721a2b0a9139dfbe59c4ccbe89904ae9e8d,3,3-4
492e1a46340efc2f072a3df18f991b4ddfa44e02,3,3-4
f2014bed9c99ccab375a9d15534e407e397fd5be,4,3-4
da2b4e15fbfc21343ae74eb8fb7357c6f914a0bc,3,3-4
72693d896709497501b454a3622fd9f72bd57ab0,3,3-4
814bc70eca91cad37ba31ee1fb3cc1c96f88b3bf,3,3-4
38dbd4d7dab0227abc61a02d174d7f2836745a3f,3,3-4
3d9196c1009c6038bc069247c2b1e4c7bb226625,4,3-4
927de722c375fd131ff53756f1845a394f999408,3,3-4
01321fe904a67295cad9705a786ac62866c42025,4,3-4
035920e7834cdb8c0a14169dad1d23a50ecea6ec,3,3-4
ac8af2c2048f64ec40c1296c860022ed38071ce9,3,3-4
1aa87115d28624e6db66a0b237712ad45aa6c9de,3,3-4
6d0e4f7c5164e54c1bed9ed4892b63025a847b80,3,3-4
e75ac5b58178ce5a58e437e0f6877ebfddf893f2,3,3-4
58cab1d4624f8f89c6d972946192b4f418f3ad55,3,3-4
a3edc3ca47ba8dd87b2cea502638d89a54456bb2,4,3-4
a6779fed7d19f21f67d7028c46a7a46d36931be5,3,3-4
cb79b4e2c54b0d09786eaf137dc2aa73d75de98b,3,3-4
67005e5c7babc63aebdea310b1116744c912c723,4,3-4
4d360d65478bc191fd26c1cab701f50f595962b9,3,3-4
0123d8804064c8f277ff8037028395db8c602ed8,4,3-4
ef2704a30db1f81d6a1ad047a3954f1586017653,4,3-4
dedffa4794bde9d35a0dc74ca56ebd1a3a7104fe,4,3-4
a85654428af3ce42464252fd4bd9b1aef0e729de,4,3-4
c4b2a7cc7e8b8c7b68b5ef3f58d8f5243aded107,4,3-4
f0d1a26eb62a0bc6f8078f66c643f567ee690c09,3,3-4
5aab38e24590e0641fa1fa9831d79f9bdacd5d1d,3,3-4
efb6c37335cf5eeac0a2077135a66785681aa298,3,3-4
019ef50b5dbb17f2748998abbe62ede5a6ecdc48,4,3-4
9458863f6c24c8ad4500f5ab3f846790d2d6eade,4,3-4
52dcaf0d2012fe124c8a34e24b899105d173c81f,3,3-4
7ef65ba2a4746ecca2373b44f175e2a4e407c009,3,3-4
8ccaac14e6bab37043cddb315c9caf241bff3e63,4,3-4
d75aebb166f9ae1c910c5727f0f4e4713b3ee583,4,3-4
ced1fd4eedd2e96ad38050e8b0c87a52ccdc5300,4,3-4
97c11cecb3179b32158b88e643c45f88554f3c2b,4,3-4
798aa129fec1cb469c009b3ebaa7de93207b9ac0,3,3-4
490d443a2874e4cee7f276ebb73f230acfd7e8eb,3,3-4
f83e1e44c4fa86210682411c35bc9233516d5240,4,3-4
07c7ba09f56cdf30ae77a8cd00057dd49db22587,3,3-4
42adb5b88069a6bfcca53f1e1ca78b45e0e2040c,3,3-4
4c2099a376025d11006988a8fc0393da01a30408,4,3-4
a34f1615f9c5c47da1178d845132025ecdd1816c,3,3-4
7c428834783ec1114b166255c1f9adaa248c12bd,4,3-4
219f88ec3871dcdf60494db26cacb9c3d7e4f1c5,3,3-4
0716ec89cd4be25d3b680847225c564aef601a63,3,3-4
be7abcd4eaf938e600dd7b713e46b5d536c4524f,4,3-4
d7e0b3010e523708a6021b74b9de880c06d25f21,3,3-4
1d88c17c7eed2828d090b2cb9483b2744a7fd56a,3,3-4
5f7d3122da29b0b5d0ef5d10bc7c24c0e722f276,4,3-4
d0738baad3096286f4ef34d476d03b66037b0773,3,3-4
5ce164883bdffd94c4be4597d76c5b57a721984f,4,3-4
6376445114f12205903eafae37e23c2882c5f75f,4,3-4
a215c2025bd069d4fe5655c7e6dcb24c8a88e8d0,4,3-4
548715c0b8c9a794a76486c9790f675f6666cb3b,4,3-4
64ff150947e6f5ff60647728243008fcceee666f,3,3-4
f6a3bde16176dfdd78af073803c24d2ef44147d1,3,3-4
3ee5e77bb68ea0672551506ec8ad5902637e2251,4,3-4
9786dba080c4d353e40dab5cad7b8597e332ce80,4,3-4
463871364f0582c370e06e24eaa6e94dc0ccf5ba,3,3-4
b80ad401a8a4a1ba3ff396d3ba2562b138ba1bce,3,3-4
891b7e540b1ca676ea06b5db3ce3fcfa5213452b,3,3-4
a022fc75cdd52d5cd692cdb256c8f02551ba875d,4,3-4
ebc744069169c859a7883234951f3c5e89cacd2c,4,3-4
de741741dcf174cb864fbe47a0d6c2a084eb5bfd,3,3-4
d5cd38522929c86e40507f3a256aebf90afc8004,3,3-4
cd7f08b75c736a9f2aec0af6e8465ae8abdc8e5d,3,3-4
00e1f3664a329bdc45c08f1e5e14f9616a65a7db,3,3-4
902614a44501fed0836d382502e77f65e3470f71,4,3-4
1d254398b1c45d9d05621e8b6d3d5ff3a80ee915,3,3-4
7b7d3091a46d09696183220bd824d400e6f12ef2,4,3-4
2a47c5cb767c502cab4c40314f9fc52f2d11c705,3,3-4
8b4f4374513a9dd5f275ab972cdb9f57c20c1459,4,3-4
f6286d7051f123c55f00ff2b736438f765419a74,3,3-4
d619a2bd93cc65bbb19e0b0deed0be260b7b2099,4,3-4
470f774173c39c5781a7d760547e52267f21be28,3,3-4
2e6ded1a32d396619e31e2b71ec1b200b944882e,4,3-4
604f61dee0abed029bd9e84030e367a5d47f395e,4,3-4
804a234fe02f01fa411500d5c4f13e15772cea22,3,3-4
6a06605aa87d242b93328381948b5ae08c0f8a12,4,3-4
d29d8d6c4979032846aca23e06ad0edf8fd482dd,4,3-4
e557e171fc12ddbcaa3c5513a12dff1efd90a7c0,4,3-4
d7eae31a4cf479900994e8c99cceb83d1685528e,4,3-4
801942cbe656d8b0837269b89a194a4df4fce0cd,4,3-4
8c77276739945a70e58a721d192e184abd0c8e67,4,3-4
3b843a33b42f2a1642664e455630e8bc09eda898,4,3-4
1a68b61778c258e759b6cbf0a196ad4b734bd2a3,3,3-4
6016e0afe8f63c09a1fb61da943401b1eb5046df,3,3-4
d3980a72cfff257fd62190dc7964cd554ebfe44d,3,3-4
85744d3d5ab06628d060317ccc5df72087940c93,4,3-4
1da5dbd0bf86fabbe5583dafdc713c0b3043102f,4,3-4
4c19b532e367985259da0538651786898909eae5,3,3-4
f6478c9906b95f61cf6d603e9c61ee81172406ff,4,3-4
e94277a9ae93062146ceb25bd8d0b38083b9657d,3,3-4
ad7fa84f7236b74511f10e4744bc9a26d8d249e8,4,3-4
3342494ef98dbed5138257892fe481f021ddd65e,6,5-8
eb0a5e8c4549a8289b6905fb89d2b1cbeea4bd8f,7,5-8
a710724f8be5a8a58ee3b89e0fa4d0713c596599,5,5-8
7f3cfd38b58f6b0bdb6e384e5342c801baa3e558,5,5-8
0ede3f6875f4290ad1cc7f6a81b7e7376e2cd182,7,5-8
a0fb1355754c012b455448888eda9a7f0034b67a,5,5-8
7da06a9091f16989dbaeb455b883d4a3ffbbb794,5,5-8
365cb32a9c09132d48ad0db2ba38dec02f2e252a,8,5-8
e2c020f39a18679124173c5a62b717738e0cf71d,8,5-8
4225d997f657c5afe01598e697ff94c40e62da65,6,5-8
8e5bd934b19829cac9097fa55978dd812399a246,5,5-8
41aa069c0ba221ccc558fb634a802907edbdcb5d,8,5-8
bb36229b2b96b4fb6f499e1587ee9efbcf20cefb,6,5-8
da34607820ddb0ec09f1cd370e2e90366caf1366,5,5-8
b6a11ac1f219fcd5b949962ab65d1b9ecf9b7fc1,6,5-8
441de2872140afc61cabe246507d22e605ffd94c,7,5-8
03bfbf801caac899edcae29eb559a1ad7327f5ac,6,5-8
02397b465e9adc9722f507208726006198583c51,8,5-8
c6fc1629d8cbd21dac11b961b8fb3c4ff1ab393b,5,5-8
56e388387d396842881cf497bb1b1436c4128979,7,5-8
52ae9f702206cc1e3d10cba025f2048d854d9a99,7,5-8
2a4bba750343afbc6e6383884e16ead6e65829f0,5,5-8
c8fa8acfc7945f4221fc1af5352375900c2fb3b4,6,5-8
fefcd50906d0474b396351b6be2c25c9726cb3a7,8,5-8
ec8ad9935d917a9defc832e7ec697da5b4d69aef,8,5-8
71056c4990a54dafbb02d21737d18b23988f1b91,6,5-8
1c2e3048cfb014ba26f381e3be8ce020a5c8e26e,5,5-8
259663e8e0ff70987a166e2b777791e19a5776a5,7,5-8
1e2dab737dc778ae0eeb04925306b10cdaf00da6,6,5-8
5843276ef34a56ad144ab08b2517bb57f9d88521,7,5-8
3d7355add17eb2a33ed6c0498c28aafb63684ea9,7,5-8
95a3b91c1442c93843367bd0ced16d78a656f1cc,5,5-8
4eec0a6b8e2184012072e6dc2b2a2db76d9642ca,5,5-8
7293a9c91f2c46e9cef32ec268b41186e4b8161a,6,5-8
2507981ddf960abd503552f5851fae9ca3d8a894,5,5-8
e1f909a5d647d8d616ab9ebe7f97e4803f8cdf85,5,5-8
d93b5bf2af74424574efb98102ba553cde37712e,5,5-8
6a77ba7c78315a2aa34e350f75b4d78c23a0ceff,6,5-8
fb8b632168505526f7580486d35e743a875ada4b,7,5-8
9cffa01de1013c5e131cd265330652ac88b59c43,7,5-8
fcf30d6408950fce4863497defd6c008ab71c0f7,5,5-8
60ae7245d4626df83110cf365adb3b821fcf347d,5,5-8
6cf9fb3a8ffe2ebf0b77a8150739537790f53fbe,6,5-8
35902d17a6b2aae1dc99131d70c5ccda7697286f,7,5-8
efcd43683de9cb59324017899072e920dedd99d4,5,5-8
9a207ad4ec03d30fc50c27a8547150312a29d835,8,5-8
227bc24d072bad53e3d468441f931aac4a3503ea,7,5-8
fd402f5b2967247b84b0e4593c6a70a170ddb114,7,5-8
0ce93fea043fe47b5196bdace8d487b6fb1e2736,6,5-8
ef0b3909fe09cc6d0d9ab548994e14a4d26abc34,7,5-8
9a4cfc927684bab55d6ab72cf0900ebd2eb3ed3a,7,5-8
d98118147025c6593a15ffb3867e89bcdc6d63e0,5,5-8
33460c0725499128e773cd73bbc196abb80d04cb,8,5-8
8088d4cb9e3e684565fc721e1e9c6fa43c1e8055,8,5-8
572d1648d7870d149ce6cde49efe89c650aa80a2,8,5-8
3a8a8c5fb677a1eee2255926a0256a896496a0bd,5,5-8
c3c56ccfe367967b6e8569bc12324d709535ab5d,8,5-8
ed0b63857a743b5413530ef352c4281829ddfeb3,8,5-8
17e0bc4ea6dffdd2f8759088633a8a0a0e5a02da,5,5-8
5045b7d319b9207c21c02588ae56b58adf51b3be,5,5-8
91c7b7d4024a9fab24e2fe0868a88c7bf657ef74,5,5-8
6d3a936756f130a3f1aa6c21d9eb73f77404881e,6,5-8
23154deb92253233ecc42bb838bd4f7f2bc5beb3,5,5-8
4c664d3f7e012238236ee01fc015aeb9ae90f0e2,5,5-8
95abee17619235e824d77b13bf1fcf4992f6d81d,7,5-8
37cce4b4705a5679e595ad3d78b1cf78485c54b5,5,5-8
eb3e6a2bd6604e6fcbe6e76d585a51641468faa1,6,5-8
f88d6a5ce9d850ba67874e41f262c02518ffb9f2,6,5-8
c23fa816126b3f00222948f3abf032cedaec4e8e,8,5-8
a5b53a8291dba22b3df10179c752fffe6e811caa,8,5-8
42178297504e9b1e6a7db10a8c89e6c8543eb24f,5,5-8
2523ab66e952598809671f7825e1cf2c64a19937,8,5-8
ee5ebbbf5c0c31b1b36eda138ede53076081957e,6,5-8
751c8a620a05bba8412ff81979522f0d5ab41c8a,8,5-8
15955d395143f874ec0ffba1635062ebe8879766,5,5-8
c6bd14febaef675cf5694094ffb3cc1f873a13c6,7,5-8
2caa368407046e7001e702c9200b47e58ad13761,5,5-8
08363311727021d2f1afe7fbbb2318a57c7fe1f9,6,5-8
33fb0ef0035a6dccef6bde66b4a16f195d0d759f,6,5-8
d9e87566bc06ba3bbc92d365d1a2e848871cd8f4,6,5-8
5d25a415a05aa5d38786cbd4099fd97322f5b857,5,5-8
ddf9069772384e2b27f5d17e96294c919542bc45,6,5-8
4d049104f8b7d8e9a841a9c50d1522c8784f592b,5,5-8
afe57221613c242f4c0c46c96f98e16ea052db92,7,5-8
af637cb0f6d4f0e152b85632d9f563c33d0bf046,6,5-8
9b659df5c95fa93e2ccf9c230a718c3e2e7d9c17,6,5-8
e7f20efc9ea1fde387c0015887abefdbe2dc44a4,5,5-8
365adc6520a49eb88b2c62d8e6ab81ab59715084,5,5-8
a6fa09b20105c14d1fb34c7a41018d9e90fb4257,5,5-8
61d33907f6dbc2dbe4aea0f11d56696dac8b85a8,5,5-8
274eb736ffeabd81d85dd44f4629ad5ca94193a5,8,5-8
89368bb597389f8c9c1206d2b3048c2af4e40473,8,5-8
16556259513799b791861e05f31318817da57184,5,5-8
1fac5317defa7cdc4ebd881b7d89fa5132de2521,7,5-8
5d1e6df420efe12ce9e3467ab0f29dbe12617909,6,5-8
699d7e631ae9e5a5e7ab7ff066f3d43bc0c5496a,8,5-8
bc486c94aa3efe617ac7bc84fe2e166cfc15e719,8,5-8
a7c20eb3a5a61fcc87343c1d33885c0fb0903822,8,5-8
2227ab64880fed90ed09c721f8359e856ca913ef,5,5-8
0dfe922df5ad5943fb437d680d68ff9c5b1c1983,5,5-8
f5bc9b3cb98480153dc866064eba3ab67e42a0aa,7,5-8
855047b6659de7be21778315bc179399d33a36f8,6,5-8
8363830c996fbe5d78106cdacfc03d6cec6a90e0,8,5-8
3c65dcb85815ed0a5b34e28c1ed42a1c2bc02f5f,8,5-8
4d806c867c8c0da1de3a09bc7cbfd3479bc65184,6,5-8
3cadf69d4e47a82205559c94de6ab54e1b80618d,7,5-8
8fe6a933b4999347280db21e783314cc8b6d8f65,7,5-8
7aba7caa7a3642b6af46e578febd4312866a021b,8,5-8
e0e8eefc832ceee374622a2e92939a7ef9d0dced,7,5-8
434fe36870c41bc85a83821ae680ecc47f255806,5,5-8
908dbc38bf784fdce7184c4f79c5b4a35b32c9c6,7,5-8
9a620dd30122ec9993061986897aff16929a93cd,6,5-8
997dab1228d2f0865494da782ba93f51527485e9,5,5-8
be17d6060753fdeb15baf8d40cebff2923aa1c40,6,5-8
f0795b88b458e56574926d73cc6ac320f36342ff,5,5-8
0d8221001d0083be14ef76c9b8e0f25a343eb819,6,5-8
e60158dbe6855a37536abf9227b478df0c184fd7,6,5-8
21c007e2103e69e9a69295d76e56ded0dad47603,7,5-8
3249ebddc75c97027ee10049c27e5e1fe53b76a9,7,5-8
43dd9f9965b85a59cd11a3660d47c20130ce20fa,6,5-8
44683100cee4fc3977e95a4ceeaa3177708c23d1,8,5-8
ef8277a89b612cfc6a9c87a58602f531cfa88fe5,6,5-8
5984f6709fa4055367fbfe1d1cb0f2fea0465744,6,5-8
4be6e776465e7fb073cb62493eb8d3558e0a7c3f,8,5-8
4e3b3f0671ed539d56c88592dadca08169d8b197,6,5-8
6b1176490d0de5adf62c0684902c62db2036b414,5,5-8
4e95f6a740844beb4eff04971bbcd45157918cdf,5,5-8
bb3c5ffebded2ef58508ef538a4eea4df59a3c0b,6,5-8
c6c1b2fe93cee5310d86f20370b5f368e0397379,5,5-8
b90ba6bb14c10e511bf79e2d41d5e3c79b46ee5a,8,5-8
5445438311448bb1dc51a1419a3cb5740e64cf26,5,5-8
be0fbaac5333aaaf464d3f6960887ee1418baf82,5,5-8
e5faac14a0f77fe928ad72aaa40470372afa4332,7,5-8
b3cb01731f9cade34bda5af83ceb26092bfab222,5,5-8
03e3c220101c091f22c598aab0af8c2c61a0dcc9,7,5-8
8248c12490dc6cf02625ae685d15b8ef8c00913c,7,5-8
3cab0a644237dc1e64477e5a1ee23024ee386b91,5,5-8
20b79a2e0f871017d88afdcc46b5f5a58c5a0464,8,5-8
f1da0d783f79c0151a9639e16f253cffd91921b5,7,5-8
415b49cab553a68731912a396eff8fc3971bd297,6,5-8
92218e24495b1b922ee1ebad86929276a854645a,5,5-8
2a202c45c5ecbb9566d110ed829211ae08b33119,6,5-8
d205390b5dd7487cdf98795426fc496a397e7516,6,5-8
13a30a15b4a853152b4e83baf46de0c62eb81d95,8,5-8
ed29a912f3be3570827166bbc44de26308227b4d,7,5-8
17577e60ee07e809329dbd8e7547e8aed31c7f27,5,5-8
10932cb0fdb2e790b8bfc3c2d12383bf7d2a6b12,6,5-8
f2ce20aa195029262615d961c9f9319ef100fba8,6,5-8
ace0ca6b88403762333785d60a81276400dc5ee4,8,5-8
2a3b1de7b922ee7ee2b1dcc52a4770e3179d4c2a,6,5-8
3d2d3688bc414c075f0eaa1775a26bbaa8b21bb5,5,5-8
b60f3087b22f1d7674604cc248c7b6d17bf53cda,7,5-8
f9defbf74e2769b309d32ba451438c9862306c00,7,5-8
e3ff5841476e40d2cdc6a7e23caa0d8ef32cfec7,7,5-8
7d6ed0f16ec29bd349e5e9d8089bf758e1ffecac,5,5-8
4ec50fd58f2e29c056a4d5ff545f435982c4db3a,5,5-8
91e9877cef2ba70899b0383bd13eb6f2a9598387,8,5-8
046b25ac4eeadc55db650ef7c97a0236ae8bcf5a,5,5-8
7766d5695f1522d3229d6819275d7ed5b17c40fc,8,5-8
0d1406d0cf127f08527aa2dc385309f75936fdf6,5,5-8
cdd035c03622095846d3b1e65772a464798f8d19,8,5-8
8ab8a5fdccc83e7bb20a026fc8ecf56475217b34,6,5-8
e7191afa479c137a6b015d61ac2e908357be794b,5,5-8
b0ea265abad8dcdbab5b6df1756348bc757610b0,8,5-8
5a2c8aeb5f5bff7761b4f7d191c1ecaf1f885f82,7,5-8
850d27546a19d9cf0cb528a777f219283fcb00a3,7,5-8
178ad3491615b7de9938c80c4e167d89065f6f54,6,5-8
538499924f8caeee621a6a1d3e27ce867bd516a6,7,5-8
b6fcfe3d85f81ac857980d8eab05722d8f715fca,8,5-8
38a3c226a0c8ddad6a87ffa3e013deaba181b2c5,7,5-8
d278a635a09501696f1624c723178292ca8f3f03,5,5-8
9f928290f5cdc57cb2fad7a50ce846f81a649c88,5,5-8
50d0aff7b6ada27f9911a528dea94be32505fa64,7,5-8
10a924d331a52c21062d04423d1c993cbf7a8dce,5,5-8
871ab5d1850f5544254bfe5575d870c1cb59409f,5,5-8
4884cb0d86875ff4ac3166a999a9c50ce2c6d049,5,5-8
1df9b2b506c7787fe11459f3d41643b3027d2c2d,8,5-8
72db1946aa246f951f41563d37e0dc50e0d1758e,6,5-8
4c2d9163122c25095ccf24f33bc1e25ed452b2a4,7,5-8
67e43b3a22a65cb0a503b4d5e4dfca3fb452fa1b,5,5-8
d02025ab5e3353cb4a93dd9eeddcd00e51a08911,7,5-8
3fbb382dcedb821598f8141625ef91f2ad14cce5,8,5-8
0ee29f044e4a22ac65137e4c98856418e3cf5cf6,8,5-8
bb839a0c2e1e0eaf559e2058db56cf2397c0418a,7,5-8
4c1677a0748b329217785585a52a9cfdea140b25,6,5-8
4858114b1d9b7e1e245210e8f5b81a471121d00f,8,5-8
711fde0e9564b01d0ccb589e139a142ab4966eec,6,5-8
957d5742edb89c994b058bb026dd88b3d1cff333,7,5-8
492667a09a95c2858dfeb5ac6fad742daf5349b4,8,5-8
6b8c019ae681a3ae4a8439084acdae93fbb95508,8,5-8
41378c08668b7cb61a65720cd7dee328998c76cb,7,5-8
dec2c71b2763036fef09b09d74a12432ebc66068,7,5-8
c809c3cd8613ab7fc259c1334e788c3604787b4d,5,5-8
a5e5da976b74228fb2d1fbd317257d34051984d5,6,5-8
46c01e4fd129ec05046af1df191f1c50c624fd7e,5,5-8
7837f95deb1a0f65a64f13ad304a5f04580384c0,7,5-8
d4d24bf155998f6e9b7f3733b0dfae86b3fcdf73,7,5-8
bf8ea7666a5e3f6bf24ba019c3323528b581bec0,5,5-8
91e40e1dd2f447b7ab8968b3540bc9a4884f0e98,8,5-8
a9b3adcf53efeb8fe968a36fa1dbb63d829e6ba1,6,5-8
1f1714d891e7bdd717e2a4700a757ed04603dd6e,7,5-8
b7491b59db1b020416155fe3eb287fe22899a910,8,5-8
44b2ef156b52d6581814af2d1db70f27b8b67bd8,8,5-8
181af4925edbaa051cb61d34fa13e0e4a579268c,8,5-8
bbbe8204f97c844554adcd30b5aacb698e5ca606,7,5-8
b51503e64c9f462d8a8bb0eedfce8e53125f3d98,7,5-8
889062973c49b1f9839d132df0d15acc82c415a2,6,5-8
34e76304d78316b1a72469762a270bde0654015f,7,5-8
d984e039809ad0e1f6303182a9c7be3c4f18a4aa,7,5-8
6a008726ea36c0b6c3c03cc6a48ddfd9a79db827,7,5-8
1e987cda34904e8d7b8d3b515b26e16052c49e75,7,5-8
3ff8f489842a9e9e2ccb6e805ddb62c92c0e35c0,8,5-8
b3b4849e1ec180a64561035a1d0bcb196c438d45,6,5-8
722ead45004d8176b5240cca2d17ebf3151d84bf,8,5-8
c75133332d0607c3b58c4da2db5f8b0dc5c59daa,8,5-8
a6fc6d52598cc9871aab550c9e59e6352fcbcc64,8,5-8
1f419e27838963314b32b36d9f532ca7e4060209,5,5-8
a2d1e3fb9b5f85d49a01e5f0ca01fbd1642017c2,7,5-8
2b6060bc17643ba6cf9b9d7631227e194ba00b10,5,5-8
5443f16a996ad365dd86b849df3b01427ed106b4,5,5-8
e1444778418c0e81eba475f75025b8796c631c3b,8,5-8
87bcc4e8b1a576531e0bd0b5be10de8b5f40678d,6,5-8
5105212d32f6cddd242571e2b469530fd4da4544,7,5-8
35b46b9e3171285a23fc86d9eac221273bfdad55,6,5-8
39778b40e46f26247699f3c748dbf47c9c6a01b3,6,5-8
9bf5a61d528774914eeb624cce2ff73736ad4114,7,5-8
72d96e40d36e1d1d83a3b516a8aedd60de7e028e,6,5-8
cfc329cdbfee6e08f541f9c162bef79a2ef33815,8,5-8
686c901ebfb0863b7d26bf0080d7f4b23be284f4,6,5-8
293d9331bc728bc8a26150f38a3dfdf07ac0aee4,5,5-8
674de40a84ecc72b8d73a588b5e556bb177f203d,6,5-8
eb0a875c21b80b9b8ee9a77cbd0c10787f972f04,5,5-8
0f67294df2971dfe2224a114fc058e51e5472c57,8,5-8
b7ec67861137eaa2b440f9b609f644f942ea0169,8,5-8
fd223401466a469ba320e2729a69db3ee31c8414,7,5-8
e84fab9d33bfe8424e0f8f9525094e29561a94f3,5,5-8
c979dcb06c4babd395b51cf2532b39eabdb94190,7,5-8
bd9a7e3916ac6ac42f42063db8e9057286f3f38e,5,5-8
07f0768cd032424667c2628a3683994085daa121,8,5-8
7d86bf75609ca86a91c299292ba8eaacb4b9d44d,8,5-8
aed0346e361dea5d8a01a4da160a618bdf2943a1,7,5-8
327c508002187016426187283d67b05a5407678c,5,5-8
1eb76c162d05b46710733b8028fc374aef2495a1,7,5-8
50de780f17e89b419ae44957f95a6c7d29f19cde,5,5-8
f6bbc5f3f5bcf0c87b62824125e39e3f9d3b1dea,8,5-8
629f7a09603b0594a6f6fa917898cdf72fb9a3b5,8,5-8
1f9ff04b768710e3b50adf8f5eecd4e105a53016,8,5-8
63a00adfc7e5149bb7bf6400a1b6c83268a9611e,7,5-8
d03c380bf423b7091f41a5c27504a7b79813b560,7,5-8
0431a1a77b36be8b2c458d1bde4452efa8d24272,7,5-8
15fe80e8fcca9b2df219065a21b88b50fd747f7b,5,5-8
011f40f601a8899c16f09252fb6b5f5fa8cb33f8,7,5-8
bfafcc0d459443e85f57d3d73d1d5fe693c3053e,7,5-8
df60d8b0dbdbe110c4ede08e41c206b7451f569d,7,5-8
dfa459be9a3277891b8678eac66f13ee8d4fc8d9,8,5-8
9a8fe3f050f1870b4305d9382c67f5e8459a9a38,8,5-8
2fec9f47120a5026fe98a945ea5e29b297191714,6,5-8
e26729e562d443360a021ae8c7ff3db708a42574,8,5-8
12f71c5e4ab8077104e6f859773cdd87b75c8af9,5,5-8
e9d06714eccfa6dc04cbb2e397f23f25b1dca7f1,8,5-8
d3f2d265b8b292f2fe7bff408dd58fd5b8faba13,6,5-8
1def61c7fa57cb633ff1c0131962a6a0ad9c5d34,5,5-8
33095db4eb9c904ee810f3dfb457bea6b7dab423,5,5-8
70a4ae71066bc238a96014bb0aef6c2b908b8167,6,5-8
436a77389d3d9fd32f342d27be614316b338dd23,7,5-8
52a3c423dddfa78b3ee20e8c6ab2ea508d742b3c,5,5-8
7422325160a7954c6ecdc3aa3c3a718f1e06bb8c,7,5-8
ce163b0e8df15f11a4d0d50c98969528f5061652,6,5-8
d2d6433c03336aaa3b6866e5a34f6c190a21143d,7,5-8
8c94c9fe12f4b79461aabc7e1782f3213edfed60,8,5-8
bfd2521bc3a36f7a14a3d46d09d54d2339302a4f,7,5-8
4c90317af0f30711892d4601f24c6c12182cbdb1,7,5-8
91cee92278b98d0cdf576bc6556a025fd952c1d7,6,5-8
ab1eef3b015c8780822b6e555057e9e5a846a6e3,5,5-8
83616f3a2ecdeb77840155ded2ea60b4712318c3,8,5-8
53bf6a1a7b858a3bd45e7a92f70d99984e1611aa,5,5-8
810ecc4d4144bd9e394ae8360c02f78f7bbd6b7f,7,5-8
2139da9e251089c1268fb01c213da774f73750df,6,5-8
cb673ccaa750fa37579d772129446f19acd4cacc,7,5-8
8f45083c8484a1a9e9cd60d2d36c923c5e8882a2,8,5-8
b01f5d0dc2353182b8255852452f5d33c5e01186,6,5-8
dc630fe1e4c0c70ce3053a586fa92180f5af03dc,7,5-8
681ddad166d18cce28f59893f46cc7780be4f2e2,8,5-8
49880bbf50f6e97ae8e7d485fcc3ace68086f4cc,7,5-8
5f2b507d4abaeccbf254134137fab2eb103ce8f4,7,5-8
ff45b4f72a6edc47ea23a07a4123abefe39f861c,5,5-8
96f11c7c846d6d5ebb049cb0ddad37841ef41fa1,7,5-8
dfdef88b7d3296a06bd0c4246b82b9e394bc6fec,8,5-8
2d3fc761d463f28f03b735b0f480e250c5636185,7,5-8
26abb5e142f6634a156a08cd40b60321c6f71154,5,5-8
1b4f21e4ec14ae86aad0f7d2cb6018861d9528c2,6,5-8
970fbbfefe2f791400ebab81049c6e737701652c,8,5-8
95b782f1817f890eb3e74527e1e86059d025d382,7,5-8
4cc86e1cb994f448d108a0081a6807ae12088827,8,5-8
f4bfaf32c0fbce354786ecb04566592300c3210f,5,5-8
fd0ef942e2eacad8face1f155695e039fd374e73,8,5-8
6fbae11203223adbbab04de96273b85c0ca56947,5,5-8
b0e61f43943a8ab21941a79cb5a93ca2f322c981,5,5-8
8728447189966c4fca338925d0f62d8157950e6b,8,5-8
9d75efbcf4d975f2782b0f83805ffdda2edd48ca,7,5-8
6456f049c21126be178b5be76e1bf03583745213,7,5-8
6d6dcd7c5fc7d4b0e417f3371d5f4832bfe30e9c,5,5-8
51a3553744bfd1352f90182bbb361c03b3ca5865,5,5-8
b46620bc0bea96504d51340e32b6cc6f9609f196,6,5-8
30a9b299ba3fc7fa75613ff8335520f3f5931ef0,8,5-8
3c6831823901ef91aafd28e8e7f5688bb7104e07,5,5-8
7cb8caf39014812cb5be224b3bc21bb0c965a385,8,5-8
c7dac10e561c70e4db47470056b954c8cf80d867,8,5-8
9e06bfb6617ac67097067b7ef2ac97e4917d14b6,8,5-8
c6aa545f00b8e025ef97846ea61fa0428380d654,8,5-8
7abedc34a15b3ba5f9cca9ab0999ffcce8c06391,6,5-8
17fefbc551fa5b27365f62607a06952cbc561571,5,5-8
086ff23db6646100d67390feca830afbcf4cb726,5,5-8
cf95acbd7e263013ecb2b95044fc8a532e2f8e1c,6,5-8
93135dcfca5169f847b5add0362de4e48600829d,6,5-8
f0223a0e416d2ad1c908535fd5be11055d13bf08,6,5-8
5f45d7616c59638444968acb13935f1f9981fb59,7,5-8
e0d5d8373e6b57fac448ae202173338152a4e1ef,8,5-8
28533dde3a9b40ac722ab238a0acea17b2915015,5,5-8
5c5f5c11c6a646a72e0f03662f243a960ee89994,6,5-8
ec9c0976342c9d3e708441c8f74e16f7bd3f7331,7,5-8
1a49a9f2cb3a779c9b5e060d48de8768c9eb3551,8,5-8
0019dead5d8d68d45ca0a8b63f36d9d9af46ec8e,8,5-8
44d1da1ba79e17b8e36a503164770304690e4481,6,5-8
3bd02943ae62c4985a3aa6c33389cdcdde7d0272,7,5-8
4048d6d8831162b2fb25d3418d75a64423388610,8,5-8
57d040decff1d8fadf907a626953b544664646db,6,5-8
e1cf94ba7d8e4f6bdd6c8e90e1ea7c247e5b6196,6,5-8
fb92150cdd5b1449a62180ea34c77111758d5605,5,5-8
37365daa9763f9aa9bfd69d7903c33c1ca2cf4af,7,5-8
5fda0e7d8f9e8403ede7c8439508665455ba6756,5,5-8
8247c2169498c843dce117798ef2c1a34b9018fc,6,5-8
fd1eb65cbc82b55ac18c7058447fe6687d791a36,7,5-8
138f19c52ea5dc2209d0789b9fa94ce4340dd66f,5,5-8
0a63b5f3c739b272c3db056d838f0f05f0bb072e,7,5-8
b863a0fd67e411121abd709437c7acf46d390ce5,6,5-8
4897c1527cbb2d9f2da75dcd1450069019c5fbb7,8,5-8
06045b9b1f281e902c5c7f7ad01e243893470596,6,5-8
31fe0f6c1fda7427d762b986c7f0914e454b50f9,8,5-8
9fd73893a1e3e6a4cc726d4d94eb0f141d7bd016,6,5-8
b32a20a35597822a44e4b560c6a694362fb43139,7,5-8
362f737487a018e8af5231cfd9c08a43dd8f40a9,6,5-8
837de85f3ccd2505dde68c1caa196b00f2d48c50,5,5-8
7fa5a130f48855718e688977fab87e6215f582c7,6,5-8
f5d5561848a5ed70a4fb36b218a9219e64bfebfc,6,5-8
5065b1014b85cbaca771b72cdc860cca553c2ae4,7,5-8
96f266e43481ef6475715d11ca2f7a7037e8ee78,5,5-8
6a0b3e9067bc924d7200012ad3613a25613893f7,5,5-8
e8e06d6cf57fd6b9df9efc407ce9a75da2dd72da,8,5-8
5cf62080ba58cf6f5f2736dda61cdce049d1d553,6,5-8
3d3a526e3ec31eefca63631fc26b71385210853d,5,5-8
315ae28330d31002ac703292bfdfc9132a7aa45e,5,5-8
df033c95c311457abd93880eef19925fe00d707e,5,5-8
a7969a1cf5187a5ca95580ba060f5bc32160c8b2,6,5-8
b926fbda69d28611f42a88a405b7aa468a40cc92,5,5-8
8e43bfcedba6fc92ce603dbc8570db981ea96cf3,7,5-8
81a941014ee68c0cc93013e4e8228860c61ca2fd,7,5-8
3ebd4b0d351764d1d3d5a6d562f398353799b9c7,6,5-8
7e8a8aacd8dda8617ffa9845588e0763085e2d26,7,5-8
d1caacfed8ea8b3bbcab09b4a0d7151d0ccbfe0b,5,5-8
9cbfd8b350f9e2fb70ad76dac243e2b48a017f6e,5,5-8
80b61993ff3de5f2e4ef4e2f571431dca0072619,6,5-8
ffd68763324a85392d5c1911dfa1f4f40949ae07,6,5-8
17778ed5452c975e4ced8bafb8807ee383a6fd4b,8,5-8
fb4682a1107254b14e964c3b7ff7e23063631504,8,5-8
aacac6ea973e59a95ea752c482675815c84ed2a6,5,5-8
2449a9b4abe1162cbe7d5de727080775eb64a51b,6,5-8
ff14ed8649474f32b07b71900943893b4ab069e6,6,5-8
0105226eb067cb83e9a3877c9687bb391d13ed49,5,5-8
6ff935f66429dd106ec2e54e143eeede91266a00,8,5-8
997e39d121b8af870b30b3b8bf9adeff391f4d47,5,5-8
5148847a7960832ba95913858f8a97c369e900c7,5,5-8
8cd73cc2179c3ab53847a5cf0b30d68bac770ede,5,5-8
252663eb7b4ebb9d09eb70d7be8fea4863f31f4f,8,5-8
7fc6d421201a21447ac711f784c788056774075b,5,5-8
2185e40a507420850126342c625ecae51271b17b,5,5-8
bbe46f2a0bafb865231213d0d78ea21490cbd325,8,5-8
6fedcbe44e95bc3fe75332552f5f4c7c541f0c13,7,5-8
13cea80e23a3b9688cefd26730844a7909502817,6,5-8
c04a4675e805ac57f9dad955ba6b04995a2acc04,8,5-8
2c6fb5a7c30ea3718a2440fa8782f53f4014bb65,5,5-8
30ae278b599028c4f94ea31f9f8c264d38cac413,8,5-8
fe976b762aa403116d8d244ae6e13b969462f92e,5,5-8
3d01740204793b48b503fcd118c4c4f8b1f84f28,5,5-8
aebb439318e38f533cd6085f6310bf9ab135cf26,5,5-8
c1db118365a6de9c601316ddda6f30c6ada1d67d,6,5-8
d90897cd6f1af1053e61bfc9d1adf439ba9b3dac,5,5-8
0e3ed6e0fcdcf70bf6e09b49b5e1e39db12433ae,6,5-8
157d60f5a54e528f83ec2ec8f728e88cacbc769f,5,5-8
af02bfe376c4a6889fce39d5735d25de4a3db88f,8,5-8
b7e9c3de8458e0265d028855f24c0e1ad71e6fbb,8,5-8
321d28a2aa82f9c88d41e6b74f780ed93dbd86cd,6,5-8
3e12b65b2ecb506a4e2895e5789085528db4f379,7,5-8
6e5afe6e4741789b927016e0bed3846f83021982,6,5-8
868b0ef63cb9286d02461f870c4b637760d7a134,6,5-8
85036b820e317b11aaebb2cff98b17e650c63d04,6,5-8
6911f8fb3d7aacfa131be2b45381747db40f03dd,6,5-8
28ee90b2751c695b4681a76dd09a4debe885b268,8,5-8
69da2bb79d44c2750cf121f152c4641c762db4dd,8,5-8
f3b4fafde098f1a94d541c08bfc89e76aa4a58f9,5,5-8
f9d71219d5ce7a079ad4289e142ce180c16c8cf1,8,5-8
b7a28ec48e792b3d54bcd1592a3834c0c04a4f30,8,5-8
eb1af5f28013037e4b418fe8ce2637b758da865a,7,5-8
8bd697766d0d66fe9761cad84618cddc5ce0474f,6,5-8
a5c7fb17059ce6d24de838fc68cd5cc0bd4feccf,5,5-8
2d7e4b224da941eb52a03c36cbc11a494d60b332,5,5-8
108fab5bbe6380673afb1d79484de8e2c4fb8c81,8,5-8
0c7adcd20cd1a8c61f2ee1b6e0415e168733c1f3,8,5-8
eb00dacc6b5b57bed0edf10f844979892f1b6220,6,5-8
9258281da8995ef8efe872465a6eb1ac7738384a,6,5-8
3397e25c0189a3342e12fc6a740a08ca70adb13e,5,5-8
e307c1eb98a6ad1fcaeddb00b0f3290f1024a47a,8,5-8
98ec5626d1a1823864aa84c79c26cc560ac1f555,6,5-8
192414dc979888842904f0ce0a53832d74b98ce6,7,5-8
cf2820ff269e101a4343a8219d9efc8628e90528,7,5-8
af5068d0de4e0f6baa63e50a33bc446991dcb5b2,8,5-8
e2469c0b6a3439304357c9a628cbca51672eb3c6,7,5-8
5ee8717095c9ca9b3f520c9b7319a8240a2dec49,7,5-8
b292450ea3660c36eca0ad18a8ba9aa4763f5981,7,5-8
abf5897716d62e39704baa19b0dfbc4e9738c971,5,5-8
1ce24e8f8542d7a8af9c441f6b784a344c0be2fe,6,5-8
e234423cee6cde2625ee09bc2575e19efb1b771c,8,5-8
4ac7681ebb20e7589e4963e8c5284aeb3f6f25ac,7,5-8
4601d4d4bbf2dcd65da86a12244781d9db1b12a9,6,5-8
46ac40086ddc1d5f71f60a1950b49b9eaf3f4872,6,5-8
ad23d213f6d39ede1b04d24c8ede558e95549d46,5,5-8
9acb725b789ac18ec04dd11339a8e7a82af8dfaf,6,5-8
642a2d2497c12010c0baa26180dad6d26e1f1a57,5,5-8
4185990eb6a3549ff600e3b900c5790406cb3336,6,5-8
be202202187af032173284f790e1bf8cb8eef238,7,5-8
af54b6839fbeb469a7ee3d450330436a1ac08b9b,5,5-8
36445089f6041cfa15b04ea823e3b788212d9e4a,7,5-8
b181777e86802c79e08941ddf27e501270604cad,7,5-8
4120e76569aba94bc173669fc16bb45fdd0bd183,8,5-8
c0c18bd8c6ec48e415083ef12be1ea5944945784,7,5-8
a2a3850714f92686d05cb8fa5d6b3a3c0e5b02d5,7,5-8
5b16efcf36464f76b5c26ec84b812749b1b0faff,5,5-8
aa47e0111bbce5726107debcc4b8c60ebc0ec24e,7,5-8
7558e9c501626f6d44de2f40056f49ea018b4f7d,6,5-8
e0937a643501b7e2d28c74537bd057c5c869c4c8,8,5-8
1956ea4c76da704eb353e305d0167fa0a188ca1f,7,5-8
7778605e9afdb33e5763941dc9d7f5581a1f2a76,5,5-8
0744a58e67f683d7e9ef7755a9f8f25651278f95,5,5-8
957337c720d9b93f67dbca32959afebebf01d5d7,8,5-8
5d10b94c08c74bcd9c338d2faae708da5dd47390,8,5-8
dd6bffcf1f835a39b9c23886c6103a8167c60e98,7,5-8
fcafac8fa52f6b5a0433554b6c48e147fa1926cf,7,5-8
08523506b9b4ef685e40be402f13d7d036ad4d82,8,5-8
b22b04fb6b850aa5237f742f3459ae83e5d64662,8,5-8
a5fd27b4467e4a0970dafa5391d4b38e67e153b0,7,5-8
7acc09b8bc1d81f46550e54a38993848f95c9d93,6,5-8
50fbf652444f4ca474be47c8337b8728aeb34dd3,5,5-8
110e14bf51a7d4ace9bacf10aaa616e070caa2c0,8,5-8
f6348f608ac9d0897c060e7e6df995291407cc02,6,5-8
f642f75bfa605284d74e36f695907d9acd7f1c08,5,5-8
9fe34e4e6fa57329122e42da69ebf987cbcbe6e2,6,5-8
b4928bd8f9600f61968cb9d6c180a15a2a17dda5,8,5-8
1e16b559e43d92545c61cdc3b53d88cc4d866eed,6,5-8
17e8593b0625ff7aef7c3057d872ef82b030cc6b,5,5-8
1293406eccb1ba86638c9f2bdb721e7a7e688d53,8,5-8
f1bfd83fbc063c2c93b3eaed8dc47b157b553f4c,8,5-8
97e01ed6fd32e7ed2d5600255e4516b58bcb6323,6,5-8
29796b2e155274318f165c43250238a2b28b9b59,7,5-8
b3050fc5d5151d18f726718090214a075bc7ee5d,7,5-8
90cf3d0cc9fa2b10b8b314fd6d6b0edeaa60cbef,6,5-8
3f08d513402bdd9565759ea9dfad5438ae50df43,7,5-8
8a597a14e184aceccc86910257e742dde58c65e2,7,5-8
764b320a634965ad099abba744fb9ec90de2ecdb,6,5-8
42dcc57ba1c1935e0bf685373577996be327ff82,8,5-8
4c94bd013b83587983ea328f86ab3ea453049e9f,6,5-8
26bdb2cd468cba4515d20d69ed8c58810adc6ce5,7,5-8
90db180b7bee2b9b8cc7517a67795129e38d3ae7,8,5-8
0a59708d2f1b772cc51b2cfab4405d30761111ad,7,5-8
d7f13f35f674f913fd3ee1c5c165ea39f6a0530f,6,5-8
d1645fa89bc3d9492e87b4daec7d2a69299c1b78,7,5-8
24b9cc5b3eb8c919588aced4d425f08ea5a6ef2e,8,5-8
d60f7ac3f372d24466b878e424e6e2cf35b9093f,8,5-8
a066311fd843277ad133fb57f89890bdec08a2b8,6,5-8
256a18d0d7f637b49a6a31861b68516e452bf380,6,5-8
70ef44369d457560b512fead58661f1be6d8f745,8,5-8
1a3a40a1da28e8dac573b32623a2e072b3b05964,6,5-8
ef7b452e96a7ac377cff429d10afb6a343100ca8,7,5-8
363791e525a5b9ed35e87a804a632a1762f6b7fd,5,5-8
abac14960be757fa863866c3cdf831efac8b158e,8,5-8
5737f4cdaf693c5db976813ce36a83cbf7abaea3,5,5-8
57bc11d8e9b62f8a0e9b1f3d7e2925bdf62db2a3,5,5-8
ff313c813c7901710a431878856b39330f264061,7,5-8
e88d3e5e85d61522a2ec63abe53ff44dc9231c2d,7,5-8
22ded55eb67626d4c87a59c27a2e34550dcebbc4,8,5-8
2574cad4eb663ba36536f70270bb77e515186526,8,5-8
e6bbf05cddbf668d90ab1175a3b3838fea8cafce,7,5-8
582b411e3ef7724db345f1d8de386e1f0b239d16,6,5-8
5c2944f8488324cc0a39f4f618e1f09e8e7a24de,6,5-8
5268e7f77181d31dc1cc1ea8337a1197a318f617,6,5-8
7733138f27c3d8775bf2feb4a7f578ae2ba211fc,8,5-8
9295887cd12e49cb2cb7051d2ced4ac439f199f3,6,5-8
23a6109595e949cdb0e0bd285d4aa10f75e15f9a,8,5-8
9af4bf6286682a08318b143bc9f32dad6e5803f8,7,5-8
d3c4e0ffc176da53db1c4f6f031f15326bde6232,8,5-8
4e9dbe92bedd0def3f2265ec96855c5080e72590,5,5-8
d043e86fabdfde7a3374bc5029fa425474ecce8d,14,9-16
a9fa0e90b8fe122277287fc886a07bce883ccfd0,13,9-16
adf4e9b3acce3aa4348f202a5a6725f4b2b8664d,10,9-16
7b28bdb774e971132b7644b991bd7d9ab4a01fa5,16,9-16
db09f76c1817d8e7d9757468782e38e42c380883,13,9-16
49d10edcb35dfc7cc759388a503f2ef97ec8d21b,12,9-16
bd626259214c0ee4699a9443d8b1bd5d6d3bcf4b,11,9-16
536b90922c9942321c1b89b1da10df190de5e740,16,9-16
b76a53488a708f195b87233ea6508db5de4b55ac,11,9-16
14929c89bdedb1ab42870b2ecc6582187124ca94,11,9-16
f2b935fe98beb570b39ee5cffe36aa8956660462,14,9-16
e72320331b695839cd3714b947c1c5af5e0435ca,9,9-16
aa7609e6af96803f5eaac6d384c3dd18a18acec0,16,9-16
a060e51a8c4dd62bbe3d455a48994f0d5addc307,12,9-16
1330d924a60bc8d30c7f4a8c76148400a652243f,13,9-16
023f3740af3f9680273559d18ce27d5805eedd6f,13,9-16
f9585558ebb6f5f099304218a899bb099cb8ac5c,12,9-16
df8a71df60e4120880f7cc8630d95fc6c4dfdb17,16,9-16
3a37fade5a332d4a8b70307171bd67ee29886332,9,9-16
4ef29cb5fa4c6333da27940c52cd1aded33e4515,12,9-16
4cf5f38ce54fbf6e5b5ca14c28ed11866bb53b9c,15,9-16
31eb9e23a507047f3ee903dc25dfd71cb9b14305,12,9-16
297ba055e9907129ddfc8396600977ea27aa4467,10,9-16
c58da451e23232dcdbc0b968dcda56ca941724c5,9,9-16
e1b7aa36c9f41d37d9eedd6df45da456b86e5c50,15,9-16
6ab5a886ef3124803847be8644b8e3984e8053ce,16,9-16
f7fe866b9455f2f552c5bf047537637d52a265a3,11,9-16
de8079d28431aadee546e6cf53390550ee70e99a,11,9-16
572538f820a18952afc1cd27a799d038882d720f,14,9-16
f040dc100236cca627db7a5f545e11b05a4fd0a4,14,9-16
981b5d330426de552e91148c2a0ae057ba3f594b,11,9-16
8b3025ca535c586ea31f6da814a26c3bdda37172,15,9-16
8cdfdae91e151efa30e9f73f9eb326475e2fec3c,13,9-16
982be14305be485894923fc3de888c8877820237,16,9-16
a556d1924dc89067abdd1362575f95c0a597a307,10,9-16
3c02992c237bf3c110916c8fbf8c953d84debf1f,9,9-16
5774b9f8cfa6e25bed2c64a32231b52eb640548d,16,9-16
07000297fde4cf8cf73a8c18471ec6afb050f1e7,9,9-16
dd818106de7385c0c61e908a69987ba091062865,11,9-16
45f3a1efda2e9e26375b0c2f4b94a57d4d3280ba,9,9-16
b7107477cca65ac015a608abbe1b74c5a1afd1c5,11,9-16
f6165a890de280d5792f85cb37f7a7b41a050c06,9,9-16
6beab0fa5b771e2b063fd1cbd2f66920d39fedb0,16,9-16
23820617ececf62ed50f9544004df7c7856f187f,13,9-16
2c3e4c50c9e19d56fcf82e1931e7526a27041e06,14,9-16
41aa5120ac2017d8ab7bbba4d3936752b718ad87,11,9-16
b695dc762e8508d7685aa70db388f3784d7ef36d,11,9-16
3900d153cc1353878bc6a49364c290133a90a653,16,9-16
a29f0ef1ab4613497b3f7417f83ca2d100995cf5,14,9-16
a7e04ba7ac5abbf20eabf5ceba96038238734166,9,9-16
df886ac6dce48d80629d7c95a664b66a4aaef80e,16,9-16
b51f38dd6c8953a12ade6bede7ac46ce956d2bec,10,9-16
72ca3f4f46c884bd63d8057f9f98207d53069da1,12,9-16
32e940dc1b492e93d53cb012b6c5c8e1f2d450db,11,9-16
6d557ddfe86433c6083b5fb83b7117b15878980e,12,9-16
13b9a04d92ed62180d6e479e638df422fb5c259b,13,9-16
691a954a28af465034885b25d35ee665ac65d9f4,12,9-16
38f5cf7d53bd3e655733ec8daa79b38109e8f5ea,10,9-16
da071bf358ac6bb8ea4030fa0fd49de754a12600,9,9-16
521285b59130c8c4671bd01dba2f464841e5dd26,16,9-16
3988a02f33adaf29e79cac8567fd3a11500f8678,15,9-16
1e4a67e547e89dd641d3b0994829aaf7c7de4d8e,12,9-16
913001ac00a303cdd1f7afafe0b5002de95d038c,9,9-16
81c256efca35b20f78740e93b2f310d0d8224b21,12,9-16
470e23f81e241f4b838825c95c10fc56e077fd2e,9,9-16
1466357f8c81f3e664a4d65044a2cfcc9c5907a8,11,9-16
4298203a596cb14b47d1a1e19b8e8ba73789f51b,14,9-16
94cc5567dbc0c2ca0c405467d74f04e6b70db18d,16,9-16
88bb17891850e89e5914da9dfddd3d6d52ebf36d,9,9-16
a76d43ea8b771dde2a5a1d5d93ad4d5239cd1389,15,9-16
b39f0e977684efcebc14417dabe32e4a6abf27ee,13,9-16
ac9bc4f4ca262a904a1191c305645fad74db8f5d,15,9-16
961dab06f0df7830d3ca648876f979c3ffa6f6be,11,9-16
4059cd9a7de181d5fd8a3371897be41d483366ad,12,9-16
1225febc03c522f3df94e327bdf48a6acffad53c,14,9-16
c646cdcec4f3481cd399f3572c73f03cd8d44a32,16,9-16
8c3b8eb06d8bedb8dedafbd8bf3c45caa945850d,16,9-16
c646ba32a2d829086279afc685485563a764c4e5,14,9-16
3addb29ce259636063e59ffad5fd3eb5252a7a12,9,9-16
5776423c84f4fdfaf2f0c8b630ac8c864c6f0f91,9,9-16
ab0bd3e1d1105196b8a424d87e6ef685cb19a5c2,16,9-16
d2f5d1a67bc1b6a31b6f2a186eed0e20e90520c9,16,9-16
4c3b2f90bd9d3b195a117b2ca6e21e63bf1ba6b1,10,9-16
0799d0ce73a7183a0b3cf2d8b3bfe8e5665ed324,11,9-16
bc278c210741d5217dfe5ac0b24b9345766104df,10,9-16
e68e657c9f9504866c0450657bc9a9a109b90c04,12,9-16
98dde96dae6acd903af82b31dc41f3f313bdbc5f,10,9-16
5cabe057ac10f616595fc642f746c6e292bf6376,12,9-16
5ca97395a7f1ed409af5f624d4312dc85051dbd0,15,9-16
2b94aa68a333a5f0c5518acea4f3d5da544c3a38,11,9-16
f67dc4ddf2ef317c2ce8c249967c1d4ce821539d,11,9-16
b9de56aee8c5d7044775751e0618827f40954148,14,9-16
3baf9188494c0604b4ffcec3a656ea4ac9260ed3,11,9-16
1aac90440fbe9722ba9ee4a41b57fd20be705d85,15,9-16
08eaba9463fa82d9b3c3283f5307a35a3500e4c6,11,9-16
7da885f18447c056544a4f4fcc6c56f666061718,11,9-16
8c98d681d13c280b63d0fbd8f27f4b54e1fe0dd2,11,9-16
a4a88ebc0409aa71e615ebcaabacad97456daa94,10,9-16
bd2eb2648a8a98c948910f0456ef48eb3b0ed7d5,16,9-16
bba60f14552f1a92f073878ccc65de7458b40e49,14,9-16
43b6e0639602470a7b368d50bf31018add07b7c7,12,9-16
1a996c61af2474fa24bb8ec0a273452043a9cb31,12,9-16
3226377bf1e07c49b2823d0b7ece0b74d30013cb,14,9-16
0d748de6333efbddea42147f5d4c24fc7fe2d409,16,9-16
7d76ab5d8a59c163d9f0d220387f5a3d4062f863,10,9-16
15e546f83a15806ae5d5866905fdd36dc29e4690,11,9-16
069e7d78a989b8164de60c3de7ef84015e628b43,13,9-16
3133d674578e073ebce1480261bda4744d3b244d,11,9-16
3329ed16054c32141932b378cb8d4ca59fb0a583,9,9-16
1271242c0ba16959313b7f0084e3f1334db69d7d,13,9-16
3f31ea134ee061fee516bf50afa5543ff9f57457,15,9-16
6283ca39a8ee1aca41c4d0631c5233448aa29fbf,9,9-16
934ef6abb00949bd85f7704a5117b838666b1ba9,14,9-16
945039931e5b2f83d7b0edb659db864328a7734d,10,9-16
75cc9939957f502479871457651bd8392aa24eb4,10,9-16
8657e4c2355f3e5258c07b78270d1f1222b3a529,10,9-16
21290542133864a5785490ab09e0179fff0adf88,15,9-16
4e8a8df6664d6720994f1599512e9c37b4079ded,16,9-16
f9d5df933529acf7abefe2f00e44f8e866bf5ed0,16,9-16
6a6a126fd7fdbff985479dd273520930b3b3d4fe,9,9-16
6248f5bdb47c3ddc219c5c58f761177e288ec38a,12,9-16
0df35c8a6208a220e7fe0b8e2551e1aec54cdf28,13,9-16
3850768141a493191991b5eb3c3cfb3ac32fe775,12,9-16
82cfb15a509ca4a68dcee4d644afe5434bd0deb0,15,9-16
262a04fe02a31a83bfeda4b880b8ce23563c0df6,15,9-16
75518b51c95a5a539561de2da281c505a06ea177,13,9-16
e1f25803c7c0c50598dd07c8a190da990e53cf3c,9,9-16
ad3795765305b051dd30aba18855bcb74cf5f176,15,9-16
ca8f2fa9ea5f75d213a8f3e26342d9e05691624c,11,9-16
1ac8873a8e872a540009a98a6b9b23d16066e68f,16,9-16
a4f9c9f6c6ffc3aa7053f9d88b81490d3b1c3d63,9,9-16
b6ba756e2b28e4eb2453482453d467498e8d5a37,9,9-16
b3be960df2325b004c22a729f6433739c0cfa667,9,9-16
feb1c35549be6a3030f8ae25de104b55d3b258b9,16,9-16
8f4e76e869ee2f0eb445cd51199472bfacf31a0f,9,9-16
3b0b627e56cd33d59575dc8ec17431b9c5768c6c,11,9-16
3631583220c4ed7e516172a9b31213d31845f6c0,16,9-16
a7e3efd390df0bed99f2334a2ff7dfcf331c4eaa,12,9-16
57bee25853a5805197a4676bea81f6fe155e8222,15,9-16
da2e176150eb0225e95d4f1efa5d2e8e8f2490a4,11,9-16
b711b4656dd4cf3340f0fe4d88574d18f5afa89f,13,9-16
e33014a85e0cbcfdb0308f8bdf17643cf74c8ab8,13,9-16
70d709d171404422f5d978a557ed55e7537a67ec,16,9-16
04735dcaa30529fcb474c2a8a349cec8b37b390d,16,9-16
40d2786469563397abdbfeb653b43aadfb9b6cce,11,9-16
80fd96d381ca4558d7aa68663e241a4f24dea421,16,9-16
5fac7c8c76ff0561389d508c1a069345ee687d12,14,9-16
783a7cdd05f89ca103d5e871bb139f3a003e5e02,15,9-16
ee76ca1c7ae7369813dc1795811f758a1b33add5,9,9-16
1e1267c1c135b585dc66c9609fb51110df98c596,9,9-16
352af7c0b88c6ba89fa5b22a50c6f5178607ed95,16,9-16
610af57da237387b44d005cfa0f63153b1885454,9,9-16
75a9a8308798aa4d4966f98c1fe59c6235bf159e,16,9-16
0f2c736edba410ed2603284fca3585dd2d249a49,16,9-16
2028db413a985b39f6086b78a713ac2fbf42ee3e,10,9-16
89fbca63dc3df7f9403d4424c4fe3b6f2e9075d7,9,9-16
c18943926f81d692bafe5ca5f79bdd8d5c2ebcae,12,9-16
39f5a854147ca8bdd97a7d19336c126cefdda71a,12,9-16
da69829a8e75971dc710eb54c8098a3a72c19fa1,13,9-16
bedc09cf47a22f04b55a115ae54896d442578bf0,9,9-16
710effd7a109aa369b388f84cd2b6c7c0e7d8b1e,9,9-16
64fdb35fac79fd8c43a4c2292bb3c6982c2c281d,15,9-16
18091d6e50d13984c2ca0e40516f75028658a6e6,15,9-16
a6ae156099598262ab3123c95966abe61e9b48c2,9,9-16
feb77a97f461b0a6d40e85801bcbe26d829ef25d,9,9-16
f828643738875c5a8e74f8117cb43f227f4655dd,13,9-16
7aa0ede5ee19be946b18c89f60a83d25315d481e,11,9-16
2d79992653fc2dfedaa0477f806ccf7fcb0b42ed,14,9-16
59f38d0de4b71d68d2e69e77110b366b33abf01b,12,9-16
777ac0ae266db0bc570f968a1686f8e9d8b5c4d8,10,9-16
e053c5d1d445e55d09a312f48f1ba7204738b285,10,9-16
73f89d53dc3a96223c393537d6bf5c7ad043ac83,15,9-16
97a218ccf09fc49df17e25d6944af4ef374276aa,14,9-16
d7193545a69981b13a1aa23866a3c09173e03fcd,9,9-16
d79e7be39f35fb3f4052993571e8a6dd8b5e87bb,10,9-16
d03545a54cd9b2b675d7d9ad8cff14bd50593cf0,9,9-16
46bdfb4a32548fa0a5be47d7a05087d4814a4896,10,9-16
3b3b597024cb23c7820cdc59fa58b3535f2137df,11,9-16
42232f4e6f98a961109222004e8d77aaa2ea379c,10,9-16
425eaa6bdc2bb11c16eb8565ea8622a12895701d,12,9-16
54c0067b03e126905ec062f1504f31ed830071ce,10,9-16
9cc48c703f6e6846987abffcf9c931e6041488be,9,9-16
dd7435130278dd7ef9aeef6def67d6196577f616,9,9-16
a37d2c16ccab9ca66dd64edc6d37bb3036dab328,9,9-16
f14353357eea00f912fa5cc776633e6d5f907cae,13,9-16
30ca75629c6cf167f98d72b1c0a99c612e1a485f,11,9-16
1295f59ef7e8ba88ea95e8182facb9d5ef63833b,10,9-16
e471396f6d849f36893d679c55a60b207e1eec7c,15,9-16
f968ea7c4f7f2485be0f6952baf1ffebf0d54f11,12,9-16
8898a0706c25099bd5df8f3bf78ae83f468aeb64,14,9-16
9172e902c6d42033d1228645b5807710cacc5df2,16,9-16
6c188c6ddb648537a2ef7c678aa045a8c6fdd1a2,16,9-16
b2992ea38055ce3ce59f86db0062fe1efeedeb42,12,9-16
00bad17a4987a28e5f7cf775c7f294780cfe3a71,14,9-16
30f08e0332ded5f3b44bd7715209ceafb6f7990d,11,9-16
0c72a725543bd0fb45edd661d213a6750b2ef3a3,16,9-16
52ea28ca2bd29f3959586fcac30b3da400c001c0,13,9-16
a02299063798cf2c3d14a088523d04cace488a19,11,9-16
4b726ba28b477e6eff2b01fb0f81c55b34bba31f,11,9-16
1b428ecd12f644d125897be0816a86737e3eb21a,9,9-16
8c85edaba2d877abda5d53c8d616f5ea660b1173,14,9-16
8993feca05d846fbe2636d784cc03ff4009dd08c,12,9-16
3936353da850fc4d3404c29f9f84f9736904983c,10,9-16
ad71441252ade3e01e9591239341498f41ae5ebf,16,9-16
788031b4719d802c93239c3ebe51c14581fed3a5,14,9-16
8ac7a484b7daeb0cb75346437648aedd496539e0,10,9-16
6f4ba899667d5e13cd8dd025b7c27b8c81019804,12,9-16
1365eb2cf016399dbbd18fc43fd1fc9e46a6a411,16,9-16
673673e286ffa7a3f6bed95b00806f75646c5448,11,9-16
186a3cd8ef36a60fc1cf1bcd2aa85fddbe1bb075,12,9-16
baf5223faab53494fc24750b2e7242b1afeeb84a,12,9-16
26dcef5448314612018a56041c20df0d94ab5a56,9,9-16
9ed9081fa5ee23f616512457900809e4656600d9,9,9-16
8069bb575e42a143f7588b7d53ddf838d82580fe,12,9-16
55840823ce2bd53f77c4268e6a285904185925c6,11,9-16
30d16ce603fa315e8f7a7987d936482f8f62ec7c,14,9-16
db85a2f6c1c2ba0f852a77090fec158e238213b0,11,9-16
61f9f52a9ec6ad14417fcf3e44230d726655ef66,10,9-16
3683906534b5c74ceb96cfb04d8ee91bb8b0ae61,13,9-16
a6ef1d9faefc79161ca3807142a751e6de70e452,14,9-16
97227e51285aed3446d83dda67a4328b784e3d07,13,9-16
98a6b8cdd4672f5c0ae025ad7fbcd10bed2613e9,9,9-16
2d138d694fcd8b445c0490506dba92fb9e669e26,10,9-16
fc13321f34424ee2b253a6ae8e693e2ea76c32bd,13,9-16
f69f59f2ed8258ee6028749c2bb83f1d51e952e6,15,9-16
9890d9ec2178ae52f8ba581957c2f16c024a3705,11,9-16
1be44a15a4495bf86319a59111c6198ffacf4738,11,9-16
a4da79a66afa8fd0162e2f9b70802e0688c0ac8e,10,9-16
310157bd480b8b8e7a637fad3783d8a987f61694,12,9-16
082aed4ea5bd2e24ee7f5a9f2bbc36ba86776237,9,9-16
b63dc5291feed02d4cfd72c02ca4babadf9f51e1,9,9-16
b4212bd2960c32106779b6aadf31a23a78529148,14,9-16
9693e0305b9bda97bf5b5fe8fe263aa85d04530e,9,9-16
61c4771275947db597f2310977428cd9dcf813ae,10,9-16
7a4acbeb35b5a845389c9a2bfcf4996ea29dd147,9,9-16
a1dd3c30ffdcbbc62fbf7d914c8cb2f56f939838,12,9-16
b3c9b0c00afdcb6dc12c41fbe084ee04d9073b9f,13,9-16
65959754552ba8c6e87d634b610af989c5a87bff,15,9-16
01ed6ef81719806e3942523b9664a0179b966aad,11,9-16
c64f9d5f2307446e41ad01c2187e7a4b8d72f0e3,9,9-16
dafb929c25c896f7203e9dd3992984f326810ab2,9,9-16
4051fab6f3ad307eedad1fc8c6a2201c93083af8,9,9-16
662a0d922d552360e81d53f80a3cad877ca580fc,15,9-16
8384155618da8cecbf4d318ef79f815d330024a5,9,9-16
2fd935c28025d4d4bb46a7c3d38110058cec4a1a,13,9-16
41f0b381d014d8f6355600f1eaf0c96e737b0c04,9,9-16
fbd4c39584bf78dd0eed999e95c487d9dc86ef6b,9,9-16
8d211faa5f6606295356ac82c5b22d285af727e5,10,9-16
ee08121abbdcdbb78b69cc6f5e8851a77e940da3,12,9-16
4d5a7b668f02709b89b444d450d803fb9ae79f72,11,9-16
5faea6ade7b8706ae62c048f177a05bbead81e03,12,9-16
56b496314fca1c81057ff2e6c3d5285f2c5fe111,11,9-16
0302d40d081345f6e1fb7e9128d83616da15c897,10,9-16
732182035eaea2ec2c1396d7f98c6723374831ca,10,9-16
2a887c0ce3cce5c77fdfc98ada80feee9dee1273,13,9-16
ef19e04f085fc7f80baee09acdad306a930000a0,9,9-16
157073bba30d9c2f80c0dbf23a9f9f9441d5d397,11,9-16
7815fcfaf57ea587f71acd9061d688ae79f5633d,13,9-16
d3b90cc13550fd5267cc3d940d2b08a2e9001f4f,16,9-16
efce74d53dfdcfb70a6989adb751c656619e7967,9,9-16
71d482534fce46a18d6d0bcf74168f6d4d783227,9,9-16
d9a9b2e544741eb2f0d260380822655c7ee3ae93,15,9-16
68b092a960995fb95309360fe1aa707a0a374b1c,9,9-16
bd2e3733625c7803f93a69ac94b8b09831fe6c12,13,9-16
9054bb63e43e45a9ac35112972e8ced10a3dbd08,16,9-16
aa652b6f4be30b3fa6d297a745297fc4ec2e7b0f,12,9-16
96dfd11dcf6d45797f64ea6457d3179afc6f6d6a,11,9-16
71415c0496d4f17cde19db1da46c23d5997e2390,11,9-16
9e789dfc139f6962a8d0ae04d700348f03d9e409,16,9-16
4df9faee90576741baa04ff17eb5a4c359e705f5,9,9-16
e2b6003d2e3d7547a5544a5c1fa3322596aa1b92,13,9-16
4c8c4be80a6fc563abcd9b23a1a58c0ce73ecf1c,14,9-16
b8f91221867a8d02c70396f96537f080f48ed2d9,9,9-16
c0623fe7af31e416f9a7b622cf2dd842be257baa,12,9-16
e36d750a6cc5bf424fbe9f52ca102b3104552ca1,13,9-16
b1579b79d4d9564a580be694801a1cf250d17245,13,9-16
d068111f78ba6735475ebdcf3e96060d16b08d3c,12,9-16
02bb376e02d0ea59da1d08a2f721859c22e53041,13,9-16
6be761767aa01ce6c177fe264e823cca4cf33379,11,9-16
c99c1f151f24127394d395aa67b4a15101d0bae9,12,9-16
e98f1f815acb8d49ee8e91c7553f8adeb31c95fb,13,9-16
3a270190f1762f1a17e46b14aed646ebb85fac6e,11,9-16
68a2e67dbeba4d86932e8c561c4dbacc50c6cc6f,9,9-16
fd704e071b0ae05277fc5d22e35f154fcd712f62,14,9-16
63185e19fd8bb3c52d7e335b0a64ffcd2c320fe8,15,9-16
a9879aba3395f0bedefbcf0b0aa4f00827404899,12,9-16
54bed1bcfddde375c957a8a66cf8c765ff9e9f37,9,9-16
46ae9e59725f6861fadbbadb7fb09468ffc616b3,12,9-16
85a47b1b36f3ef3bb3ce06e9595b69b4d0288d36,14,9-16
a9683815b4017f559843770cb6a439aa7713fea6,11,9-16
a323d0751be291be08e290d8f2c2393e586dadbe,14,9-16
d2029c92c3dc65d91041751e12d1da69ba5bb8d1,16,9-16
0b1756c153f7f4473bed0d5b20368829166ff0ce,16,9-16
5d1a59e364fcbd4f90f1e08e508be6df260112fe,14,9-16
0eca43bb16a9a5aad3f869168a443d54f7831441,11,9-16
d9ae652e720e9513fabf722ef1d7b26138cbf541,9,9-16
c1662f0596f20927eecd592445b352d6c07915d6,12,9-16
41a6f5fc04caab010facd0ca6b5591e399ce6e5b,12,9-16
31dbc0a7bad49d952b26a16c864b4d900b304313,9,9-16
49a3782572b6eca82b97ded034efc2bd44fef1d9,11,9-16
3fc1a64b6ee71c2d54dbdd39cdf9d217840270af,16,9-16
5b083a9a2838e95167408d9bb8a453838a8b4d53,15,9-16
434776484afc4882abeb356bb0ee3b3d1acd5e2e,13,9-16
657f1d99583470d28d5c4c124269592854cb8c56,14,9-16
d010c723723552fba37abdb2209aa448c1889eec,10,9-16
39c81efc87b8a5d6c73b71cd378e95fb817beae4,9,9-16
a9102425590e7a603d7c10914bed8ae2caeb3e50,10,9-16
ea35ea858cea32a6629b4f342e73949567bd1300,9,9-16
03621f2611ca1d43b2e19a49fe39f8fbcd157899,13,9-16
4e6562f6fd0620f68c61da4b1e9a3a1a68678a01,13,9-16
3693bf1eed6103e3a6477b2c108dd7170d9db0eb,13,9-16
ade5e73955ba3f4e240e9b98adb3064469df33ff,11,9-16
d90b22e5eba0ce656f5b6bba701868b4780a0a2e,13,9-16
fa4ee00b865a140902a465441c5341d448aa3f36,15,9-16
c0e058c69278d71d4a92864b97b6c0d32eb30a30,14,9-16
91e573d84913955f23132cba5cdc4ea0913b8cf6,14,9-16
66a8eaa1aab458559046d486e345f10c3924c3e3,10,9-16
28fccf81f11834ec16d31f26b5ccf75a83baef7e,9,9-16
3ec8ca5f719c0cdb5d9366ef749f8997ca7e18cc,11,9-16
2655d17df6493fa8ee97dbcdf8618629bdd4fd1e,10,9-16
a3a3eaf7e9aa0b651777ee2e9b1a56b78b6d505a,14,9-16
ff154bc3377b239eb8b53ac99b59fb026a648a78,14,9-16
cf6d218c11efddbcd88b66c9e6b319c26ca5e705,9,9-16
a4aba614aa4ae629610007b0444e86ad9975f1dc,11,9-16
1f0080121460a2d32af05a50804d3022bc0b3b2e,11,9-16
3488333b2b1289b295578a9a63addef1dd6a4a95,15,9-16
0d615a8fdacbc1d99f13518b0c04473419be8f71,15,9-16
460c67e0b41f26e4d6f8bcddd1ee19322186b889,13,9-16
e986f27f1cb22507551cb027831eb917a07e82d4,16,9-16
84bfde1b05c896a6dc1fd2d38a01443a9e192def,15,9-16
b793fd91e081d7fbe066e811bd7cf87d12fa285b,9,9-16
bad54788b07a5a49faa66c8d1a15f7b4e3b9b039,13,9-16
97ccce7aa1b5b79deacb3360d77ddffed7809004,11,9-16
f9468cdf657b2c40aff5fc7561c5ed1edce5c9f0,15,9-16
1d7acf8ee0eec1527367b5d84c74e5f652b97bd9,13,9-16
b88f0cb3d753f7f38f8adbe7ad6ec1a0486c23fc,15,9-16
5635e1893419c0cd6cb4eaaa9fff0068562af768,16,9-16
c4e83f4e7c5894de131f2ef600c17e487b20ac6b,13,9-16
633bb5606cf694aa10532b9bfcd060c06e00a291,9,9-16
50503015a054368100ac4314a0f2bd6f1502ffc1,14,9-16
ad0d2233f1aa40812b18ceeceb4abdaf39f6c9f6,14,9-16
45ceb7a965c48709f19f59ac52f36a5af3679d95,10,9-16
1a1bfa925e69484c0ce7097b37117279c0d6f9b6,11,9-16
87fb3026920c3fbb0ba810de800e0d1c727cdca7,13,9-16
ff1c8a996f5122052e17d5d4b8c4b4667b699786,14,9-16
d2cf888bd2647aaa7d89ca8446307be5e1f08d89,10,9-16
1c1af0b651328e2a7958d5d5bffc324d977e2dc1,10,9-16
1ee446ea05d2a25c0534a070dc460e5b6727a9c2,12,9-16
fdeeb94f012b751001c32a2f75d76fd1588aa99d,12,9-16
cde953d9a3a9daea8b874bd2f12e2cf3c77f2083,10,9-16
a1903700c483bbc6a618a1e6ae587d88a6f3be52,13,9-16
3e5da8e3f842d5bca3c59619d5168a74a33b4f9f,9,9-16
4124f603c6bc722967f5c7c7f9aa39aa9d67d226,9,9-16
40d8d6931677d158cdf86f96b042e906037956bb,16,9-16
58ef23024d6e21bbac122653bf1ce0ba94527d7e,16,9-16
d95eaa865b28c59195b128b9c9846c144473464c,14,9-16
5b07464c64505460e5b89d52d4969ca0a6605722,11,9-16
3038bb912b2480da8539bfdc853a760cc8aa1fe4,9,9-16
6f3a01648d224a7fdc818f715c0b376fa5d1f22c,10,9-16
2bfc4bb3763cfddddd1b2107473a37ee830d59ee,9,9-16
0148ece7f112bd1feae252f489e3dd0c80cd88b3,15,9-16
e9f972ecc8e91261e0f7502683b60b7bed02335f,10,9-16
514a76e59c6c4ffc718ed5fdbdc56d0860913104,12,9-16
fd7180d077fde7e2d42af344243ee679b773991b,15,9-16
bcd825c86259217ce5d16c6670debfd5851b31a0,14,9-16
ca100c44e85c8cc3bba183ad3b99a2e2063e0333,12,9-16
2afa1aebbca1a35dfa48b26091d23a853306d3f2,15,9-16
d78ea03c96c8832bb5d30a6aba7745db65438203,11,9-16
0771a27b2f9512b23a467ac9ad301d850e8bad84,14,9-16
d299cc67c3312ef59fce719f83a7ca99502d9f9a,16,9-16
c2f25de5ce13616d0c6f5a24cfb4bb6204f40f07,14,9-16
c01001310b8a19816b5d8838d4a12d0c4fb16a24,9,9-16
99456184614ac50f46e3ab039ad40f237d5e5eab,16,9-16
9e139fadb1447a6a22d983591e47c9799d67f3f0,16,9-16
691b17c333b90229cd5a4e3081f42ccdbada6ae2,9,9-16
4c7e370a41fdb13f9b0c2ecde51a6a8a51141af8,16,9-16
e9b391a1470abe1f3b9604ee535b747ea0dfde6f,10,9-16
a161d9739ed7cc9e440852817706cda561898f4e,14,9-16
7456d2ecd37fbbac764f6b10ff7092b313986862,11,9-16
db1acfe32bb0fde156d7c3e6a14bba65469896e8,13,9-16
8728c7b6cd72eb9a0464d981d96c7d412a25f00e,12,9-16
b23efb3013ee582d799dc4f11d90f5916eead5fd,12,9-16
6b77d5296da0fbb62f12f1719b400275bc0dff67,12,9-16
9967513c5ee0208dfbfbe25e5be70da32c0fbe06,10,9-16
e76b36cd1d5be8e06ab2fc46755b893a37fe2d09,12,9-16
99a65dd22f0a6e94433e237321ec90f75f65e3c2,11,9-16
aa5f45019f39e39a5fa910f445be042a0884af95,14,9-16
09815e3ec81bd8df03214659d7ed1c24d68e3283,16,9-16
eaf2321ab354422481bcb765b058dea4bb03fff2,13,9-16
5c88993c3b68af02b51fb50ae69e6fb1e8b3646e,16,9-16
8f7b57fdbf4488a1275eb30af091f9799e4f9efc,15,9-16
9166b99ba37a10d546b8f3c49a70c71ddc54775f,9,9-16
97dfcedc3ca306e026f802a34fdbb7ee31a8e943,12,9-16
cbd699cddc2e3df75b55e2c3b8519dbcc085e563,15,9-16
1a327febc480a2539faa74f0469662173e54ce9b,10,9-16
1527a231d70ceffc3ae9ee5e5701bc23fc4a7f0f,14,9-16
9c1dd34c9db743b381cc38cb2a55748ab0aa1a89,10,9-16
9220dad2ad16e9585436e3ac0bb7a9c3df2eb0b3,9,9-16
26556c0ef7756010abbf974dfa243013cf08f253,9,9-16
2bc27de645c6c8c08fa0aeb6babc1be1cd2cfb66,9,9-16
7b5469cba11d9402ac8cff157447ea875e7f465f,10,9-16
aa5d0f2a602d7a77f36f19a6135f3531b847cfa5,16,9-16
63ccda8226c1060a9e97c36000386f2b5c158190,9,9-16
0a2d05c40bd6cd4327d9b4ece8ce8f9e4fb7b17a,10,9-16
c63c0f937fa8b0044c4b43c3d85fceb6077a64c2,15,9-16
6eccaa46ee21ad5f2cc7f7e5275e89303908e761,9,9-16
b5dadc89665aee36fcce3109f073a1133d156a00,9,9-16
b919c5868bef2ed2a86ee68a6944838875fcbbae,9,9-16
f24946b0df491c4601ec56bbc9789fa34c6d621a,11,9-16
d56fec621691e1ccae8918f1f6ff690102cb276e,14,9-16
d19eaa9f894dab9bcb058eb86fe580b7424847fc,9,9-16
9887ee622302ab639f3846124ba7eff114cd4083,12,9-16
78392982872df50e981318c47fa4b1ca020e85ca,12,9-16
74c8f618081b4618b6413e88bbbd37c5e3f7b0ad,10,9-16
8617874ac5ca98060a25cbdb5cc3860d93625c5d,14,9-16
fcfbea7b4fd9c0289c82b17de2b3e9b58ee93dd5,11,9-16
778c4bef0a8b67145bd12f203e6b6503826a06ea,14,9-16
76d0204785fbd5c1d48ba53b013c2f773e887fe8,15,9-16
562ca018fb331cb4b76091fc8df562f3f9f5ed1d,10,9-16
872f67b72513d1805d7a97f3049d286dba3529d5,12,9-16
37aac773011d292110eeff8fbe033ca75de0af2a,10,9-16
cc15e52660b3f24e88d67975db94e40ee19018f7,11,9-16
66792e81412ebec73673b665f338b80f2d7319ab,11,9-16
51db8171a71e39ef9694615cae4de13407cad2c0,13,9-16
6f8d68a91a8a893ed96f337479d2ec3630b0bb55,11,9-16
95dbc3f1b54313553ab4e3d140146578e6c7653e,13,9-16
4a7ebb9b126bbb3d495318524f1b23900f39cbc7,14,9-16
e59be635f2c935aa79f96d60d581bfa27c893ca5,13,9-16
2d679c95993ac94d26a3998cbff9071ffbc2b4e2,13,9-16
7274792d94d24bb685e27a0eba645495b1297be6,10,9-16
9ebf7c32a3938dab275c91b68ba4443b42357836,14,9-16
a3d5362f2f709288fe5d9b1209817b94e20a3ca0,16,9-16
18c09b2fadd637b9f4a3f18b58094c3371ee017d,12,9-16
2290eea68798b59bb8394566e4717a3e20f7a890,9,9-16
d0a4cae1c703e104540da74bbf9fda85f220c4f3,10,9-16
53a896b796ff56443c54c130b806af6ea01bb286,12,9-16
831906d3f3d4dc9c896141dd476dda51623a2030,15,9-16
ca742fa5e00b2aab7ef13f1604c036413903597d,9,9-16
2c5f1a7155ec796dc81cd201afa642c3f9816b16,10,9-16
082d31008fb343304a8cb5a5765d89d6d4cc76a0,13,9-16
e81f70e5a3aaed27f24a4b50aaf64c55d913970c,15,9-16
df6cf85ae0f7d9b0fa27bea99d1452ca3c58ad0d,12,9-16
b5d6804e436bb7bc2aae440657f7581220ecfcde,11,9-16
f2d219e4d7dd8c285de8c0dc161abd00d4ffbbc8,11,9-16
46fc751575cc393ae21546846d8782fdcd776861,14,9-16
8bb58cd6f4db5125bf0aa6e6652b27fa98a32542,10,9-16
2119a434bad0d41096ca4d83dd206bf05fe2de89,14,9-16
013243611edd70be51307190426da02eba1c2dd9,10,9-16
5b7e25a96455828f84db3a707ebab531b0a6f21e,9,9-16
e73c00d0dee34959e3209292acb70b0af515ef28,9,9-16
c09be44d502a425cb6c28652d3e89fff22471586,14,9-16
4051124e356b23210ad3cded7f73cfb370ed52db,10,9-16
949997a151fdde359a951afb9f42bbaa7a695d57,14,9-16
954750ab176b779e2d1b0471496a6c7f8333c642,15,9-16
88c141f16ac4fbdb26c18736e6f54d0e5ed6c190,14,9-16
3d91a2c4326e615a64f064e58529c90d6cb19b52,15,9-16
8fb5c55bd98a239504d7e3bf391a7538e70d44d1,12,9-16
0fbe668918ce53920855af64ac8208d8bb525a77,12,9-16
29b3d211ff33b68c907c232fed886eb789b12c2c,10,9-16
1679bf51111f5097445420e07b059231e033b96b,14,9-16
710cdef911d5d64ef13ab94912859d4a11618d87,13,9-16
239584e1af312585e307c707de44edbf0663dd79,9,9-16
0ad34572c5fb7817408bf45ff74ab0d597351629,10,9-16
fd15e1d6495d5b846e7840ae5166d9b0becaa09b,16,9-16
b1421a71b0bd8e7b40ddf6a1278eb88ba28ce98d,11,9-16
99acde675eb2129f71aaa0ed1938a4f32e86ee73,10,9-16
08018ea4ee14ad733751a606e5a2c5188a68952f,12,9-16
bdd40e048439430bba13bc312d05886501461919,15,9-16
f9f235a9da6bce02f25f1980df66e3d20c3e2632,11,9-16
531e43f3831c26832f2e0d39e7b9028cec21c740,9,9-16
e42dafe2ede4951410d163255636d4bd4de0d0a6,15,9-16
7aa7de8ac87b0abfda62b1d78c0ab0a05d09ff69,9,9-16
0eb5bab31578169fd1121fd2cd3318fb81774589,10,9-16
f2935e50f34f5d87830beb7a0e67177a24aae618,14,9-16
4b7c956ec4884ee6e9aa97002bc312c74ee9abb8,12,9-16
34ac1366c4eedc61ab2e8acbd1a8481cab90d8ca,10,9-16
770a5f40ed3c2c979de50dea881954e6709502c3,16,9-16
418f73dea162a2b0ba8d1cdf3618b0ae40cec5ab,11,9-16
599274cfd04a497c1be0d36cf1bf8cfb79fdb008,13,9-16
3d20a97b7f88f73093f1b59ab6eb29d38683fb0b,15,9-16
fca3de90ac973a5b8cb8f301b9c105a39f58869e,13,9-16
add5f51cf21a244c151a012240290c96acb0cd56,10,9-16
d92d95b12033ab99427b7a58bd78f019e1db4925,16,9-16
750f35bd3f70507f717048aa2a39d0f55680e401,13,9-16
956207d84d389f02863d3bff2d7192a1cf290829,10,9-16
14eaa2690b4fb9d99c9c1ae4df22ff3b1ef3cfa8,16,9-16
03b1d9d04fb307fee5c8ebd6644818932b7ad0a4,15,9-16
775b8b56817cf5630c2ef931fb8f45105d94641c,12,9-16
08e16a2ea47780293c35b685f1723475459173fb,14,9-16
e2be1f020ac664a8cbb0808572494a090e5b118f,12,9-16
05078e4ba3c58f24cc0d98b1aa0ec68c8acecd2d,16,9-16
0e969368689fc9cc8a08b3738fcc9d4b78cb8d45,16,9-16
d91f7e0b1a326bb4f6b0382ea3301653ad81fcbc,12,9-16
963714bc99a9cca7a2d3cafed6560b24c07ca4f8,11,9-16
25efc1c29c933a23493ee666882061460d6ba486,12,9-16
c97d540e768e5928fc3e642bf4e84df9cc2ff834,13,9-16
b18803acd62756b0643c95118ed26f330ddad345,15,9-16
41efc81710a3add025a9d4cbed1b3ac6aecac2ab,10,9-16
8f10ec38ed48528e542dfc3c10b2eb8fc6654070,11,9-16
1a9ac50b486b5889968cf52b410108615d238efa,12,9-16
851e5a4543413fa52d3074cb0d1d2899aa317d3b,29,17-32
79ba5dce5354153d4d63927c406beb8ef7bfe968,22,17-32
fb740dda06878de7696c58494c79dc997f1477da,26,17-32
02a90879b74cd217174213ef6b34bb3b2723bdcb,27,17-32
ef57f7d454fe7b31abf3b6c05ecf0b361e3cf06e,30,17-32
dcf809e2f383cbac211538cd1829c7f4d0742a0d,22,17-32
3c61b6d6a8d2f6ea02ff959bf904c96fa6cdb491,27,17-32
8fe8fb7aea15cd2962038050da89089b5132ee78,25,17-32
c763401f92f160cd9f98cf03c71a09161df976fe,22,17-32
b4346f3356761f666fec83979f9e6294a1126176,26,17-32
bfbbfe39e38d1828e6b495bbdcfea02a537ab85a,23,17-32
5e3e64ec568cb8fb46227c08f37d5809793539f5,20,17-32
168a30ec115b25c1a008816b18cc751a41f4c6a8,28,17-32
26bb5e0b7f5ed4485ffe9dc37d866d60e6a39f13,26,17-32
2e22735aaaa37a24e36a5a8f25b14a83ad6e2102,19,17-32
75a46d5a6969fff0066bfd5f93df82e57652b559,31,17-32
821261a6e52040c8acd2d7543fb8bb587793d0b4,17,17-32
a7834152429d0257ba51d9ea2629fc44a722a01b,31,17-32
591ee0b54760f20f70bed7cd616ce9e9180025b6,20,17-32
abc99796725ed07684dff9bbae22b17225a96cea,17,17-32
33573ba760d5b64ce5e789510b4b5d8c5793c34d,19,17-32
f7849c47c197e2dd2125a392be0a5378f0128b05,28,17-32
229ba7f95895df35fbb76b4875bb199e606aa371,29,17-32
a46719f3dfc834855d7a4cd13a80873c874215ce,22,17-32
ee71386602be234079f71e14c1394eb464f0d88a,30,17-32
7d78065f27c39d53efe6e2cc2974012f4f46ca72,24,17-32
f5eab2ec6c85b06f9c318636bebf34b98140b3f1,22,17-32
aae98843e7e4014d10058bf706bfd628d4993576,24,17-32
e86af05a541cf43b93bce3bf7bae027075b188e4,17,17-32
80fedfb327841422dc357eb0004e5728cd5e33d6,20,17-32
a3e01251f1dcc61410cc60caea700f3c4c55db1e,32,17-32
19cce1318c69ec3d4b988e418dd73d10adbcaf26,17,17-32
e4ffe01532f35b6d5170c376e01dfb83f8a4acc5,19,17-32
2b3bd299ab0d58dbd181cbc97135ada8f70d46e8,25,17-32
c788e478f5f7f285a97463e68c41a0e37bba81f7,22,17-32
8300a97955d57075e49d3487e6dad9c30d6d3ad7,25,17-32
c5b9c413ddca5cfbd3e15df166c453a07963267f,24,17-32
e3ef1ca210d981b2084c1152c1a983a98542e6f8,19,17-32
cb3c83d714beb8d627851f499592d48b20530bc9,26,17-32
40ee7b9b94c05d2ae453320ee9a2edc12755641d,19,17-32
b4e48c444aebe0a648650edc16ce936320544e66,17,17-32
dc184e1d8fa71ac971dc5ba9779bb75f4421b453,23,17-32
468eda87e3a206aa377a5f2ddf3e3580f9077a3d,29,17-32
f797d826b4db47bc9770f9652746ec901711ffa8,32,17-32
8f67073e173568800f9b97a854b6c2e71f819ed7,30,17-32
cd2a37b183d44df7c522ef142d5cf9c1ed1c31d9,23,17-32
a4cd8533477e434e0205ef6279d6a714cefa0609,31,17-32
05a14c0b73fdaa9e2cdd9ad7d0ded87ca235b10e,27,17-32
fee963685a00a9553c5a8555bf36cc44acb9db2f,20,17-32
87d88396b4b24ad6772f73a25846a4b45cb757bd,23,17-32
e324424d93f1e0e06b2c762a9993e8beca99ee7a,31,17-32
0c99efa523000d0de3111688c0c7ea3a6940478f,25,17-32
67b5f8a122b960f5b6543b4444544d62154cf0e7,27,17-32
108a5cd94817d63c1d6254a656cad8685937af4a,20,17-32
12e27134a883b3a9827d7387128d6c9ede4a0317,20,17-32
fdb97e07361c9e8717aace07a4c2594c9eb7dfa5,23,17-32
705e49276608e775f436bd4defe647b7e8c355d0,24,17-32
0ebc4a7e93059b2f4245b17d112defdf03ae8b57,17,17-32
4e8718ba818f28d46b0dd0ffcdcb977a396a2b97,20,17-32
f9f1a1fa8c18b8fc53e9482b221e39a5f945579c,20,17-32
7d62a3aad36d5021f6919be7971346e9f38248c6,19,17-32
a8d038c72aa8aeecc020a8ba27235704711999e3,29,17-32
6a9081651f18d489faad4a5afc6203de50b95c68,17,17-32
e06968c47022ce533d9228fc54bcf2c0f9f20dfd,18,17-32
584befd0edefa575eee35ca5e986f693ef464dc6,21,17-32
685947ea1287c9d4cd02b01a76ec239c0ff55542,26,17-32
0b4daf23ab201c7763d703d9787e60c8cf40a098,27,17-32
93895e445251924a2e4735cf4dad6214313d732a,20,17-32
1b024544e89e747e93f56182f99c24955359ade2,21,17-32
92f6e41b31741888f4c3fa6c5f560ec795a3fd00,30,17-32
e013ddc7afb4a4ff07978e8066bf27fe2c329cda,18,17-32
5645c3bc4a453efa5a1c5598c2a99c058c9f894a,20,17-32
c619e518d80b147fd394efe802496dca7c7dfe69,17,17-32
5bcca79834e70e6ec35a30c13b3ba3600440ea54,21,17-32
20dcdfc2d6ee401cf077401943b041d224568cd1,17,17-32
483b6c9290e1b9dce8256b84593b51cd7bad19a8,18,17-32
466e39dcb90f6ff2cd1010a511dcaaa65c4d1427,24,17-32
e29c9e8f4271b0a500e90eaa57e5f8f6b854593c,31,17-32
cf415e7d67ec7856eaa536e2bac2d3f65194ac63,24,17-32
028c6affd365a73856b8a77199bce66975b06118,28,17-32
6691ab08a47362f87c6cb8a9e7d32958a71f6d01,27,17-32
21d527bbd6bc1eedb99a3ca20a02d4d3b421716a,26,17-32
9037234ec1660903bcd88b52d0f98c89f1781e67,32,17-32
441b43ff5b74e1ecaf361d2f4984839618886349,21,17-32
c1a97b6adb5a5c98d7ad0cf6a4eaabdb549a60b8,30,17-32
dceedc80b5c5dbcd7101bb7ca4f03068c7bb274c,27,17-32
8f39154ea9a5d97c08eb1b756eab84c796ac63cc,23,17-32
316773242ede7aca1bff7f02b2bbbc8d0ade987e,31,17-32
d02e32faf1f2a3e00676335590b8413df865e1eb,29,17-32
9c701558bb38cf41e4796d57ccee318f433387d8,17,17-32
12eafd571c7ce690a17b802ac14e8cb0d76d8602,20,17-32
157fa3920304d742cfb18205366a45e5ae5a5023,22,17-32
03d4f8580a1279a74af7c8acf0dae07e9b2e358f,18,17-32
1f942106c62189279dc17fec4181652480bcc218,28,17-32
0a6cb0c6800d81a18f9691f4a56687575a9c6e00,22,17-32
d1d0e026d01e0a2c36772b90d9289b48766e7911,18,17-32
41d4000ab2bd62cd892b33b6628a7367dfa6e117,20,17-32
d089eafe8dc1edba688101218da5b2705e7ec700,25,17-32
2f38608bdf8fa5630cec632a8ecb96e5edd0ae1c,27,17-32
a725552250e253f99c621973ef37cdf8b83b082b,31,17-32
c968589bf079e3c856b95c98b59cb8fd0cbf1bf6,18,17-32
5c3372a16f6713a81ebf665c50165af17044fcbd,22,17-32
e5edbe44a1626b1a93e6264d459f481585e56dd0,32,17-32
9b48bdb3f46dd7db97153f8fa583982d5738ecc8,18,17-32
096f1f875c1c457ebc629a3100dc3378dace1c5f,27,17-32
c4fb412aef832384ac1d6c8b0b48e8e9b59bb6a8,21,17-32
ec1ae1aa12ddd6a90ce57a3c3b03b8f86ab2ac50,28,17-32
22f35ac56afc4c525616479ad1c500e88c20d956,19,17-32
04c21f9409c9853d16cb02221a4d7648c955728e,25,17-32
91982899af745544088ef04682ade3a664643a9b,20,17-32
6a2bca04b6dde55dc0b2bac776507d3379ecfd73,21,17-32
f993b855be99cc04166f78d0d5a6091f827bf95f,29,17-32
0e085b3614be78bd2e718f67c90d9ae937754a0f,31,17-32
39354b466de90c48d90fe7f1b95e067682849cd6,20,17-32
5ef0197605d3920e29e0db74396ccf3f3ab132d1,22,17-32
c281a513ad83f5e0380b93e84bd1d3041d5ed3de,20,17-32
8d7a75fb4f643523f0df6c0d1b486f23edf5081c,30,17-32
c79e3de7f4caa26a2950e0bdec079a9d7a01574a,20,17-32
194c5a5e072a1339c9f8698c46c736964c31db52,24,17-32
f018b5a5e7bd3818de0c910b68f3b10807785459,31,17-32
674fd8119644d22baad1aa1d7ff35ae672139f49,17,17-32
4b004ef8a221b08da79fcd0c0cdf5d1c47c8f56f,17,17-32
9b5b64a2d4e10b57979e7a19e18ac74f7d0638e1,22,17-32
f6b9e08ab939c3e381427aff431dcf0083ded5dd,31,17-32
5015d24108ab4ccaf171e3c0dd157c879e13435d,19,17-32
fd5ffecb5edb380cd58b64920471e98b8b80265f,30,17-32
49c4ecfd335dd8ebc11923ba92552bde4c2a3b63,29,17-32
ce770aa9bc9b3ead3af7d445451008c1495dfd30,26,17-32
48627e99e39d56bb0d925088ff6c4e8accf799bd,24,17-32
50fc9b28fe301fa3d8eb9d386e69d40322fbf9ed,28,17-32
bdaa9085f34de7979db17f4993a8b10865081def,18,17-32
7ff7feec9b9ddbe701286832e650c6a5f9eb35a8,18,17-32
84b7912655849cc2f4e1fa09d2cca61e8c27ba39,20,17-32
26277efc2d381cd72b52436f251a8678c9d2c96e,26,17-32
919e8719cf73dfc2305b169d720587889f39e2d6,20,17-32
c9eaf301b1f6a6174df5717393bf8b0a330fe75f,20,17-32
ac415407b809b4170ceba606bd7b5e20787b1d13,17,17-32
9e3438dadcf93090d4c324805c7938c4f593689a,18,17-32
9a17e66077a62a45db75946e528528dd27f2d434,19,17-32
b1e1ac37118cfc78c3ebb5dec6874bb2e9a2a602,18,17-32
c60f2527ff30befc8e2f4f738c69c85b96bf8438,29,17-32
3f5f9e426b54e793c9f1061202b1c2fc85f2b7bc,29,17-32
bb84b404ae440e8eb7838cfe84435fb87d37c322,17,17-32
8f6bc010b719a63db29b967c20ffff0a43cf985b,32,17-32
55835af4e7988cc76589b2725687c6007517cbfd,22,17-32
2409171e8ebed3352e12a87a50e6bf35960c9250,21,17-32
9d36d916b6faa48482660ddb930b0c5c4cd8f413,24,17-32
bc348b77107fe9936d2459d456c743238d627897,26,17-32
c6894e64ebc7cc8f427ef4af77c9afc021407253,18,17-32
028062e413e2296f2d303660a281029612d6b4dc,29,17-32
c97f1838c4392fe5d5da6bf630fc2d9bfc0fdc92,24,17-32
3c5e1afab13f926c4a88685592e048f4acd2bb26,20,17-32
400fd6b110f2af5a1140da47d889d830e8138de8,26,17-32
7651a266995babff57a149f9301b5cc61fb2a154,19,17-32
fd9a10159f675fb2757a257fe135193a762f69a2,19,17-32
59ddec5b93081998a1a37a9aea025ee597f14e25,24,17-32
94aa59085b2a9967e92911018c0d43aec39c171d,19,17-32
8c185a0015aed485fe21786f4994ab717a89433c,30,17-32
e512529a49f3a2cdaa18fd7b806284f6d21aafa3,20,17-32
b91b9c6678f19bc2d7eed9bb53fc9059b987e97f,22,17-32
414a42cc862380c29698591f74335842a60a8687,21,17-32
c524d358d689b3651941b674bbb1ab38dcf03944,17,17-32
b52e07de47c9f908c3a57da7e3fec18763f00685,24,17-32
c48fdbdb36e1b2024379cf6979cd92234ba73a7c,18,17-32
c84f546f41bcf40d67959e8eeba48cf9a1cbc59c,21,17-32
f7a75f7236c1487b7327492602f2082b2a2c8b9a,22,17-32
2f0206cae38d3675b44f4034c842830f8317e9de,27,17-32
a5fc7e600993f309c8bd5a5c6d0ba7ebb2ef72af,17,17-32
b049cfa3c9da169b1fa378fddccc7f28cec17e82,28,17-32
876627ab5b91a8d3229ca53ef738f0a8855f1105,30,17-32
58177a9c7a4c56116daa0d851119df1d463530fe,22,17-32
054b98144e7d06558f051c3c6c76bb26e0ec8803,20,17-32
9fd4de948e137e371f3ed1944395940f3d4bd9ac,26,17-32
2bf504fa6397dc842baf9039643159a8a2145a7b,20,17-32
b2e77f138e7471507740c8147cf94a1ed6b75be2,18,17-32
dbce45f318b0c2c59cc24513a1b3c1adeff9bdaf,20,17-32
f19ab54e0dbafe1f6d043bfb1dff061d51469e3e,30,17-32
537f97847e4dcb1014b6989eb4011aaf29bfe362,26,17-32
e065eb76505d7227517ec7f3141136ce5902c558,18,17-32
78daf5e0ce18d664ba3a5182ee27ff27b7e3a18c,17,17-32
47e4fb2f69d3c4b26b7fc7bf8138be74159da478,31,17-32
7426b0365aff92649fa5a63d23eca97630263c1a,29,17-32
c5cc3328c04b193be8288e9c58dc3931896318c8,29,17-32
23fa1287a4d31549ad07ac5d80f1cbbb34c84a00,25,17-32
bb8ed3444b22581da7bdee212fa4e497c878af75,23,17-32
47b20f7cf4a5251444a5cf821e5c31c0c417ad02,27,17-32
22abed452a407ec6659c03efa4d5f94ca54780ef,20,17-32
354046abc54d6743985fc66ddde92cc63aa31196,25,17-32
bf0329454b356a218e8915166fa8c033a20d24ea,17,17-32
7979cf403e34bf0eedcfb378757f247b3c1032a4,25,17-32
02e573583bcb1058177b34917f2f9eca7e9e52cc,26,17-32
8f45430bcd6541d5d9e88941d024960ecf4bc842,30,17-32
3ac8a65c1a403779712841e83cf68fed438b10e0,22,17-32
8594ee666131232da7b3ed8db5a7003ed3f225cb,25,17-32
1ba6ba46750abc194f3cd729da432c8a5645c5b1,25,17-32
983f2e5ab4f2ad0c325a47e04a4365bf95b95c04,17,17-32
98891648fc8829a5d202a337ef9d35aaf86b32e1,31,17-32
3ce57545deaac2401b0c98b960b9e6cbd1e391ee,26,17-32
4203ba63d8cbc9d065f28ece0bbf72fe98c27dc1,29,17-32
ec21e75a08ecf2e8c629c05db366a1969f71b6c4,31,17-32
bc00d276e2f682522fe92fddd6075cbf453b297e,20,17-32
5ebc6f36e3b8392148d91ede1f57da58701a3024,25,17-32
5364e79094c1e8fe07cfe6d4d989920a7f480ea2,26,17-32
6aa76dc19dc52ddcc79b7b31608054a5f10e9299,20,17-32
2dd98a49566cb59f15dedcfc355430ee99e317c0,19,17-32
4ad24e8d109d5fe53d9468db849df239ba4b42ab,20,17-32
18e0370324807a1552efb318fc887f2b0ac8bdd0,17,17-32
7de1bef2484b44d595d6a594fe166b023b64056b,29,17-32
41f1696411e9e18b1482d520cc0cc663120d63c4,21,17-32
64162eba496a61d27f27d9c97e551595b35f89ef,29,17-32
275401c0d811dd473c1ecc52ba45545a92e4ec3a,17,17-32
ea6bb4aeda59797eed77f193292ae8ccf11d8c8d,28,17-32
7c1a77c420804cfc8bb1653f9fa76915d529b13c,20,17-32
61ab9aa9db12a735954f04947aa42dc741bcc227,32,17-32
1fd533cd17aba624c1f76090c3c3e2811303c983,17,17-32
c71001e368195d4fe7f86c474a58b0b97668c5f6,21,17-32
427a6628dadd62b7039a1a894d3e71265e80b914,22,17-32
893e085c586360b6defd1b3982a407c9aedde695,30,17-32
4be45f365af4f8e00df22811911141b4ad3bade7,25,17-32
4a0e1b188206f61c46e9afd96f4e0db3c2655c21,20,17-32
195d4e7af713fb0737b6c731eee641b05de64ac1,27,17-32
ab3d002be5b74ca1e785363d90dd0921dce4f3b0,19,17-32
0ae354f5fe26e8e70b4687a80e55031a97beb623,27,17-32
7555a5390c4e3538179d89ccd42d732e0a7289bd,21,17-32
22d5c58ddd9a67a454b984f8664fd3c05fa44ef1,28,17-32
89cedf1bebf5b82d09effd2e05d39ced821d9b19,32,17-32
dce91bdb11c7988599ee6cdb57c8d0965df6bb82,19,17-32
3732d38e1ca7704140674c5142d151853687ed82,21,17-32
ca1a91d2f1bb366753ca1fc50c1ee8768cb5fb31,24,17-32
0f2bb721b7c61f1ed40f14a3201db526507079c0,19,17-32
dd985b4956803c296b4171439bf8443a3fda565b,23,17-32
183a0ed11021b616b00cebf627cc9e104339a87b,26,17-32
d568d04884884d0def9b963d1ebc64e4c44ca5ba,17,17-32
3199ca5d4c6141692ddb96afee43b94db6c47d61,27,17-32
96ddcb0fe90742b3bfb91f90ecaae975f3c340ea,22,17-32
137e0ec958da05ae23ed8b29866e7494cf050837,25,17-32
7efe038159d98746de3d7069aa47a82bbc31c639,23,17-32
b6bf5c45455fccee5a5b7d7dcb1acc9d4c5792a4,30,17-32
333f271de03b28e358468683458a29db97dffa5a,18,17-32
bba396ca6f56607b9652aebbdfdb83bc9fcdb86b,31,17-32
8c65c05df0efb405d7e1c6ac7150f8e3b683cccb,19,17-32
06d51b85bd8690332fe6b81faeef278e8cdd35f0,17,17-32
033607425ffc8406a79345b70580dbdcea85b44c,32,17-32
143ce7978b89bf64cd46b9772e564f77ec681080,26,17-32
4ea83494ca348ce7975ca6ce40e673459b1eadaf,28,17-32
801f0df6456b349db9581b24cb66739bebf5440b,24,17-32
ed9cf3685384fa66e90c5bf72b2bfc786692a2da,23,17-32
5aa32dc0cd443b510725dc1ff34171bad34c888b,24,17-32
3650339cbded030655bd2aab16a19e77faefbae2,18,17-32
00b6e6e2d8fe644be9b192e1e2063eac27397215,25,17-32
877f8d75d62e1381ebb51529ba8db54a82dae750,27,17-32
4801ec265a8e8ff17df7230f8426f3ad2b129b5b,29,17-32
d10082727d4f79a4607d83b600484ef4eaf1238f,21,17-32
d840c62167a9707ab9e675bec148e675b85f2008,30,17-32
c51896ff7b899287314e531954500ea4e049e132,20,17-32
18283944fd986a7ae141b9111ff0dcd99e7145ce,25,17-32
db9db914ca283b66249b7c1ef8903e3de9da3b41,29,17-32
c5cd116a1beefd410cebb42c241c58751ea3caaf,22,17-32
561cd75ce09f59eddbff46bb6230734f23661ae4,22,17-32
fbf6faf28c210bdd9321a1ba6126dea2b0aa6e0a,21,17-32
93ad0647eee2d262b9d6219bb02c29f1f804bb96,20,17-32
02e2ebbc262ad31506b8d7c938a5b369f431bae8,22,17-32
e8ca35184d35decc498a136fe5e6fd10d0c3f244,29,17-32
e856a2774aa65f1a4944c2713f955ee162d7fd21,24,17-32
8ad518941a36d77ab7ada3309d123493a095d83c,31,17-32
09e29d682258a46d29469d55e97dccff95d538bd,19,17-32
1d2bef78ae6eb8d301da1c33a2c76ebdedb330fd,21,17-32
499b97a0c0142c27ed5c2b33f80b9a60ec84426c,17,17-32
fb222919a15dd0b666332bcf83935ce686203f1d,27,17-32
273a467960cd85403a05ad777beb8dbd2cc9ae9a,31,17-32
df1c7d850991435897507c47ac38878e2bc6dfd5,23,17-32
6055e09194940effbf45b78bdac3a76a680d58b8,20,17-32
a4bcae7e14648fe04bd49e4a5f4889d4ee66b2a8,25,17-32
a88b9282885ee0f32b6266b59f2714849cb13ae5,32,17-32
a6a85211413f43a35ebc934313fbd656f8e4d3b9,27,17-32
0fce0a7f97bd1ccbc0b26f8974ef88ec87696323,23,17-32
e7305eed3e236ca995f4c3fe80072127f7d3d0fe,17,17-32
0c03bb4d20fa5ccc1c8908ac6c74b94b1e9b2c85,24,17-32
4721f1caefd5f797e6fe7720aa6c66cfad7f0f8f,25,17-32
ef831699fb3609e8f6baa8d9757a23dd5365b404,30,17-32
d50e5a6852594c43cc2a12a24779203634b891c4,28,17-32
1015c5d893dc0b5a26751e3110e6d38faf4aa840,21,17-32
918bd2e1b1f617172e864bf6cfa98df3243f2141,25,17-32
74fb74354469dad79ec1e2a230311cc3625e6021,18,17-32
042e8bc6710098a8be9ba4c9d7be2f7997048517,20,17-32
29a04c9700e9b524b5ca563fbf6e99c2233651db,30,17-32
e3ccd47f428ce7915647a6639f122f2adf871093,19,17-32
c4ee1e1ff4cd2783b42872b2c4892fbc7bbf5446,17,17-32
5c94b781e28a0a8fc1e7eea6d20d1482791af29e,20,17-32
c583802db3328340609b49da4a6aeb9fd22961e4,22,17-32
bf406daefa5e56b2f0887c4d7a43206e5f61e42d,20,17-32
2b25111d05ede7d341603534f9253c37952eb160,18,17-32
c60d668cddf3ead128caba072cdb83ffbbb8007d,30,17-32
c2b38fb4d6de92488b0b5c0f4ef4cf3dbf6a4a10,30,17-32
dab425ea82e4406f605d4d328e2eef56ecdd4321,28,17-32
7dbe63b1f36933903577378661aeefe834bb1c38,25,17-32
ada8ecda78d16c1bd1cd8a98e572423243883497,19,17-32
095ff16b699df5d359ad338696daba4b9bee4e69,20,17-32
0d89e83a7336c82f73550e0b96d9c02f8339cd91,30,17-32
b82c24994a8b1e292c10148b97e1c5d05007b1a0,30,17-32
9bce1f2070bdf39f445b2a0cd50adbe7f049262f,25,17-32
0374602b933e0bf0557a286878ca1c97f7d2d2ce,31,17-32
3e4d22e9a2e67d87da2e9d4e69cfc93d7f5f70e2,28,17-32
4a2be4ff56c7ee4943a9abc4049c80af80eab303,20,17-32
6111f1a613c83e59e915c62d16e0ca97b2108032,20,17-32
b46fc022e0383b467fb56736c7351345fe426bda,17,17-32
12bd4a2229404c625830d3d7fed4e34564cc99fd,25,17-32
d0f8449c53e902de07fb1e4d73368c122b42c1d0,29,17-32
5fb4c0c3462dabe74a26abf26c251d6b4234220b,23,17-32
2ec555c25735708978b604ea65f04d61d3ec5542,30,17-32
cc77698a6a93c683685e581fb2f8f20cf87412bd,22,17-32
a4ef8262078db3183fae6941d0438de853d20ca0,31,17-32
1dc09f29b94c2977a473575bbbae62a58c2f47fa,17,17-32
2ce2b6180489ad6b53a91106968ebea091cc332a,26,17-32
487be50154e2da793b09f2b16c9766c1a8a677bd,23,17-32
cc7bd8f16745e1762734454a1d6fef0647b886d4,19,17-32
1877b0855db0718de5ff63a818d07ca42eb4cef7,32,17-32
14b4c94bc3c8794e27d77a5a120b1e1ed0476dc2,25,17-32
3012314aa3f68b3b08eced5e519addb3bf0ca683,27,17-32
2eb0833668a6a6308ee2845ab444189a112492ae,26,17-32
b3dfe8e466b3df8ff1d12e59e785c2088a557897,26,17-32
f8e69873334a71ed6dee6348697d1f01a839f67f,20,17-32
f28ac1f2fe0840d83a4d93301dd273b47746fff8,21,17-32
da601d4e49c1d6dc25173df5a7aba631754287ef,22,17-32
875d5c61f90a34d3afe0651ca0b1035ff9f22abd,20,17-32
113dafddf9d612799343e1afda13887ae7155e9b,20,17-32
639c7b27f21ad68456d8226e69cc719ddc7d59f0,19,17-32
e77ea3b47ad2af6ac37d76b80c8502f5e82803c5,23,17-32
f0844e81272be7f9425cc36cf5dcb9ddd61c147a,24,17-32
1baba92e9cab2beb528e850964cc4b94d3605ab0,29,17-32
5a367881ac948fd2af11517a778b48e93030de0b,25,17-32
ba0bf0e5e65115ef301e1d1c7519aac90abf6e6a,19,17-32
706bfe39c9b0704efb30f18a4d028d104a859e40,25,17-32
1efe879c4f50be805e4076c596d5847bd84f7980,21,17-32
5b2e11bc670064458845754394d7c6e155b3208a,26,17-32
c99494ef9f029b485fafff8bbd0ada5cc2077a41,20,17-32
8f132650e3fa3c69c41dbcae6c7cb32987152d5b,32,17-32
48f4b2e82f806dd2e07f200c07edd4aef5bb3330,22,17-32
6ef97b9642d0ff702120e8ea9ebb7d565bb5ca05,30,17-32
03c8251550dc0178d542a339be512ba68e9731c0,19,17-32
61d2d54f4f387d516e4893351d0eac1de7f1c96c,22,17-32
949452eefef2e57acf436b49c0afe05306ceb3c9,18,17-32
2fb0cdad0c8f3862ed924bea5b4ab5ab9341bf8e,23,17-32
36a886731523f8844be397f4ee1a46a33d93cddf,17,17-32
57eb50bcce9fcc784ef515ed893bdaeefda64a41,20,17-32
ce6c76db746b7b11260353f4aa59feacc8f8fb82,23,17-32
0695c70de3290250a60239312e02799b35845db5,28,17-32
5c63e23076372e7c9ac088c72e62b78f53ebee45,27,17-32
16e05ba228be7d0a632af24adf9ffb51df385b7e,19,17-32
1268dba5ddfc3622bcd6e6cc439d452d6c6c9f57,31,17-32
b5613a7775689274922c3356b0ed399453c50898,27,17-32
972258c4c513731bed40e5b8d919e8e5a7bd0494,29,17-32
18cd323e32a9854969aad54a3312b0302c906b4c,18,17-32
85b73486d0499067d7ded002495d86a9b0eddf45,24,17-32
45d745541b019715ced56dcea5571d948e97170f,19,17-32
b08da74eddc239876057820564f8b7b976923fcd,24,17-32
f3da3f1acbca3945a6bccf039a7c12a59977eb87,24,17-32
e30fff19b1d03256a1209e609b7cabe8dbb8b2a9,19,17-32
40de24a4370cc6341ee8b468fada4a2f6aecc633,22,17-32
f75b73c5086d0740448c9d94bd968753e83bda40,24,17-32
759abc19c1b35b439e9e45ebc9531a6cdc612b96,17,17-32
32bf191f2613bb13dec55b01a147546c0078acf6,22,17-32
5f519121a42cbfec6155b02c9d2fce7071c0f242,28,17-32
e8facbbc577c4117433ac7b9deceab161089e722,26,17-32
21b17c333f4aa34ab534ee3b42fb513467f1ea5d,28,17-32
3d548fc440827c3a9d596566841dd6562c89e873,19,17-32
1f1a3bb9e596cacba7450fa85b520a25de97978e,21,17-32
20c16118838974ef06839f91e7139c508263e6fd,30,17-32
e82b49650cd9ff45d9e2ca550e1d80a18ab0f12f,17,17-32
960bee2cd606e9df7bd5619e497c166bb9d6fe51,30,17-32
f79242257a7159982bff8c06eb5149408ff58b0d,31,17-32
611c0555e6dd898f2388ecded6e5b237c9a35559,24,17-32
ce2290f39528f18829b92e474f5a6ffab35f3dfb,18,17-32
867c36b181a70017dc2035d9ab50ad1cb56d2f69,25,17-32
7cacc162d315d763650dccb2d1d753b19d7a96a4,27,17-32
374009e075ed89ecd3715ba65d7b7a01c8ea0fd1,19,17-32
01a3b14663091b5fb5d1b46cfcc6360037a25fbe,23,17-32
e2f13e1fe89f287fce9850166640bc0ee7bd08e7,21,17-32
eeb8eaa4c53368218c0ff27a162270e529dbc546,18,17-32
29321d842d46183c9cafed3b0db119b83ea98e3b,23,17-32
9fff643156f68c52e1be245109c7d77c73742ddc,26,17-32
e3884a04ef68c85fb768b85343315db858c027fb,32,17-32
79d7fecc5962cf9936e4d09047e41a94c4d6bd92,28,17-32
952bb7d88bc0947447b3f33938e92ccdd5afe164,29,17-32
cdc16f3fc3f13073a3d3a4bbf7cdc482070f9c24,22,17-32
1a88c5e45ef4a048991b415dab274438ff69bc24,19,17-32
0471dfad3b1e6f0ee88a717dceb403d56ff6f5ea,30,17-32
be87782ef4cc7adeac0b8cb3f5ffae55d1ca9830,28,17-32
4138982e6bfb6c000ea7dbcbe8cf8f2eb3661601,30,17-32
22cdcb5205b7fe89f9f035266887889590b590d0,18,17-32
5311fca72b8bd2453e365d6942254f22d62d1414,20,17-32
5936d7a82693087125cf4efe8a2b778413adba4b,17,17-32
c77be356d3f22ca03610647cbabd6263a23a2b33,27,17-32
8584cc69a3f5002e7a0199e714c3431dc21c5fb9,28,17-32
1067aa9fd6fc4f2a3af948f9b336d4517f2eef2e,22,17-32
153150397b5f83350da7276e5e42340871020ab6,18,17-32
2605317edf02ddf1c439d7ba1e67f5758e3fde41,27,17-32
b60e9f95878ac8f642d43b73c84c945e9242a9f9,17,17-32
979949ebc7503ac2de25b38879cbe2d0e85a2bcc,19,17-32
fe0ad886841cb84c604f05fdeecb77f801db56b6,18,17-32
27c1fa92ef9ef9f4883e10f68ee195b1fd849032,26,17-32
526497f84237b36e4dbe64bac5d9ece576c45032,19,17-32
9b52e10c27b3d23e92e668ce68c7c9964a9cd72d,17,17-32
5e778192e37d4915e8cd67036294ca619bf5ee31,27,17-32
41064c2ba79a1ed517a1a5950912876f17eb42e8,23,17-32
b3bd2abba98977b36ea5fb31ba3a786d85c72970,19,17-32
76fb20557af92132120abdc638041b850d720f4c,21,17-32
f64d00bad1fc8f8c7bb107e1e8e3886b0d56d1f7,24,17-32
b657a46d71908784ebe4c272bc5fd2a0398c6b3f,27,17-32
b0faef507b75a4a234502d6c75cd877b141587bf,22,17-32
78b3a043a708686e0a20c17c69551f8ffd75cd60,25,17-32
6e81445319f5cee8331b5e98b7241753d75cf941,22,17-32
0113259a908829c0a9f291effe51b4a09f22f849,23,17-32
1454656f4463136a1f16bfc2f32f26026a0fdad9,17,17-32
fc2eea043715aa26416103dcdf59cbcc8e1747e6,27,17-32
5eecdaf5a40f22dd557371239ee91aa2ffa811f1,31,17-32
cdcab52ba32f44edf4e253d5c487c5f4ce7c13dd,18,17-32
7167c30e002123223c5ea89a8a5008b362b52394,30,17-32
e8d410e42ebef6d69dbde6194f14f894de3e7e7c,19,17-32
ff3c38573d716c58183f78bebb3456e34c522b0f,22,17-32
385904739ef292bdf1761c518d867832ae5b5618,31,17-32
83c9c6d461c8dba3bae13f5b9114f52d60bd3e03,29,17-32
a77d719e368ee40b975950aab42fa1c51e9409d1,22,17-32
bf6bfa7ae7fc37bc024c1f61c25b5d762115829e,28,17-32
e6e4f6523de2c73342d973598b8573afffec4735,30,17-32
a9eaf2ef7607ae03cd77a1ee4ed2b89127af7b2a,20,17-32
eacf5daa766b41cfaa33ed68dfca1de61519d383,18,17-32
bea2fa850b6e4b88c1bef72df3a1150696743d25,28,17-32
1e1bade57ca6dbfac23634a5cb65fe2286728a70,32,17-32
2a03537d837fd56410923ee96488980319b46ce3,27,17-32
64a872437f8ce62b1970f5b91577cbe72a8b34f5,24,17-32
c39543d7fe0e5ff5d321df8e94c727c19bd5f28d,22,17-32
d371b02cbcb033d1fa60c8bd2f40c2d4a8cde0f2,23,17-32
e18005a7d41604443042ec4cb0b85dcf2942ea77,17,17-32
2f3283aaffdd54dda6bb0d717d15d0ed623b8f1a,17,17-32
ad234518484183bb3651fe0bc7dfd3937a18cb2d,20,17-32
2f695708b21e6aba83130407aaf102725b1d4931,24,17-32
cbfc3051546bb463b72ff25e773924885f3cafa5,19,17-32
eb8625ce5405a575a9e8c045979e2c0bff146d88,19,17-32
24a2a3aa5dec428957347dc34b609e7265117c04,26,17-32
8ac1b97d7d50b8d9090543869de2aaad0dedabe9,24,17-32
c0ae251583915f0909dba7ad24ab1a546b200f30,19,17-32
a8ec0ef7ceb18bf8f326f531965f98de10354cff,20,17-32
8facc7eac51caee8d958d43786ff2e5b41951ac3,28,17-32
b34b1162531706a1b7a3cb192f13f2d486949446,30,17-32
4c1e4b2add01af60006385fec17f56faea3b0f11,20,17-32
1b27c990c738500eb0e9825fec6e1417cc12fbcf,25,17-32
da5ffae2681726a60947f06804d68ffbf814e750,28,17-32
b62f10ddde289297e4041824e6a3e18814216366,30,17-32
51a5ee09d656f6b78d1903c324e9d678c3f50b23,18,17-32
34489ebb97dc78b37ea02f3de38ae17003a48146,19,17-32
285f1ce826a90d1271ca20fd97940026560b29e2,18,17-32
e41f388a4ce9d77e001f765f71e1e8136f259688,19,17-32
e1fdd360b79cc9c3842a7680c513119c10bb11f5,21,17-32
2c9ca02c4d353e25e3565225ff88260469ce818d,19,17-32
7cb66e3167bbe28735b9e314a3a56473011ea458,22,17-32
3534f365d230b01d4cba4b6d580b54b2c8bbab3d,25,17-32
96d6e811e2850fbb0f2ecef6257befbdf8e4c7d1,22,17-32
fc4300796179bcf2a6c81cce82b83aee4dec8c08,17,17-32
84151655007f42dddcc5737523227a3a5b2f0bae,18,17-32
99e0b1c5155b13c19e846df31cac771ce9cdacb5,17,17-32
235628b36b48d2a723b72986c1a40e6bf616d313,26,17-32
af5b59cb2415916d6e013c35b1c910970d7a4cbd,26,17-32
4de755337c8b07fe2afa41518b63152c4b78c4c6,19,17-32
6027486b92884f6f20f1ca553136bd727286b6af,21,17-32
1c274e84d42edf49e329dd9d3c1ce024e6acd8eb,32,17-32
05b8a956a86cb863250142718da65befcec5e0e8,29,17-32
60b3e5f1b931754372658ed9623d0a79112101aa,24,17-32
4f6bc45e6eae522ede79948ea6a13b58891a5034,18,17-32
4442163785d7dd70814496cb47f4d0e1de98670c,26,17-32
7f4eaf30bf0896f65da70c746a42c61a2437733f,22,17-32
df45d55622f1e5b38d79d9c60fe033db9fdcdc56,18,17-32
5f3f3210ba44a617a5aeed43ffc9f41428ff2b3d,21,17-32
b71718c891214626f5410de53409de162caf7037,22,17-32
df2eab8ad19609fffa6500a5fac198d3ecd29204,25,17-32
d61b7a31f547effe2d715b75ba2ef6f6008df53b,26,17-32
0f9f367b3a58f5cb15de0e29ef5f110907214908,25,17-32
3a495f2272753d90ce8e6e6d7efb00e1230ed54b,21,17-32
b438c4dcab5a03a89af1b8e0cedf54312df5994d,23,17-32
234d2833efd93c4a0ea7749ed48d6abe43228753,18,17-32
9b115ebaf0f42421da1b710cf9ede2d03cb69b75,26,17-32
77aea62b4401c0a2e22d6d0869b1c53a602e34c8,20,17-32
a03e433b590e39ec7f5edbef07a484e0d6a8511b,32,17-32
dc540c99639c0ddcd7cce1ffb6cc820a69badd16,32,17-32
fd549efdfa2cea2c942b4036c3c26254b2d3773d,20,17-32
b01ee144c75c788ee24b236f6f7a63796ad062c9,23,17-32
b841f92350920c267ce1c7547f129217656ed7ff,24,17-32
0f6ded9270a92f43f9e55edadf745eb49226f300,29,17-32
291108fa595e1ff16b2ac03d4d125a835103ba4d,23,17-32
824d40b8a43847a74b81247f8fc66d748d114484,24,17-32
368e031ce85bee93ad5bda8c0970cda76c9cf140,20,17-32
11494e7444dd6f805f91bd24338ccdb33bf7e2fa,25,17-32
f298c8d02ddad34054dafb8f3a25f5c336d8d173,18,17-32
c5fab460536f85ccb9b33dfebb4a9d6e70e16b64,18,17-32
25a8a56b960ef5fa122a635984a1d44823d1beb6,17,17-32
c3c6ea588178eac3fee5e6cb3226a9c6fbb0daff,22,17-32
2710b771c2fa81097fa9e8e22d3b219e2bdf9ba2,18,17-32
3fd85767b05052df6170067ee020b5c46e532472,19,17-32
23ab6554e1d487e721a80de157e632caf6a325c1,21,17-32
ca18b61d4db949fb2734e0f405039bd830db7648,24,17-32
a44e013a49b8f3be1beb54d445dfdcb1b1726647,50,33-64
593a0399da83d8958a1c3bf553219ccb09482771,37,33-64
beb9ee2b12500d3e9f23843c17d30ecef92507d0,55,33-64
f03a89ba477d5e3721b263804551b34999b84c04,34,33-64
ebc1d23fa6c2f013b86f83c9daac9bd1b54c6d44,61,33-64
9dc6d23ba68aeae690b37cd06e41c68426de9b23,43,33-64
f55d38d16f4b74e4dd11823f0ca9599cd4843453,63,33-64
c637fd95c02776a559dd24345baabc5cc17f651e,54,33-64
06cdfdbdbb157cbe6654ae8cad722d17d444d147,62,33-64
130a55d4a59817ffbc01540eafdbfbde0e56aaaf,46,33-64
788ede3aff00b21cc562c4f3666e9cece3fa44ca,43,33-64
798c3e2319b49c0fb98ada3193304ed2e14738af,50,33-64
213ec017d5c9f92c38f7db9c1b4aed24a96d2a97,36,33-64
da95d689d6e43acc204d378065c33b925bea16b2,50,33-64
534406075b4c03b3e2ef9f14d07e34ba105f1718,37,33-64
5f3af3ffea28de590f2bc68e57321d88ff8eca7c,44,33-64
f7d56339390c604a3644c67be1573a5d2c976bda,56,33-64
4b015e589f3461e2a066120e31acc9511d0bde79,48,33-64
635954a79926181df9331e57c7335b087f76c9c0,60,33-64
b3523e5b688977175353a6e20d080a20ece79a96,36,33-64
b33126e112f22b0ebb05fddba5d407ce9b8b76db,39,33-64
2fbc6f50f2559d351bbfcb444f049bffea9ed673,42,33-64
da91e04e5a702c3f74a6b1302c6e51320a448ff6,43,33-64
c43910a0ecbc7a6c09f144223557f9a6d165ee03,35,33-64
02a580af87bc9385f989330ae212e97db361f4e7,38,33-64
09749ed9ea4d8f2a5a4550dbe128714e62e36f04,57,33-64
60a512e295fe36af32f1e4bc059f5b19711590d1,36,33-64
ef1af50910b92ab18aa9af5aa21436a436bb635a,36,33-64
b0653b8523aa95a6d40f27c811f2472b1c22b1a9,36,33-64
33aa916f382a418f05a858e265c3634aeda2694e,43,33-64
2c75cd674dd608faee464782db5a28ccdefebc87,41,33-64
81a9e6a3cb7f6f9736fb6e502be0a21118e522b8,39,33-64
2f826dd41875a24a794ebc88cf66e0174f34c6ab,45,33-64
da6519eb560e84bbaa561501a0c07a4fb3ae73f3,48,33-64
fabba52a594e912d6f5a1c8a98467909e4852aa0,51,33-64
a76e8459afbfdf8586f252ef87beb94be3e00a7a,33,33-64
ab52a7b5856f55e69272cb622b2ee210925824bd,39,33-64
d004c086882c1bdc0c54762a4a60c975a35ff50d,41,33-64
cf60158611719d4b5bdc162d0e8d4f2d7fa1beca,53,33-64
e60c4748033206a54d5aa56ad95b625acffb1cd8,46,33-64
5a329fa6f74269e05157e74499381cc07ea07c8f,45,33-64
bda0a9d1d6077ff51b379733d8d38d69e893f8a9,38,33-64
6db14c85f634890543bdcfeb284e1a0088a0a803,44,33-64
c96289d0721a95af4bd936db45084a2a00d2fb2d,33,33-64
8cc2e182e917e6c99062ab6ded341c8954076d08,39,33-64
079d3fbacc0559e6a129b132fb4968881dd4777a,45,33-64
817c521ba7278d2ac0ca635bbb9dc314a3aecf8b,40,33-64
e2d1be15187822eb355bb52e2d0f3555d5f08ec9,40,33-64
838ee7f6c2034b707ec773b85c1f649e072c86e6,38,33-64
8f78f1a54ad8281968bfc8d2ddf1f9dc1047fa51,39,33-64
8237d5b847a6640797562ca4990fc4683fec3a77,33,33-64
a3310a761d1332a9d32025c13e428fc789400335,51,33-64
4d6471382d19899283c905ce93b33946a25fe265,34,33-64
0d2c5ef0c7e662cc0acde6ab54e24b832ac24086,34,33-64
03b48b6e54f36766c0d4a6ae98d1950eba11876c,37,33-64
2104a68194fc89d2c5dd6b7db1d657d299c26283,61,33-64
2ec57099954f4ce6992d43ae6c3e2f32fce6a7ad,45,33-64
498fdad392e66b5597f72b7e453c62e09eb37bc0,39,33-64
63b0d95f447fb2061ace41881623b3ec48eb6a3a,52,33-64
16b05a51217a26c6aacb93ee3f42062113620db6,34,33-64
b48517a439c32b5324fcb0e6f22660150a4aac88,46,33-64
6f6ecb632d1a1ffa1c5c19d0848bdaa43fe68371,53,33-64
28b152acb7193cfc2e95aa96627e8358be1ee4c3,43,33-64
68889f6a64106dde009bd5af54b1761779c20454,39,33-64
1a7985bece863d9bfbd67c3199c6f5c89f21283e,41,33-64
05ed82ad7af446f631c8b2404ebfe36aa42e0f32,49,33-64
55bb8fa9a77d25ee86ec82433d0eccfd8845808a,56,33-64
e6357d7a59b1775d294e76a9f8e594b4ba32533a,51,33-64
db46103f299912c9d32bec5e7dbe9f8d5121d319,48,33-64
d2d0defb54bb5a696bf1e108ea36300fc9d31882,59,33-64
b56b667c9c71862a2709414b95be6529e76ca24d,36,33-64
0c92b38338152029202b8460ec74f4a88087eb2a,46,33-64
dd0b8c247adda6e89253fff1c59eb7234995f2b3,34,33-64
70039d8199aef8ed92f18d1030cb3507fad2df6b,39,33-64
a7cbce5753f51c21dc1b54b1700229392bf2699f,34,33-64
ea3fec186d3676c08e5f5a7892c8787ff8040ae6,37,33-64
1a8c9c9a6a4a17a329378e4644d5dd4c2296dbdb,34,33-64
7d83d00ef87092532da0d3447fa72d4f57a13264,55,33-64
1b698f2fb8a3a17ac030259f496cd3c9c58c2c83,33,33-64
ad4f495d74b2e8618467d5188fae8e0a595aab7e,60,33-64
f328cec2082cb5dbee1c22e4316d959faa634b78,49,33-64
b159f9ac099bd16d4ca6e84a1cbb4c65e3e3a974,36,33-64
53a6f75e4be566ffd3fbabe0d200fbf88ad39d47,37,33-64
edc4d3f7c930184b4189d0341702191f5d0d2237,57,33-64
ca2eca5b117a6b6c9bc4be88e08e34caca9fa01b,54,33-64
633efb274ca674438db216ca07bdc49e2fcd6f3b,54,33-64
5b896fb79e499ada86e07ce7ebfb40edc67a163f,36,33-64
20d7cc8f623ccf69ff66457e20332b8973465064,37,33-64
cf12e63ecb4a818dbbf7de8b7162cbd7d98fdf53,47,33-64
982e19a238750e6af791fce40133d5cb73e6725f,43,33-64
7ccf790c2bfa159f2746f90dcf3a77d455e272d3,46,33-64
b7cb57fe48512a64b2d6fcae138d2df297c499e4,62,33-64
825a249dc52798441e41e402f1910afc290b8906,46,33-64
e154ea62d6e7ce8f64e40961b5d947b8053fc324,55,33-64
e8216d2d10dc19df10576f957edc48af416d4643,56,33-64
252019e62bc416e6e9a571a0099550d1beac7c87,33,33-64
2a511315d8b490c673b4d7f8a5a4889ca55519ba,48,33-64
4632b60a0d6c6c66524f470295c9c06a77621c1c,57,33-64
26e5da08d49e2f239907da5ef04435f800362a9a,51,33-64
b213f4e736b41666e1357366083a596a6bcdcd75,33,33-64
95129f1f025b91aff24691c719031a14c21e2677,43,33-64
f1b6989b2f127b0ff4e7f627be3178455af34761,44,33-64
11530db62766e30dcad47a9f081e2ceb5202c8ab,51,33-64
376f2a54ac84deb249168a77d43dd589b0c02727,39,33-64
6555afe461f9a7a85504a75ffc0eb761e5150d53,43,33-64
2808acc6e60363066ea77da0376cb09748df03f6,46,33-64
085d1143fd19ce713c838d85b8c4ab18f938a88a,38,33-64
a4dace22e164d7f9fcd5f05e79dc22525ffec6e0,60,33-64
e55206ab5915983943aa9444ee7044649722bce1,33,33-64
8be3e56c519a840b2fa6c5230cea5ffae312fa2e,54,33-64
3ece32c23452fc5cdf1369919bbece8bf16d6218,57,33-64
043d8d70e02652aa52c56190933a73bc5c1263d3,33,33-64
a8f23822e4cfdb8f362a75b53c3a2a8a66cd6a7d,44,33-64
930694b6e8fdfc1198bb255912b176f514889f15,34,33-64
fbb5ef09c989599ad46cfba41238be930fcce699,60,33-64
1252b9bb30c6fdb637046c3d39e1fe4b6ebd6fc0,33,33-64
e19c31259747ad18c5e3c06db7db2027ca922a3c,45,33-64
33ceed9062c20e5b8e11bd61fd09f9caba26020d,40,33-64
9fc5b098f59efe870f712eadb722d4c41f4e2d94,56,33-64
32169111d4514f66f63f7b00b12b31f28dceb045,63,33-64
29a6868bb8bea226fa9ee985c5511d65f68a1bd3,46,33-64
8f7eb44d7052e5d32a0702c8d773c73cf5bc05aa,36,33-64
3e108ef7ca8a53aab6c5e8776a284095c2236785,41,33-64
e47ac38a85fd7a4d3efa770ea88715c81eedff76,35,33-64
1620c213bc449b5185b05fffe32155d2a9ccb9ff,60,33-64
d150793c8da6f99c9d5a31846c361e7e0af87972,62,33-64
6b7aa3e478bbd5036a3b4c14d06443fcb8492ffe,58,33-64
98c6bae1c417a1b603b810c3e27b659219715ce0,60,33-64
bb10f776aa6ed85798140d4b363f6f2fdebfa436,38,33-64
473dac3fde2c07d29260c60376a4963bb17eedeb,39,33-64
3752b14a794f3ddd425f484814a157ebbee6ff92,51,33-64
d3c0864ea9e6efe919ce8461bf23a332f47b9c21,46,33-64
62a05159c157a6043012a9e7dc67df38a2705356,47,33-64
e18831417ce7ee5154a70fa9c25c0e919c3438b6,37,33-64
a295c5ab4545b9de49e1296e8ea5b644613e9a5b,62,33-64
9750e4e09e4e8210f5fadfd2e38eda47c1916b34,35,33-64
647619e4d6f3df8887f646240324b1f9d0a0dcbc,33,33-64
e3f25d28a3be5c3cbb054ac3dfeaa9890c4b2a91,45,33-64
9b930f4c95f0473a81cc802a7a60819887c53ca7,64,33-64
2d5c6c3fa420abbb5f5388b6b951b727a1cb398f,37,33-64
2759b0da1eedf66066efd0f491fe0deb06a752b6,50,33-64
5ff33a36ff99343ac0baec1f7e4ee410498985ea,53,33-64
a5f742959754f6b1fc9a51d21587419d2016396e,35,33-64
2bd7f50151e3ed60145b9df2e842946bd4255344,36,33-64
544aa76aa8e1a680c528485cf4b92b9d72de117c,49,33-64
bb6cada5b050b0691ed21a2393db383acc4ed042,57,33-64
673d9967fa6ac02d43a2dc88914ce831e8619c97,42,33-64
663ece180eb075d3fd9545fbd1d175a6204fde83,52,33-64
4cd89eff71d96147973723f025f6bd43662a0e8c,54,33-64
8629fbbdbdcf4bdc55321caa5a12030be51fff0e,41,33-64
9b59b0a6a8940be3c210e65325cb1537ea1eff22,45,33-64
a28a790aa73e68eb51f7789526b56713b61be748,36,33-64
c0b24304d453ae856475fb15dd32056655b1d4b8,35,33-64
535a61980d2445bd160a47d1cb381662df2baa9f,57,33-64
299088d537d75602e05cc05c0c889fe8c13ff3a8,57,33-64
876f7b00cb6d534ac5358b2058826f991db4eb7c,46,33-64
e86ba5d3d92db8ddf19cd87bda90c632694e1de6,33,33-64
86fa39f57bbdd2ba42ef77ee8d9f0ea3bdbb6e61,55,33-64
9c388fcaacbafbd665c08ee3c409a3b2ced1b68d,45,33-64
c484d04da2d5ff10a7af8546280b7330406e9d5c,63,33-64
2e633b6ad76899bf6f46c2169a0aaca5884e11d4,34,33-64
a0d4aca2c657c4bae0e46adb2317bf798730675f,60,33-64
01090ec43517cbd4fc9f76dc5442321f52fc34f6,47,33-64
10b62ccd95b3de6f47840cefc36a18238b6cf823,55,33-64
39b07f3e329983a5b1503809e0cc66dd6face5d6,45,33-64
9f7208007978ba1defcb17555583883e44e51b63,61,33-64
7f978fc0b9bb2e16d9d199e60d9f051ead951410,59,33-64
e0b77fff66dd3dd1807af9f25f43a8a58313d76e,49,33-64
9a95d8396d919ab63bf6ea4aae3cf1733d2bfe71,34,33-64
de8843b8d757d25aa7f1e3809c9ac2183d7ee567,48,33-64
974dc397564c6c20ddaf29c773f2bc66b097a658,45,33-64
822ae4368f5deab6a3b439e3125e82e7cab02fe9,41,33-64
24a8770fc3028e125a976add802ff1dca9410120,33,33-64
9585afe95d3c318cd27780ba5d33e1d8f6958a1e,51,33-64
298fa535f0348c73933b0b55cbe24d4d3f3471cb,62,33-64
25ca959f0290565dfb825f5255dac723c5c5deaa,50,33-64
91116f43ea8b09c6efa7f8150e45b173364ce1b4,42,33-64
888cb9fbdadfb9f9affc9065efd5a705424a0629,62,33-64
72c7c776ae710bffddf20054d4aa6cc744aeb5d8,45,33-64
50ea826f4d9cc604e0d21b53f68c64b02489b653,57,33-64
1dbadc1904f21046d3f3cd575bd408bd44f5b20f,60,33-64
5a52d46f8ee8544c561aaf0151dcedd3deaca11d,55,33-64
a1820b62fabeb1ed4fd8d8672295cc0248a99fff,35,33-64
08e45bca2325f6c20f672988c07bce6c9a6b4df3,36,33-64
488d4ef09892e06f40ac88220bfacba97f2830c7,56,33-64
4277d473802a448b0d510068619c6a2fb1b82fff,42,33-64
aff0e30c05d0cd429cddd5892626828050dcb900,36,33-64
51c24c29c027169d57beed962bc6a92481dd04ab,41,33-64
f13d7d04f0e582c5939f8c098c7e83001530566d,63,33-64
82aee9145172c379a843c7456ef400ff2bc35371,55,33-64
74fd8c1850f5b1d91ff5d5172dda6b0f8e4efdcd,37,33-64
001f1dbe6f48df2856957341218520581255c5ca,35,33-64
f62ce130733b80311a25bf77f0ee256a6f2bc638,41,33-64
10322854844bb6773a45a26f17885a9da349bcb7,54,33-64
e6f4943b3391bb9478da0b30f86b27db4b666fc1,51,33-64
df4e8fa3d6560567e5ef42ea4011567aedc7fb66,41,33-64
429a9312470a4497be882c5a5e6df5af87983d6a,59,33-64
04c94c62eb7e8e84f076612db5fd62015a3e933b,36,33-64
0ab2644a6bb3d056609d5fc1395967a571112ee1,39,33-64
e4dbdfedd1a94d145f3973df2680b657f95f08b9,55,33-64
d1f6fa1b28cddd17f49756dab0665fe4548e9981,42,33-64
484d92a2d330d8643da3c2e47dc1c76e05f4ca5f,57,33-64
b13d3b0da1eafe4335d9d4e02abe6e5bde4fba32,37,33-64
7a90ad0fbe78193a727daf3766a982cf078caf94,48,33-64
62e1f193b514d7bfcd8bf38baed44ce6ecdf6de9,46,33-64
1e8923e2b2f9c0333900fdb6beac63dfe8e5d461,35,33-64
75d47962878d9635731b34b751cf2a09a02f3e74,46,33-64
42d60306d1f5193077fe84c7ee0fc1e703c4f695,43,33-64
0f4a09e9ddc33d846b208bc95f3936da3cbb58ed,60,33-64
ab274853a4efdf38f0fd4b7b442e2e82872d3b65,40,33-64
628a6a82314b76a12d1915fb4c8333ff13165541,40,33-64
77a6d8229fe0d97277102850cc875db593d86261,40,33-64
7e27a655a0410ef78f9e99da21df83ecc79b07c5,42,33-64
326ab8b45369aa58f03abc48250b3426b093fac4,55,33-64
c80d6fd36b4bf41273eecd989401bf84dafe24b3,41,33-64
6643da647a5a8a19432996ada14172dfa654cc01,35,33-64
38c6527801cd825b27ab59690caa3c95f770c22c,48,33-64
de8372f742651c21dd7d0d3f1bf76d1e346834c7,57,33-64
4ffeda8e45c845651fe85cef407fa67a00195b42,41,33-64
2003fb38c65728d4b1e428aca810caf95b32dac5,44,33-64
768a09609e0e6cc5ec454ce9feb815a3978d56d8,42,33-64
5aaabaac25cb1ccd19f85112f0bbb647599d15e3,35,33-64
0573e3f24ad7b6e83c7354bf4c2c6a2f3df6d651,43,33-64
d890f4b63d40de62824070fab271ff77bc4dda62,64,33-64
37b129e02a51dfabe422457fa6054486b023b340,40,33-64
92bfe14eadd21c2c7611b977ecb9ddb8b55044d7,33,33-64
013974a98c2ba26576bf98409a72f17acfb92ea3,45,33-64
bba6bdc925511c7636de45a8dcfc647a99aaeffa,35,33-64
8f83e168eb68d1fae652b354adf40b1ea792e70d,36,33-64
363dcfe76263ce5c48f57833033382fd0379263d,41,33-64
9588b3249d93a214773bc7d3ec84a884d0d1c925,33,33-64
7b9479a86eaeb64bb26e2315136cbaa64ce9edae,60,33-64
58e6649b117c63670dc10225fade6c9a6cf07b82,41,33-64
2ae21b7998f89014d61d8c56541bc496bfa7d9b7,59,33-64
610bc9e73dada4ed8e099d1a039a7742c95b0084,58,33-64
38c21383b8dc64552c935e48f1d564389e1675af,61,33-64
f2df2b13d93fbc2ddb7ab674a35f482aaed3983c,58,33-64
a13f3d6b9d1d836d222ddd75e5c4ff70cbd73638,55,33-64
603262dec6c995e7f678c7066715f8347456c60d,50,33-64
4c5263b513e83349c55dd3dd767c3fcc30968712,61,33-64
e2ccf174b6de2bf463f64e7187e841ba3c80d4bc,43,33-64
72ed1d7e67d83d1c2af3c4b284eb2c421c816f72,42,33-64
adecf7e286fe257f5fef4107397cd708626bda4a,34,33-64
49ccd1f4d406a13074839f0bc0e0c241d62d39d4,44,33-64
9adda634d486a6370c403800f6e1304bcce7a5ce,57,33-64
6e9f09c8328444432c8cad1f698df310368c8a76,35,33-64
edcbc1d0fc73ac6a6add48b0ede65f619e57c96b,44,33-64
461e27b9c5db226c842f72a61fbb42e740b8e1e1,63,33-64
eec0bea72b00f864455e6981dec78e41fd463ac6,54,33-64
a1735b9648de63f63222fb9798c2a8afb5b459bf,40,33-64
69d55bab93b82ec67f067b9c98105e9eba59b815,47,33-64
afd8ef8e63213fe74cc7e532d4c230c01188a91a,45,33-64
16755474c01b756243284e1afdd8f0e54133ad5d,42,33-64
93941fdf7ef8741c053c4f6e120e06ba913e4b4e,34,33-64
b538856ef9f2fb371735e8fa07f120a135935f90,34,33-64
1716c086ceb2e749c970cd9229f63dd703ebbde3,64,33-64
0a9d04711a29656644a1a73b6aead4433b082d41,42,33-64
5e449157c155a49797abb3b59fade861bfef4842,41,33-64
b5f068934601ca093e7566159b74e77bc8d66f80,36,33-64
3fb05dc310227e5f3d4626a5e67fb74ca4c72bea,36,33-64
9ebf0be0246a83e29aee8ba1579c8da140e141ac,59,33-64
53d6febb62270a0beff28b5ca67b5d2e2e38e750,46,33-64
674091420c0ba4ff1ce37f6bee9f0f86994fc52e,36,33-64
f86c5f9aaa3d85e7c663978126136d84287bc7c0,51,33-64
603463399d07939869cb12f78d5e04b25f08a3ce,41,33-64
d1891a9fb46b63284a3d1274c0cf07cf37a65d9c,38,33-64
81005f124da32d7c56a6d8acaa54a4447f6b7a8f,47,33-64
f785f82cabe87ed9d574c5b1f8d6f0e1725d41b1,35,33-64
530190083a84d9afda883948b50ecd0782ed12d0,57,33-64
85e2d1956faed9512a3e79ae5be73342eb48693e,58,33-64
1865f62b9b7a7893d94c20c386c95a8e40762614,57,33-64
fbd6335329ce31aba9afe0d3f9087bc5fb356dbb,52,33-64
5144daa80c19fae825ad08ebad21415225328f95,42,33-64
063d4503e422afa392d441da6f082480b0da7a98,60,33-64
67529e130caa6d51ed1a5cd0e910d89661cfc575,44,33-64
f99118fd4d8333d8b4f638faaa093693d5498d0f,38,33-64
8073da90071974eaf777b17becd77b0e7115ce2a,38,33-64
f386c267b1a8d2789b1ac2d1af680a5a1ac58dba,49,33-64
3c96956de5c19aed1899320be866cf76b09ba035,33,33-64
2878ca85759122d7ce1e718d8d77568b2e7957cd,51,33-64
b56e2b64c24cc16d75de11549909cb92343fc365,33,33-64
5fd920d84ec142b93d0df34063e1541de8ea5824,39,33-64
3ef4a7bb8fc3263d7ee13fec3877e5027db06b65,38,33-64
96f34efbac3144197cb9e2c14c2fa272015aa0e7,45,33-64
4c46199dd69131bac587930dca3863e93338a946,37,33-64
05fe977e1f95c03cead1dfbef0eb8cdc487544d4,58,33-64
4e155b0402b87c0539250e84c012aa79e3df8ebb,38,33-64
b7bec328f9689520fd6fda90fe0fac768908fdbc,58,33-64
d6b68bf5e631e8698861d7c3dcae01d9f821c9f7,36,33-64
2aedab6e169508c337a61219b8cb0ea660f865c3,58,33-64
ee077ca803c8ab8aa36c2a5534c6105f0558f04e,43,33-64
a86689360a857981eb40bf6feddb5233f9af0934,52,33-64
ea76ee41188f42f0fe208a7091e5f69529d3cc2a,54,33-64
bea856c4d6f895482822a31e03048b5f9ea971c2,57,33-64
06ffe1cfec1aecde54fa616c1441fb61f936e176,36,33-64
2c0fc9b75c62fad99cae5ae02375e22ad45e5439,36,33-64
395479ea7d884e6f39cc33dca6b00f7b7fd79bc6,37,33-64
aa9198e36506f274fb3a50bbd0c661cec627efc3,62,33-64
417b3a494df25db3e54737e9f48ba8cf35731b88,40,33-64
8f619b8fbb15ead3d815055aa5b3496ceb2d3b5e,35,33-64
53cd48b8a7cfdfd018ce55437c60ec260854662b,36,33-64
c6108a1fea91c2237141baf902fe28d729f582d5,42,33-64
4b153e58c8e27529137b5533d51d5dda8c75d014,40,33-64
abc794644050ee69b7d1c5b0e7cc266a36a7837a,64,33-64
b94ef3c834dd8d314da2603d6a9e6d33ffbfe5af,39,33-64
1ad1ad00ae2114e6f755f8f8d64832f7b3109cbf,34,33-64
bdd0a26d2981e33ac7fe5672d975e5d9ad22dd85,64,33-64
1e998497b8549bd044a120bec2a6e270f0f11ecb,50,33-64
110c75febf89751cbbcdb3fe4607b60692ff97cb,53,33-64
6a310a4bed7dcf06ac607238c4dda145795d47b2,45,33-64
60f3b5eb423a70a3251edafaf4282767a0d6c4ed,45,33-64
b2208ae9fd6ed0018342338cb4d4734948757a26,50,33-64
925fe43205374843654f8df73ab19f24124d6e70,40,33-64
68359adfee366bbed9f3a0b3ec2757df565fa357,50,33-64
721e78cfb95167e044602faaef077694e6690451,50,33-64
341c74a5a082fea0cda5bd38a3f6ca1d41fe19a4,52,33-64
0543ab21e44bdf6ca49815fa02eeb8dd4ff2a1cd,50,33-64
1647163c9dc9dfe942207e5bafc25c05dd988660,37,33-64
a9811345ac52f194051abf3a876895a90dc1da15,51,33-64
c8213a25463959d7737d0943de201bd7edf0ef6b,46,33-64
2c27455897a7ad62c210582960eba3553aeef469,47,33-64
909a606c4aa3f6f6cdb8bb8f5ce70065b9954869,58,33-64
d249b75b4e39576a9753555e4f1d0e53e3bbfada,40,33-64
290175c0657674db1347f4e9eb29ced5f4e9249f,36,33-64
f855b95e65d365e0c753f125ee38910a99aea174,42,33-64
dbe2c9382ab8073437aa158f7bd563d7639def08,44,33-64
91aa6604451ba24adf92c0985905fb48a748652b,53,33-64
83dc8b709d05125271b315dfce57efbbbab96ca3,49,33-64
a2953d0de22e8ea28208d97c50fc875907881a8f,37,33-64
f4692dcb6e659fef832920a55b8d75c052d17a19,43,33-64
856f54dcfc27dd5e8a97112c8e86de8423154f7f,33,33-64
e4aef5fd5ff36d473314f512314a782ec9182916,43,33-64
3047228b310a8c63bcc9b492d4e04b20f40dd9bb,33,33-64
73325ce40308e42007847da7958f00dd272d9a24,58,33-64
9956f13b0a6a4e004c7f461f22191b486427391b,52,33-64
8020e1478657f983df9efabb0d4f9da3c338820e,57,33-64
b7ea2d7345d502713f1fb5f0b8ff7a6ae4489419,35,33-64
a9703b168237dbc25b6617b3d8f7c573098ab465,55,33-64
48bbe74a20785aa711f2fc5cf72e10edd93916d4,39,33-64
937ff2540277368ca6dbae8b67c1e4810f1eb67f,45,33-64
db5bf4e2bbecc46dc3f646bf20e637554ecae1a6,59,33-64
65ef22111ab1dc0ed53545f03d3e24d6c8dedd00,61,33-64
6f25b44f013fd90399d165bf6a042bdb9cd0afaf,35,33-64
155634bccc74f41796faaa7cf36b9937268007a5,45,33-64
b337fb3f7c9539c682d404d2eb295af23d69d963,61,33-64
065f9c8895b492af4adbea216beb5d931a814b4a,33,33-64
102e7fdec6009f6e6a1886841cc9e786b0130672,48,33-64
3beffe3661016ed4a896de732d4f7a7edce6eb70,48,33-64
26916f9ff4132af237bb98cbe8e90597b87d0677,40,33-64
785904aeec73ced98a4039afa6dbaf7265909889,38,33-64
61879f55e3cdd894b89f44d29928b2e7903a82cf,44,33-64
2a473563abe44c37cb88d97d6934087182df8af3,33,33-64
7ea40bae3689ec220dcbc1afd0e93de59650dd44,38,33-64
af550a5416b06961d4ef62ca479a9b8b8b9831f3,55,33-64
1587323019bd09d47f95ab8a6f33e7c8ba669d62,52,33-64
952fc35746cde0c1cd097f590ccf8c2dba4324fa,61,33-64
e698079f1e38af6f85d9c59f3c7daa143a5d0b9c,59,33-64
c5abb5b38106fd133127d8e92a0043023435f84a,35,33-64
011111eef9b8a972089784d2fdd045b1cbad7b30,51,33-64
5af9b59221f5c4afef7dd7f70c43f5f58d3e2d23,57,33-64
43d88d79089007fec1486a7334dd0735d5b23dc0,54,33-64
65d2119813cc6b7e369f66ebccfe9084bdbf1cc4,62,33-64
cf4a6c83e8db88b72dead6d3f586659eb562c7f9,40,33-64
11daccf55d28bcbe04d48fecefa7d423267b9a88,59,33-64
318a798860be57289901bf72dc1c257163a27a30,57,33-64
dbde7e9634d9b127ca7be026a2514bb05ea6d6c5,42,33-64
4f5c9eeb78012333ff39081c6ed1cc6b20740f56,54,33-64
31f66f8894594ad02f499faf545f06c37a95e1e1,51,33-64
b5cd3cb17e8d5feaadf1457c461b87880dbae233,60,33-64
03a4f58c41d71cd294cd10081bcb8422bddd9998,63,33-64
1f770cb304ba97b28ac11ad558ad3386839039b5,59,33-64
67a5d840fe51abb76a0e304c7ddb467d929e9cfb,39,33-64
0fd0f18ac348ab3352eecfeb5a15fa22b6be40ca,63,33-64
bffa3d5b53451c1cc4a4825af716246367d90468,61,33-64
dbdc811b773d79d4b461c304f76cab70b10e5c9e,36,33-64
6a878e4b4e92d213a376a381957ee23adb379163,47,33-64
4f60846190f2b4c524ad30ead97329d3762bf33d,39,33-64
fbc04599c96514ef975fc1e7e2b40e06921da672,47,33-64
9c32c65cb1e118080cca9854775623fcf4963600,59,33-64
a1ea292542d17319e7f7ad9ef3ad6e7a6c110422,38,33-64
2f59bf94215b0ad2c99e625ce0022d84b57d9509,47,33-64
ed265752e1f7755c25a68810c3cb7e3249162e72,45,33-64
e5361a951ea32e12daf643eba325891041ce19f5,49,33-64
5104dff5be8b57c34e91180cc18bdbac297781ed,38,33-64
70dc8083f4a49595e20c1e8a6b3f709714d3c586,40,33-64
6300736aee8a5d66dc632ba8affe7560eeccc016,56,33-64
f716c1792bbbfdfa316eec2afd32aa5cb24db75b,50,33-64
10e66c1ce592c84998de416b06dde114a6ae2d38,39,33-64
9391fd37c941d630ece20620c59046e453a48003,42,33-64
a435b21479c456ecb341b078d34573fccd56d1f4,47,33-64
64c93a960756e04aaea8979823946e51d17c28c3,37,33-64
c2c883bc5d3f26bd5b6751d65cebe4ceedf0235e,43,33-64
3f09b233ebcde2339176d9a60ebc85d48d010240,43,33-64
d85cffd52b821f475cb69da377ef1919def6885c,37,33-64
708b48d9045d997019a9cf18f405251a87e7e4f8,33,33-64
e03c15184fec1bdf4ac61d43582ca1f4c245016e,36,33-64
34f1c4e5bdc8f6fd6e2eaaa1702613aa634fb2da,55,33-64
30a41b32d8ec4cc89bb2dff2de24229dd1c5ad14,35,33-64
723c001dc27bd75655fe8bee92ae8dadc8ee4c8a,34,33-64
9ac1c656223d6337815861d70403686b6ff567fa,43,33-64
97f7f3523005e83fc37896ff6a10f5e37e37c563,52,33-64
e19126065ad0ed90cb19bf91815888d8148a067d,55,33-64
534c21cb8f2e6990b6af901114cd9c89858a2162,55,33-64
ef381f2cc84c78b2db86ae076b6365c767b83760,53,33-64
4335fc15da3403b7811904376f8ed251fd59659b,42,33-64
97337ce226ea49d93ec76f4f17651f16b334af01,64,33-64
1b3859d401a4044637aa016c7caa4df659db08ff,36,33-64
6bbce71cd5a36a1c699f505e4567565ebff75816,43,33-64
7120ed2113e4cb1e1dc2d8b108e5da0c7f59d9d7,54,33-64
5bbec6fae1ef9c0f34a19f3f66de253d645cc4e8,51,33-64
63ff82f00213b928aa06e4794e83d5c6cff6795d,52,33-64
e48ad5219e5aed2fffb9738896af1fff33853a54,58,33-64
0154ec16644da899b34d91106a841cb542c37c3a,37,33-64
797863c998278ac718c96c1c26e4dac6cb72f303,62,33-64
b466165082dac1c9259fdf783e6eb6036d806c96,34,33-64
e8c025fe2c3d1b172f48610ea3801cfc4d5ae4af,40,33-64
cf1b52b8588199bab5329de0c52ef33d039efdd5,44,33-64
cb8a2886027321aead3169b58804c6c951253a4b,56,33-64
395cf4cb12bbc54a31cb652817d769cca90207e4,54,33-64
1f2bfc4660168c4a789aba74b60ede9a39980331,57,33-64
3612b1a58a6828888162f86df22969d3385aa297,48,33-64
a27151c0974622fe705f299f3ddd392844c56777,58,33-64
5c672ad66c10abcbaa0d30965b2c380b258dcdea,53,33-64
112829b183c22a3653e4a262fdfcd99db32bcab7,57,33-64
a6f6ba23434f7b5b0ad06576b564d26648d4c775,43,33-64
ed1240da64c91dfdfc8805d6fb28e4f8587b6100,48,33-64
3d2869d351768f021662eca4ecdecee0f610b18f,60,33-64
84658f48f04af7e8f75ba68273d29a6a89637977,51,33-64
c943114c846d135104ed37c34bd99d69e8ab355a,36,33-64
a3868da18a1c5f73c5c0ad19e3677bd4233609fb,36,33-64
0f2befe2acd8b80b2aa6ed072dfe38db445aabfd,59,33-64
923ef64dfb3a9f0ec604335ce71ffb227c1e291b,46,33-64
86755bb195bafcb7959ce33d3b9edd46613d83d0,34,33-64
c07057292daf9da02db30d8bb4a4ab93f3e603a9,37,33-64
87591bad0008292bc830746a79a7d1f842bb7d9f,36,33-64
0ce19697cfd7317a587ded7c7a6583c9da86cc2f,40,33-64
6130f327b724240b55cbf57d237fb96b4a47f33a,49,33-64
a115d8755514991ffd39a175c99a46b11fdac809,64,33-64
fd125810259e7844cea6d25c471e904d5abc3d85,34,33-64
77878a15e2e40a30ca19e68a78307a3af70c863a,34,33-64
990340edb06a821b7e1c917b0f38e54930e2c52c,33,33-64
cf623b32280cceafc8937561bce032ddc5fc6892,36,33-64
470ed9c49f0a28a6df81d2730fcf8ede4e01ad4d,34,33-64
9a8b9cb1f02b706a726b87134c544aba33bf8ce4,36,33-64
b0635f0a98f91667dd364763fc6343f086081a32,46,33-64
d3440ba5ab4198825b7a3fd1f2cdc8763790b252,62,33-64
9661b94a99e1774d6018d50fa92609fda7da9b50,47,33-64
e7a00ef0f518bd427cc321608f3aee72dd2c0152,46,33-64
94c9a9235a48f58eff72c960335a79158689aad3,41,33-64
fdb255d7b0368671bea245cd8e1f068f3795814e,60,33-64
22a6f61b1b5deb61b19286c10e73e527c3c1886d,56,33-64
8a116230549e7dfce5c786e6a2c97d54db488e58,60,33-64
7abc4523cf07b552c5c80b8a45ee6fe5dea14c36,45,33-64
c9670e51970485a562573b3c78621e8205183d46,64,33-64
a60b58139c11ba2b9e841f92b64be06bb4e48e20,63,33-64
14138709d3ca5703f6e03187e7cc53da15afdf37,38,33-64
586a22e0b675fb918c5ed18c0a19ccfb2ac57cb6,56,33-64
c5740a530d8c016fb913b698a6dc314b00d7dedf,47,33-64
d69a571da6cba70cc0a1ca27c0a06dd1a22d9bde,37,33-64
aecc00d804a9cdcab79dbe85190cca80a1468199,36,33-64
7aea089a8b16a3d29a95db5fcadc0fa60e5ef6cf,52,33-64
eb117e530c7b93b5c5e4a9fa5c064855944ff898,43,33-64
39f079f04bd963914be75f525e390533e248bc0a,35,33-64
eaf54d296bf8fc7ba9d274530ec8b059fbd29244,34,33-64
24423f2deae096b2a9f81e23bede76170663bd5c,58,33-64
7bfcd0b828bc116139aea6a93280c77de8a96637,39,33-64
7dc0d61d2848511d1dd177995353ae53bf803d4d,40,33-64
6a0ec8faa1bd7f117d3911b1bfab6755dfe069c4,44,33-64
1d9014d6a0775960823ba8a297a641e476570ffb,59,33-64
458d1984b94ea9aaa1e278893634fe45ad87c790,56,33-64
aa498c83dc72d61070d8f6255748340b8411a042,49,33-64
471cdf3939988afc5fc916fc7a46ff8609a6f455,47,33-64
da50428edc6ed4cf8e7a08247a1d8d489fc82e32,44,33-64
48b59f500c8382ad12aed3e24a4c148034ec706a,48,33-64
bb9ea0cabeabe7d4ec5f6f04ff85fd1a90ba3959,36,33-64
ce1a010ef5f5abe7634210f1527f9962c9301acb,46,33-64
ca94693ef4dff2659baccbbccec2976828c4c3bf,41,33-64
d91d8bdb4e22a170eb56115cb4f1cf6e320f639a,39,33-64
01f6bf2d0918592aea4188052dfb9327a7cdbeb7,36,33-64
bf8d625d06c5d8f0035c5c6ac219817a4cffc0d2,41,33-64
95fa9a82f6b2ca7cddbf3d2c15cf295ad0718360,38,33-64
8a3e24e6728abc167ba3f1c42df280f75a3fbd4a,49,33-64
c91a5deb503a57f51b555fb1f8fa23cc83f0eec2,46,33-64
823a061aee2ebc35700bbf9c95574ba9cea373dc,60,33-64
c6b5d392bfeda10b99d4728011b948950abd974c,34,33-64
cbb2de8a5f467859931615a544fa1ff52b7eccb0,37,33-64
7bb4d1f1f3ab099e6a4535cb354fcb29c165237a,37,33-64
a3142b5fe68e37dbeb3baf8dcddc0293e6f3eed4,46,33-64
9e86dd6953c67206bf1dc48879e1f77bfcfb9a2e,52,33-64
20b74833367f8591ae5fbd92e2f748de0063f12f,43,33-64
eeb2183367d5d1897741b295a5a2dc37659e7203,40,33-64
7707f52845234334fa2d5d1eceb603d619805e5b,34,33-64
2996cacc6b2d1a541cf3e434a99a9c0dd1bcffdd,44,33-64
fae6b799573378893ea6b06013f90ffd93d402ae,34,33-64
945ed9226057598ee9d31ace3482fdd4ae6398a4,38,33-64
8a95a13cbd84c25d2a6d5e69244e55f1abd91a6a,46,33-64
074f3a17138e4c7c021460460fc58e3b8901ba56,53,33-64
995d97c4d952a84225be8ef7b478b748e58b9fa6,33,33-64
26c70f5284bc315e941d95cb5ff5bf29ac32062c,35,33-64
443b7b7f1c30c7758d6b6ef529579317dcd9ce2c,48,33-64
04745bc0acb0de1938d9cf7bc976d62deda3f083,101,65-128
4527b14f876890de59f20248d41264084f6c29be,114,65-128
d40b35150629708fdbd973fe1ef6c75ec4d2e714,113,65-128
091d80f8c31a878dcbbfdad49ed522cd4cb66b1b,88,65-128
e4ed0c8254e1a0102d2c92fa96b6c9cb0840eb8d,100,65-128
922c187a9b3ccc1b6039386e8aa1418dc752bfb4,79,65-128
956c5710e308bcc095e2722b85da8c300a2b16b6,87,65-128
cd6b62e22f97a2bb8651c0d6a4fb0a32d0064162,84,65-128
5798dc7bcc48b7f16de4abb1b215e7d7825150dd,123,65-128
34d5d1c8eec91bf7520b2c7d8d341bffef528b3e,76,65-128
4a32b38f1c05d2510fe7d7ca7b7e8ab739e67615,70,65-128
8a882f0e32982ee0a9a29ee8c251e0b7b74a279f,71,65-128
d3ca9c8dfc6cbd6ead1c8607bbca79edf36c19b5,72,65-128
483302d58b67b8d931a1489b441612a9b04e4e13,99,65-128
75de5d1ded2c7094783b1f38077b816547762f4b,79,65-128
cba6272fd2a950144c44cddb72d328a77e4822c0,81,65-128
d5075c50196c4fb14e17d6594cd1eecae2398231,91,65-128
b685a94483e276506fd0fb818a2ce366d703a854,93,65-128
da44fea7a2371097f05ed04fc570b3ad6387a84d,118,65-128
0ff811979d15df8f2dbbb73e938ee9c0567231c7,97,65-128
4dcc32a4c44bf5ed9aae86a538f5f9884f3b9f3a,105,65-128
0d7f462328e453e0cc53906e0fd45e89f8183d85,82,65-128
d2201f9160af1f980bfc761f54d60505440b7683,102,65-128
54cd80c148af1b255fd11b88f170323d92de707f,69,65-128
57ea3bd7a78e49f0b18af9b9764718b8558994cb,83,65-128
95cd07446228b977882445dbec8b92c34bc41680,69,65-128
f42353bf88626355a4f84ed67768d693d2e47ae8,69,65-128
648a0efdd68e7875900e6de3cab2fd132ebacacb,80,65-128
386ce1564c8edd0618ff903a70f9107922f42723,70,65-128
9a81622232826902534afdc6145196fdb6c93e60,69,65-128
9477f08d12d5ab7b36df199f45d846482564da53,87,65-128
c9f04760ba31f802bc19d9cd215632bf6793dda9,101,65-128
9573e140e8fb8da075365d47d224205613ae5979,109,65-128
1c613b5db998e4504aaf86d7df1b899453818368,86,65-128
13c7560e22d1759eb87cf968f2d1a7cf22320fa6,71,65-128
016754cf2ac0841b443e18d9155b88a3d9c296dd,85,65-128
7f323384b7f7be1cfbe706a50ca6613a8e0c118e,105,65-128
7e1c201e32efaf1cf708de140bfa53149de10359,72,65-128
e695cf9bb73434b807e5c2196c9eb04028b70dd5,80,65-128
4a2b23923fe2ce1d48f8649ef3ab3504ee2031d8,95,65-128
c6a79b4e11a1f7fba0da9086a7688d7df975d76b,118,65-128
90f103358e56d8769ef88cfc6b89c921d64ce87c,66,65-128
94e0c26e6f5407a719febc310ba55ef35a9092ee,122,65-128
bc0e3e5024043be0db4bd5d3bb06603b352c15aa,65,65-128
4a6da72d8f0b6300034b496a7c21bd185a8f30cd,79,65-128
0c8a38af4cd7ba7bac45eb4402f9a0be8a544597,88,65-128
aeb3165935d77f74edac91e6da8e8afa3bf38f5a,65,65-128
220b98191866a383f2d6aac9f3b0b744f9e08962,77,65-128
3b83270af85e699165123cf356626af7ea5fbe91,100,65-128
26119d67bb937a19c5f67ff97a465d94db99b7db,75,65-128
997191db44ed725c7f441c0dccc386d8d1c50660,74,65-128
f3da992ea06ebfc4aaccca0ca0603b3389b359e4,126,65-128
d412f79b6e2cdf199375317f1458840bd56eec89,70,65-128
69625c0ee81ba21f756dbb21d8fe044ff2fc52e8,84,65-128
270239e1e0476ff0ea7ece9df4d0c71090c6003e,121,65-128
7e773f9772dc5e89c2d06360cb07f52ac3199cd6,74,65-128
d21118516a2ffe63fd550b0fe65b05f1515d9186,91,65-128
5f127ad31784fd6e6920e11231470e6d07c9156f,80,65-128
99dcce508eb52260a37e68b7f342b57c5c5002b9,124,65-128
7d781a90dc57039cea7fc67ec676beec0165d687,68,65-128
f6bad93d787de9f7f6cc2138d9b3d6943a32da24,95,65-128
2fa0922349462b885fb6959affb854eb1caa6a2b,93,65-128
6f7b53e60afb82d96dafa2ac9d9a65c9dc902ac3,95,65-128
252078ccf51b07f69061e2ff75528f1d17d386bb,73,65-128
e6ea3d7dc7e583a834de29960d964ed478650528,117,65-128
953247d14e903f582f5ff3f85cb02b690a88b39b,110,65-128
72e9505bdadf3d4a6b7913ecacb5ee5544fc9968,86,65-128
c46eadbba87245c45194255a3614a47768e06cf4,76,65-128
0471dde8da340e5806b24d967c73ae45bac7f4b1,81,65-128
090f106797c1b837edb4a33bba3d6f8e192efe55,87,65-128
46df1cf3c0f755bed5d3e95125f71e8de970e0ce,98,65-128
dc2f32be07610ef8690cce8f3e1a8ab3b6e1a399,117,65-128
0e66339a0ef09fbfa0341ffb17e5756d1101bfee,127,65-128
f498f1e31231586f1d438aaaa0b17f13039556c7,72,65-128
52f5c6270a0c5786f47a295cace091c16881f2dd,76,65-128
ee09b3890b34de67504ff365a4e36771f54eb8e4,80,65-128
ebec0564c93c04cc272e2b72f742cc16827d87f1,93,65-128
0cc9f75bd5be6b81b8361b699552f2e91092b3d1,68,65-128
7334d64e05f28a92e32324615f99df5daa27675c,87,65-128
734b26a63229659ef03bd3d4417bd1c9d0fcd9f5,80,65-128
1bf909d99851e1df00c0cb75d60a28752a46d936,99,65-128
d1ac2ec0677539fa9b24e354aaaa70d064b45eab,68,65-128
6cd4b17bb322c4923e0881bbcb2cd3de7b7561b2,74,65-128
077e01db745d48c917b4ef731f9fd7d92df7344e,66,65-128
a2fe6a09bca1e531e0c77cb896c332b9a890f62c,95,65-128
61c42df66ffcf6d5eb9e28a6f1f790780ed1c829,126,65-128
56206fd6e19ee870e391567013207ab7fc0a0b6a,69,65-128
009025d48ed9b60a34d82cd286c1b0cb14fab3f4,112,65-128
5c03273cdef77c6b2e9cb4c3fbddba0a4149ac7c,83,65-128
5eee2f03b9fea791be789d47fd92b6d0954e85c3,105,65-128
29720f8245f2a2780ecd59f308dd9d076fc83ccf,116,65-128
649d621b5a368a241049c8230f4e37810bc8bd93,115,65-128
5fd2027b0351de05cb53199bce6518209a1d6087,108,65-128
e91c1747e1efb6d55530050c811830b77dffb153,66,65-128
16bce5d5c37c4155c6f1d09011b9f00f7c829452,81,65-128
47c7f85df41794bb4a97051bac7a58ad69943320,67,65-128
4055f243a1841bfbbe7360d9e8319b1ab13b88c0,88,65-128
14c40a0d732b5adceb26088b390ff58e3bc3ccdd,115,65-128
eedb6c99a9afad1643b23e36e68dd0dc37e9849e,104,65-128
7013563b7f2baeea6981f51c60f404901edb68de,103,65-128
517a91e079e755ec1d878aa171a1e864a549814f,84,65-128
b4d57d6c35056f6e48c84996bcc872249e77b6b1,99,65-128
228c809c810e38d5f8217247c2321d51272a5fc0,80,65-128
bcfdc1f22fda7d4e626c00c7f93bf67dfc9a5a64,83,65-128
7ca2a0b28765c784bc52eae7731d4482b9ec3c3f,105,65-128
7f13326a234e61f3c051edf3316a78240895d14a,70,65-128
5190dfac23f1c92d32d11fb751bda1be7d9e6289,124,65-128
aa874223a2751744fbb05cdc812f208b6024ae88,65,65-128
c65a36ee0af9a6fb837c88f35394db74f90704f4,111,65-128
fe218a27a8716393c262e2a1dfbd3e154fd12259,67,65-128
0e67787595e7cee05d4e05deb64d9659cd57d37a,85,65-128
8d86bc6e71b81dec70469a5d64887bd4dc41db45,87,65-128
5cd9220ca4390cb645a3b382919b79bd840a6c27,65,65-128
30164a568b620054662837f40aa90e5bab5122e5,83,65-128
9fc79bcef5d7ab8710ae2b2f3ebe828609e1589f,73,65-128
0f54be5241ee68cef2d541acd22596d45bb28ff2,86,65-128
8712235e48854e14a988b0c3d6d0140e8c2cd920,106,65-128
8037eddfd1acacd69b9377623e8803855ca2f040,91,65-128
01091d57ff84dcdbc7aaefed1c33bb95e1109432,99,65-128
8db2c6897bd50b23b4902b4f7844b7c06751067d,115,65-128
64b972bf147eb7b66bf8cac4be24a16b9f658ec6,128,65-128
d7db693956442b1461ca361662b3cac21b214f32,85,65-128
14b2b34df9a680038907099e077f5928db1e831c,94,65-128
a5872392a5523c138e0f7d3463465c231768f256,76,65-128
065a0c154d6df1d577577ab9519da7a1da979f85,99,65-128
62c586f88f1b1b7f6e6961b93289532dfc1d5ea6,103,65-128
35717a889a2ae86dc5a78cebc3aa7ec42cb15653,71,65-128
49bb40c561e55e5b65842d7268c6fc72cb682c7a,107,65-128
a284bf0f22fc90585e7b4fee066e338739555dbc,65,65-128
310552c866d1f328e16ce4f88bee3101b04a92c8,114,65-128
cea391306cd24ed3f3c6c5ab9aa9f4da2a3722a8,97,65-128
1b74ea159eb79d95fe6db36a24a1edf94fbb44ee,118,65-128
81449db306419a7a2f628f9d4e928ee9bc8c4aec,80,65-128
3d4852fce549e5c92fe0b2d6b6b6196cc1cc6b37,65,65-128
8ea69c7ae1ba80bd8487c297dcd30a99b9a2531e,84,65-128
a7faf97ea7d8113b86d2b68db7146e019ec295fc,83,65-128
2e4eb91079544104354993f1b713742cddfdb063,91,65-128
45f32f9921dcd7dbf8d6ff1d6224010906af14bd,79,65-128
87e1797d3f3babc8e2b67ae2f4e70167783a6f2f,107,65-128
93fad1c38a628aaf9ee55cc3a506214cd4fb6041,84,65-128
3d2e185b03c54662cd76ad7a337e737f7c73aaae,68,65-128
55c12537578b68ec134a03efbe891cca7810ca7d,105,65-128
23cfc00eaa3bf19f42ad7c1d9522e69e4437be45,110,65-128
786c0790fb0037b350c40b63cbca41f257292dfa,90,65-128
c6cd96cd01d8726df08c64472af2888fece8c23d,73,65-128
2435fa968fbe9a4915c0a14e88519f5027b30ca2,71,65-128
634edc4aee8c756f266cd2ccdcd39c82628b838b,119,65-128
a647dd38aae7cc84fb282041a77cf9e83ca41e1b,98,65-128
3c1629902c70b41774d9686af4f1ee3d6b1f1011,100,65-128
fddff9515ea50d57ce12b7a54587fab8fe5cd9d6,70,65-128
db8be1fd51858fc8e2819de5e4ea898b43911a90,112,65-128
d8fd38f4d68c29ad834ef057b9fd1a51f29a84f9,94,65-128
35a47ae0495a508b252821fa62af2440802c702d,125,65-128
c024074119a223f8bd6def6c3268a2b4c94247e2,96,65-128
be2374fb375a3046df3b45f0cac180d0ac08169a,66,65-128
467cc1f26f7072545ecb285f0c69bbfbd6333cfe,119,65-128
7bc0a433cfbfb5323747ec987f435f22b80f0dd2,75,65-128
0b2c81a42bd28302fe45f18ca171d167b69bc41b,100,65-128
6bcdf1bfb54587ef62c15a41647090e5dd165bda,79,65-128
9099decb637eb9ecb6a68ecfb36839accfc37540,89,65-128
ea12f5561bfcbdb45b310b0281bbae0611c6a196,66,65-128
8ed2c6a64bdd1a6a36bf640b7f146b07c2c41bd3,77,65-128
8865fa52879cdfe82d3c7fc9f399b2b17dc02547,83,65-128
2296c1d50c5a9352505cdeeb4ca24f9c18355878,85,65-128
e83a093e2dcedbc6f6655b6814875ad7cca7f8ca,72,65-128
3ef835c3a9c4170da3300274e6d45cf3922ecafa,70,65-128
5ad5c3a81989712779302bf0e67c998abc5eb605,92,65-128
633fecd74422f0e5f09b5fcd0695a8924cde73d5,76,65-128
94f4ddc18f2e7c51d855dda8b05fcfc250776560,124,65-128
978872c82b00dc635e846e31f875daf1ce861ca6,110,65-128
0a66a99bcf7953101c43dc366b0b300e5093ae5f,128,65-128
e209e5fb4ed8ab27b2c0a2dd9f381b02664a72e6,98,65-128
4657c8ce8cd7f2594770e0e05b55facb31cd2c1f,122,65-128
e8393ac34e5263f8134bcf3d3eaabe7736e5c906,92,65-128
68a8e3b95656aec25f7e03e486cb6369cfdfc60e,80,65-128
1a405255a4a8910673e725504766ec28aaa3c6ab,67,65-128
d50b2c034a7ff8d74a355cf63cb0575e7a1b2d12,72,65-128
a812f8873c4c939541e1ce5d787c0279408e22fe,82,65-128
6bd6af4309b4bbb5bc3ae00b7d8b8bc67f5589f1,114,65-128
f9be503c6e8819c696d1b96dc38eec04877cbb57,111,65-128
2c4f4af99a4b1b11172e3614a829821ebeb6ed70,68,65-128
969443db2fa8ca965284594bd0a8cfe75b8cd2be,105,65-128
878d2834e5ede5b66031d92ef9dfb12d0b929e59,80,65-128
63e5d85de599de659ca5217e1e21a5974629e39b,75,65-128
a3ccc55df1027e4bded78eef213eacb6e9899da2,66,65-128
f11eb3510d5bfe508270fa354894a8d3f6c7f3ed,122,65-128
1c0bfdfb7fedc0205f3b993d6cbd7f1aa2eaf681,99,65-128
f72fb4d2d7690771939e1504bfb4884a16d73096,93,65-128
8935f2055e885e9632d4ce1546ecfdcb276b7378,68,65-128
e6427af3f82d5fa7d39f4404a942e1b8c4749f55,78,65-128
af13a71891fd01a4677ca79f714848f92e862434,86,65-128
3c181e3fe1f9cb4c2fde3af4e37692d9508f243c,119,65-128
995280f409c7eb404a5291cbab1b13ca0b526ee1,87,65-128
4a781d7b1dd0fa50760abe69e93b537c1c0ecaa1,90,65-128
de593dbe063566e6d7d18fed9af8e68ee05e5f25,77,65-128
785805ad956b2fdccb51624561fde8a2082555ad,117,65-128
d3e864010c5ded7f2aea190a349d7d40b8e8f60e,122,65-128
6327536ac9d82e4a9824529036af60375c5c6c62,74,65-128
f453fa1bdbf6752cb88132f9e310dac542fb7779,71,65-128
ce58a7bb99a6aa2ee22b99e58f6ad04a5ca28994,92,65-128
72091c20bf9daf5bdfc0c5f70d00c31db3451fee,80,65-128
ae121edb29ad2e1bae3618e77bdc71506b3bc31f,77,65-128
a76b28a9bc4d30d9a42c8f52bf6bb8122989c7e9,79,65-128
ffc6ded5cb836a08ddbcc85908f89173539a61f7,84,65-128
0eaca5257c59339f4a45e3e332f654922da6af20,101,65-128
be832c89e247ca256fe24f9860d2657d414d2670,75,65-128
708b72efe888bd286159b678c7d0d9af5d2ff4fb,82,65-128
4e38bcc3d03760e8773c1fd065e0f8e055b77a56,74,65-128
6aa4a8650a33c994133aa368d16b4da9920b5e57,113,65-128
3d4484e941ccb7f1b553696acfd0f674f95cd01e,78,65-128
6352a369133e6acd3a09c71477456accfa9113ef,90,65-128
0c99b96bed16c0e8d4c1505bb770374a5be4948c,78,65-128
12b1ebc7ff7f9b68ca5514e6b4cdab0a924a7b4d,100,65-128
3f24c03bc9202d99e09d89e7a62cbd6fd0fda16a,95,65-128
434bca77465d19d2e2c93ce0d02a0b637131255e,97,65-128
dec422d615d1d3eeaa16c243a689bac7a2c536d7,108,65-128
6ace7715b566a69c1ec25a245c508641d4bd63c5,82,65-128
e5c6d05a8ad37861e8df506a5cc34831cc9d1639,82,65-128
dc30e1feea0cc2632a89714deb1001c614b34516,70,65-128
885167e32130434be70e6eb99bacab2c7c5ce969,77,65-128
b04f878da705b63d5169f591b17279b1075ed1d3,90,65-128
e8e4af70ecf466bbacddec5d1660de938b6cd5e3,106,65-128
41cfd6db9d92c03462bb6b8d0a2404fd8857595a,100,65-128
c9020f64cc0c1bbf7d5f7d0ead711e1f6b663b9b,95,65-128
82e36189bcca17728ae99a8cf62b8f1dcca0490e,90,65-128
3d66742a190783058eeec3f49cf9a774b21a8fdd,101,65-128
b143dac156bd0b3d201fbd0041941a306e6aa59e,101,65-128
9c23da991f4aa5e0eadfcb94fb52a7984d614561,105,65-128
c248d8b40a8ca1aed0dd93515ea4ed3eac46fc84,73,65-128
04f653cce37d724283ea0c9f0dadac918375faf5,68,65-128
cbfc0736b1080b1c9fc65a74d0ebb4a4fd51f7aa,90,65-128
8dcef45894d52a30891f226b44b8c7e350a85d8e,68,65-128
cb538fab25aeec98933d7d797e3f113c312ab00e,68,65-128
4cb0bfbc762067c78219bb8b2181e40092354534,80,65-128
1a52699bbca7f2a95448b332d682a22b7291dfc6,66,65-128
38a41927d2db9c34d8799cf799f81865bb1a3885,87,65-128
4747aee8885149c3273f170f355a5e3f9211ff66,94,65-128
58192c18cacdff11cbb9f462b2fb0e315f0323ec,99,65-128
558850bdd5a46033300fb43bef4311f11d9de3d0,75,65-128
16b7d1675af82de7525169a4d5e0847dabdab3b7,117,65-128
22a8ae1697477a1a723cc853fb3da33811ee1455,93,65-128
169c615494ceee38b1994d68b96ec47e6d7e5572,86,65-128
db69e8ca322c01627354cf0266a3363c686a6b6f,88,65-128
9a8ec1c22517ac8bd19e6a48d636c7e60d00e28b,85,65-128
301629c2cedd1b52ef3d036ed3cfee61f28330a8,112,65-128
a6911f9946f8a3f75d9df17de80308050e39e41f,67,65-128
3f1b6a48adca1441af0595ecc7434127db6c11bf,112,65-128
10480372e956fae85e2b400a8ebf282365fb0ef3,79,65-128
add3784133155abd5e43017a68f4a829d9edc17d,97,65-128
e1636f68a76259123a35ce391c448ca39762b265,93,65-128
b4ed5c500867446e38e6ce399ae3340e0e812df9,89,65-128
5bcc9f6ebcfb8d36419b5a913a29c20c5f299fcc,66,65-128
9090293453cb38d31b9c0325fab30129682f5b6d,70,65-128
a6dbc98e5ac547f5042fd93537f2443479515a7f,70,65-128
a3ee894ecfa305f594d1879efbc88072711b0127,100,65-128
e0b19dab642114b83ba01796bcb7418ecb01e956,103,65-128
652b8c0e3b78619d7bd6da14bb3db395f10eb08b,66,65-128
df3a721eb4ab191718670c01821448dff92e4b9b,72,65-128
461a16113c13194b56029ee47136e8825f451307,96,65-128
b6229935ad640c93fdc81a6ee4d7fc3c7eb79ac3,93,65-128
4b534ee54ce8079ef0341e7a66f95957e6147a27,120,65-128
a3a57159c380b80e386eebf64e99e29c3127b918,100,65-128
81ec66a0f648e099cfff5f6eb86768b00266a0d0,76,65-128
d8efdbe329700834a2d6c97fa39e0f51a12b944b,89,65-128
c2f09dfa4042acc18cc8cabf85642fca7785b79e,71,65-128
732a518366f6df1cbee15083b1fbb1392233fc51,68,65-128
bac78eb8b6b7db3ba9b42a9df4331c947d8498af,70,65-128
27256d16ee92fa2a50af53da47556ee31bf8ba79,89,65-128
256579768251b599c9f9f7707a8a05c685dc96d5,110,65-128
8de0fe405600d88c803e9c6c199fbddbaa481715,117,65-128
287f3d80fe5f2ac2a74f551d07b721a3a45b510d,84,65-128
b000a5600028bb244a3e70b0b8e18d6b2dc1510f,81,65-128
d54141545f2b2454b0a30d6f159a80d9b08f70eb,98,65-128
6286703b456f6f95d7fd43fb05b5939432f838c5,115,65-128
c16ae5af9ec441580cf2f5c44b358ae75c0b86af,71,65-128
5f40b03b7edba26f1f3ff3757a87b8952974677f,100,65-128
311efb9e3e3f28a93bab5742d906f6f3e1301150,80,65-128
b8f3395e8008aa2bef17634430552116e52461bb,84,65-128
1c0ea275a4d78bafc1157758bcb94eff17e7858a,89,65-128
56f18fc10b7489b7f79e87ec922bb8062f1c10d0,68,65-128
10338a05c8d825411c1145b26868521beb5e473b,97,65-128
0712f9d9d4cfc1f2b05da9c717bcf969675c0d41,106,65-128
6607a6a25c52d875afe0d791ec926d4c905fe9eb,98,65-128
c7cd6379a9ffd32b4fd5108cb583b49178e3aca8,77,65-128
169934a194dd8c4bf4438ef1b47421a5ce59b207,117,65-128
2f51b6bf1855c8635e2ce5a2f847c1f772aaba1e,89,65-128
e3672a1c7ad45a1d4960b8cedbc12d180bfb55ae,94,65-128
d3104dd7d65c1a235d779df87f30a94fcbdf2746,100,65-128
bad5541cc8b45560f3f47dd2ef793a8d647bbcee,111,65-128
070a0d8007aa411fe44f56bd0224681afe7cce79,97,65-128
1fad09c0e7899c8705cb0e2d1dde99004f67ccf8,115,65-128
a895b91ed1cb9a8eb0e776c3f220c0f193ccf9cd,71,65-128
73a332c66c300b9fe3e0333351db6f4d3b1c7388,116,65-128
607c571c215d1c0d175ed925cffe332e714f7548,121,65-128
2c141e6b6dc23a08669b7dd625ddc58a3d099200,74,65-128
6318b815ef76373033c41bd9b76cfddab071f772,120,65-128
4bb0a8d9ec4fc83d952b88419e9a485a93b20af8,121,65-128
4af9ff1271d0685bc125c71ada2d1e1645f3e661,84,65-128
28de3e19c37e56706471316d5f748caf4f8cb2f6,96,65-128
3db83bb254beab5f213d3ceb19f24976fc051c09,65,65-128
f8bd9f5f75b519b3e1476c89db8f1fe2a7491ef2,71,65-128
24b3c947b40980305a5a7a3ae7cbbaa47857d872,79,65-128
dee57364560303e5ef9b4ab1774c2e6c807b06af,105,65-128
1e5b29d08eaaf5a53e7c3414369b4da9ab7a2fe2,67,65-128
1ab1b551089abb43f0272541f2a7f364bcbe3206,77,65-128
00bf344c619fde31cfa8662443d2598419fa7b09,70,65-128
d28bf3b1ca22db41d05f6070f6f4a590642374b9,80,65-128
4ed2368c47d56700af47ea12b818bed97c5339dc,71,65-128
f5a65d1c3c0525017ab7341564d0fc764f418a63,69,65-128
13115caf2e76395f86a5a0958546be3750a91bde,71,65-128
3d81352032c1564ea958e3d75dcf677f473d07b7,126,65-128
98787897a533354f565edab50a11f64ad62265e0,71,65-128
6f80b7ccc025884ceddc9b154ccedc106756828e,89,65-128
3b5d7b4f7dfd000bf45d720a094d77da354f9eed,66,65-128
50cf3de4c0a034ff403f21b9fe64fcf35cbc81b2,75,65-128
851402c24b29fb5826918686480ada6ce7168f2c,118,65-128
286ad348ba4445433ce9b62d13b80fbfb490928c,71,65-128
687c8178c9d9aa3a105de76bd42834f121195a81,66,65-128
9ebdda4c0d3e9a4f3910a4617faed5d916c6230a,82,65-128
5ef8ccd6470c825d6fa442723d2ccea53e2f470d,89,65-128
0c6fcbc259e2389baf56d31c0d42dc77bbf110c9,83,65-128
288c931e4159de8c1e657cf82cac8ec30694c8c7,87,65-128
f90656addb4c59e44413944cd4e36b65a4f82a26,70,65-128
e6bb4853ef22d5d25eec8975080452b0c12aba42,87,65-128
43d486e0d0472d464b7aa0165e87d09fa740a1c7,81,65-128
4bde49d5097ccc9096b4ef28b48ae3808d154e0f,83,65-128
cd82dcd833fee1503c93c21c2b55b5440afd39c1,95,65-128
1ea7d63617a0fdc5eadf37596d00688615565351,69,65-128
ec5ed43631fe7b81df3f0b50beabb7a92da71103,90,65-128
e29afe87bda24b8012e13b5e06e81edfa3038850,86,65-128
6b3774bff9d8d8cd4c94f05226d0556bb89007c8,76,65-128
29ee6f7e77f104ac0afcd9327f9a57cdbf7c9001,71,65-128
dae306c211dd4fd2897e45e3a0bac0aaeb13989b,66,65-128
e3727f543c9486c2fbd1ee843b3dd747aa08c62b,83,65-128
f348b176584e39ddd6fa55061212369b6495d3b7,67,65-128
2ef64193d1fec03861a975b0bb5212c9d2b5a4d3,96,65-128
1cdcf64747ba5108258bc927b05f061e624ddff8,68,65-128
d5b95a5ee2b892650bc4f69cf943eb4480f86c73,90,65-128
246cb2c49aca555fd980eb1f657cd3c5a8313fef,88,65-128
da21c0ab79c733faac7aa06bb229bb040fb6e954,67,65-128
a77db2c22aab98ba582ff0d4231442c425bbbf24,91,65-128
5e51985457e87c510944a319f212a6d77976f3b3,79,65-128
d68cb2dcb8e735659f21fdb4ef51c40019effd09,83,65-128
0b6996f642035e0a81acec112ad65425cf504d43,88,65-128
cb71a90bf0e44a119ee6f86036e9617b7a5ec39b,94,65-128
937f59dbb2efccdf7ec565c4a4cb93751857eabf,71,65-128
3540af58c3c0afc0a262a457cc59f74fee06aa1b,68,65-128
0f18639b13df973e9abfdc7ef6c4c943a655235f,84,65-128
ee8f22e0abfc26800c163d854bab124112e9f05e,65,65-128
81993ece5ce639d50246c20fc20e46b6d44f205e,77,65-128
d4c70495bd0a1498da9012ed8922dfa23590cd8b,76,65-128
cf0becaf1e884134525953e7ef24606775ce312b,81,65-128
cd16f4bfa68b13bd1002787485d9534169a8a823,67,65-128
24858b2ec38dbef1361758aa4780a34e46c57e20,89,65-128
559fe45e33f6a350b0bd9a6ea4d9f98b53127a32,89,65-128
ed6cc57456b8681848ac592d32060897ea94c229,85,65-128
db4eab81df5d4b8412db805b52d9cea8631d8d99,70,65-128
0fb19dcdff58fecb99d3ba55f7246169130ef10b,73,65-128
5055ba4b0165edcf848fca5edffe52b5b97dd27c,72,65-128
6c0efd2802d1aa637eb231453679aaae2440635b,107,65-128
5fde9363d6c1d45e9164f453f41abc6a1878c6d1,109,65-128
70111fbd2a55545e58ad821964a90cb4d2b8a1c7,97,65-128
4d185e71978e758b64f8a41f95d293201016e7c5,127,65-128
e80d37aecc670a9bb5621aa2c2c0f5f7757b7e2f,113,65-128
22360715a23e05b18556025e5ecec3d015767ae8,117,65-128
655d347d3bd6a4a755d95a93c5f2f3e268d3e49c,66,65-128
21619f698690f3c5fe9aea813e593dc0908c22d2,93,65-128
bde145919ff03b6a99d24f330157f511bc638172,111,65-128
7e412068a843711d92b6ca0ed169fcbc5128cb11,70,65-128
0b774d190f98b7c21f418ca2288bc8951b9699d0,98,65-128
aea0b9dc16f05549803e063123f12c0ef5431ae8,94,65-128
dea1b80854c863339bea9008e0f106b9715a0154,95,65-128
5b9b93210edc445b59c5f0e53474f2e380ee4d5b,93,65-128
9c23b874090085335cbd5a4be77b1a113a2c111c,83,65-128
abf71fc540f59377f50df7d97f566ba301182f61,77,65-128
dfb43544d89b0731a43116647d909ad4a51bf49e,100,65-128
c466ba493a1532d51595f760b08df43b75b44548,122,65-128
f41d364d0f320918533147b44b32e73095051677,71,65-128
a4aa2321e7730e4e518d365862dbb76524fb7a5d,84,65-128
f96bcf92ae9ea1f7890c31dce3899a3d90674c29,68,65-128
664972c387820f4029620cde1c7b0a76f0dc0a52,82,65-128
b2f04ed0d5024ffe275a7d465c8215299f2d899d,72,65-128
5b1fb5a93c81fe839c320ff90fbe8842082ef548,99,65-128
84c428598c3803acc710be10f22c2c4f6de6a28b,97,65-128
e0dcf5baf709c9c0caf8c990a59a35a477185ebe,93,65-128
f08bb13347a74749f859ec2b819b962e2326b22c,106,65-128
846401f86f2ea6f57263f7b51866b1e666a256ac,95,65-128
829547f9cd3c57bc894ca51bc38a8db3e12c2050,71,65-128
57669969a479f1160f9cf92c3fccd699a64df274,103,65-128
ad9c9730cd3bc6fc90de75eb150e684ea3bcdd4b,77,65-128
61096114f5306a32373244480d8b8713e463be07,94,65-128
34a4280da6b8a1618f9c7ac2dd769ea98da56e12,89,65-128
ac5dc26c1128cf387a2deaa489b434613d1d56e7,68,65-128
0b44d282b9dc722aa4c55c059c51a03ce3baf5fa,65,65-128
924175e4c451d8948f2796da952a4bfe2a8430c1,111,65-128
4c6a7c3b0899cea2625ea7abecb8cff0a62e698c,81,65-128
cae3b45240e18d0ed1dc901f65a2de4f2e6545cf,91,65-128
c82a100259e83d4a0985bce0644c991d6f500962,99,65-128
c0fe22a3fc4cd09a782047e9261499b264c0f830,69,65-128
8fd23907fa3349953c3edfc90f790f16717a0f54,111,65-128
1eb6a6ae2664a60a987cdcd3d04d1fcafe9e6d8a,70,65-128
a3c58a9fb3563674618516daaf59c9d3111c9426,82,65-128
378bdaf22e39b57628753263d4cc62815a57cb2e,89,65-128
a0e62de1cf7f2e726dd41866ea2b02e9f8bbf358,80,65-128
56788db941aadab842936a80ab50db7e00e68225,122,65-128
dba7b58e0bc080b3235bc946453effc4c62c280d,91,65-128
8fcec6fe4f1d740d0253005b39c64a29cf4b870e,70,65-128
319c1f16ad84e4e1c691bae75ff064cbf0afe244,70,65-128
07d2fc8f4e6908c5a4285d00633f96d51aa1df47,101,65-128
ba633bd00b29c1fd4db71ead45b84909c4e01f2a,66,65-128
69e876524673f3e0a5ea4cd53e26e7bef6fbc612,79,65-128
122b8b340b917e328bac241c42502ee649cbf788,85,65-128
2a407e51216e19686a46df3c2771060e3e43a0d1,93,65-128
584b4947baba7725bf6d1b836312b8150a38572d,103,65-128
da58821aea472fee03030a0a901691f194965a69,108,65-128
d85aad5eea064fd90b0349080a7106f78049790a,75,65-128
d2f93408868d23bb926a0e4f9b584b09e5e3fefd,83,65-128
c81b84cfacb8424176957418830ea2a3370eb0cf,125,65-128
b4b6b23ca0a18b4e2993f17f1dd6604b13c2baf0,81,65-128
4c9fa8297969f55a4f65d4457cf9dd822665eef7,75,65-128
0b62d1885586e09b9e4546ebb14e6991eedf29fe,111,65-128
c2a19140dc0dcf8bbeb2ad965a5d7db20cfc36b6,121,65-128
e69d81a6185606cfd9ddb16145345353e8eb8a9c,82,65-128
6f438333a10ae5f0094a47907f8f8821436a6d7d,105,65-128
bf65c7da13bf32973916c045b8ca583d81603950,70,65-128
16f36ce103f58e94b4e3f8b25184418081ce9a50,126,65-128
730c9eb224b87a0b428e034a6c37c6cf18e6659d,100,65-128
c539ca269b366f0cc7bbeb2caa9caf111572325c,111,65-128
effe0cf62f71593c1a15083807c2f6d03886ec2e,117,65-128
7eb4de68fb14c89563f13fdbeae906a16edba757,101,65-128
3c572217ef72c714edcf6b12d28a427b63fed90b,79,65-128
0745a345f97c6c369ca2ddbec6bf7d550203a565,122,65-128
742883ac388aa28932cceef3aaf148568bd292d2,67,65-128
9d058f2032247d74834617ffbdb620d1e42fad85,114,65-128
fcbb2d6d24f447a7361d9d7af03ae3606ec7605e,88,65-128
e13702b7d77c7426d4cefe7e0270b9966c751503,65,65-128
a95a92ed2f76d4e7795795ad0b48e6bfb1d20ebf,76,65-128
1d1339b3943829990024dc941b643811799a56c9,71,65-128
9f01079b8d9f1154435eda60f4db44414c1cd692,115,65-128
82e171972942c022c7c659099d443cc8cac8d40c,70,65-128
dd4512483f7e1681d1a7e373f3dee54fa0612d51,118,65-128
f106ef2ee02aaa9f74748b645ab6e84799592458,66,65-128
3b0d0adf608c20ccc443829b13fb19f8127406b4,70,65-128
43f16d632d15fef8a6cba2ab6d291ea711794f85,77,65-128
b7dd915203d954b87c4ff013ab56c8bf5b9d1b0c,67,65-128
e919804461d05bfbe2dfe3623a8d2cb19834471d,84,65-128
8f82897cfada13e0936b9298f19365625d4bb68d,93,65-128
323ce25543f5c27f9a369234b66f13159444fa4d,91,65-128
a55f89c8dd6a10f0f41778cf6772b0fff4f8298c,81,65-128
cebb755ff17321f55a0b1734e71d18602c989185,103,65-128
b7f53ddc5b8fb34dae498cfe86f0712d064e6ad6,106,65-128
3a030860eb1280f64aa0507c8f70403d03bae0a9,82,65-128
47c5a988b41dbd0a721f614177766c9801c161ff,85,65-128
06b65cf9ba64e137a9e93801cd6b5fa117c3728b,98,65-128
770e970c866b68a958179b2eedf0f4e0917b2f4a,88,65-128
e2930b42dd78e567929f13af53bb7708efd082ae,74,65-128
b553471c5d529150533a5e77d4fbb9804d62433e,72,65-128
b3f5a76670018505fc281238eba45702cd2bcb24,89,65-128
d9186fd862c0a6d8343a36db4d98f0d814394761,76,65-128
9d7b4ea331d5d31fb8d089d7212697bc1e2c1dc8,95,65-128
970045ed418cda7ef2d46cf503b987cd3319739c,92,65-128
3c483cb1ab12b6a25427947e65235aa99fb16a67,65,65-128
06c9f78ffc624a619b24d9fbaf3007584bd56aeb,86,65-128
0fa74631056b3194ad1cb5bd200565cb5d9fbf46,87,65-128
365765212245007664524e3f4942ccdc3e22378f,65,65-128
e0fb9a1edf03c20cbc33a4d3b1d543064afbd7f7,75,65-128
9148a13f80e6a6331420917c129005badcc30bc9,65,65-128
944b10e99e97a9faf7fa08bae4c88714a0a63f89,89,65-128
8df7c1e07a2a057844c03d486657cc43de3638d2,73,65-128
4a4c6cbc44ca6953c2198e6c37416fc7f2a0611b,92,65-128
0cf99c79a36bf18f2ff892bd9260b52b3a15bb6c,76,65-128
8ce0fd991ed6b54a591c0bcb71ecf1605fc8a3e4,93,65-128
a3a2de9fb051723080b57e3e61870a5b2c0643f0,65,65-128
17e7946c0ce58d20273cc078a57bb9a241082e7d,101,65-128
ada84bc74b5b2d5bc99ab3e0e61d85a9547dcb89,73,65-128
41a84cab9e3cb0d1fd6e63a37936c3fbae502233,97,65-128
79136df340040498922db4631e3ebb6a40d108bf,88,65-128
3393bf71f87f4e4df47e332d26239e430c9a2b3d,97,65-128
cd136d34d602349d8ec501fbc8edbf84bfac1564,66,65-128
17657d92f1cda066cb6f3af9640dcbd2605b73f5,68,65-128
a0464ddafbeec4ed438c92e33a6d3b11ddf8f505,79,65-128
dabee917a06fc88fdd5c3ea0d526e158f3b1461e,89,65-128
52d640881f1e49e508126ac00c737123143f1a37,81,65-128
85609fbe883c2ba5383b56bc2a97fc01cfd6028f,77,65-128
fe2c20bf68959e922e1beb25b22ed27a5fbd0324,67,65-128
5e99e145b8d91781d06e8115ed985824c8d07374,94,65-128
1a96ce91af520b6667ef1d677e63445d68241fa7,78,65-128
b576b03a11b65e5cd18db6a2bd5877a71089646b,115,65-128
beb41d03aa041d6bcd708681787c2ad7c101efd4,88,65-128
09d45a011dc8b1e5f50ca9786366a299c2c6e969,65,65-128
844010c5c73ad83c601bebddc752c3d0cf2be3fd,75,65-128
3af35c14b0e6a59c780d20e363c1b9d32795fc17,114,65-128
72378b38592d4dab59f2068c5434ec90587a55a9,87,65-128
9ce63ecceea2164ef4a14b2ff9cee18247b8793e,75,65-128
d0014602ed41a307c33d74a8393278c83363d412,104,65-128
f738a57b9cd410938525cd3709e7c86b9815a418,85,65-128
f4095b39d1ee8bba521f98906b49ff12ef899f1d,93,65-128
8e0b3a82dd586d9e5157cd65e449058344df54db,97,65-128
6551c33f2a045dd7dce3a3f98dec3a203ce5e551,68,65-128
c817746ab9f8edc9b2ee234ea4c2aa4db64346ac,95,65-128
75e79cc98279b0d962d35199b2fbe7e82a62716e,165,129-256
a6e806f692a8e4f464a4d85d23102aa4ac365d8d,191,129-256
63ec0990cbb5bd22105be306c1d92adf48434439,146,129-256
1f45419de62f30ddba7a31a77bd7a86d8d8fee57,155,129-256
f15c9aaed386c4c4e8a26ce822a05a92e33bcfcd,233,129-256
19304a4421dea6b9c2ad7a5dab11c74e5c106c42,151,129-256
22c749b9b1bc8dae5d7d05ff4ee09b9f8a842856,139,129-256
b01aace81b4161c89c43c88077cc35cb0e6a3a22,129,129-256
6d54e43c88f3ddf34ca58ba6a50e7635f11111df,180,129-256
b67897f755f68a3b162b37cb1acedd630de5c6db,149,129-256
e5d629eb883f04691bf26b8573a07c23da2e736e,140,129-256
6eaf181abe2b7ec4ff0e95c527206fff0ed444b4,174,129-256
af31cf430097688fffc962d3f6196ad132971d1f,210,129-256
fef50c0accb960df7a87b42ca0e1b85d0390be31,207,129-256
fe64025c02ecc20614895515c42f6cd706763f05,214,129-256
3144e18d14148553f83614892ac51e5a76291ed2,157,129-256
4e49fe8645412d92b42ba861d6e976f4e05d674b,140,129-256
bafd636f4511e463bffbbaa144bcfe104f4f959e,189,129-256
82862ea986666e1749cb883cae6c98512b6ad885,235,129-256
593b69cf5ce19ee5fc09a7cd46a005047642c79b,146,129-256
85632ea58faa326259cbf0479b42e639656b1a71,138,129-256
d61e3ed4317f7ae86bd9d5ab4744d0b5dde3e30e,155,129-256
f02d6f302968c849e74bf3d92a75342e5b6b359a,137,129-256
36edc72916f2458cff94c990102272404177b880,167,129-256
a27af77fcbb25e61b43133e886b64b47810c918b,206,129-256
f21203cb0dd1c043348c7964dd890a10af6086c1,169,129-256
92764759df2d561261d6d61a66d3d07c0a771349,138,129-256
7b0f367312fcfa44c54149118f15b80e9063fc44,178,129-256
b01942315d189c56b3080a5e8683e489be3ec524,173,129-256
9c55577b3b0f90981b0fb43ca8861fe9dfac05c0,194,129-256
23ae7422089543164bb3b3ec134cd4af27318ac3,165,129-256
112796f5be01cd20951bb486acfb37ed92a2ad33,237,129-256
3e685f3beb66de8be5b3df235c9fd1cf3a1cafc9,205,129-256
e7a05efbc19cf53d05a99eaeb0b15d6a151d50f3,225,129-256
3c00542fd28530bdd9aa74a017ff4a7e1a258e8f,245,129-256
d3ec453304e1da46c81f28f9c6dce75f98a6da5a,187,129-256
dd4ab49158bc1cc7b53fa0e745bddc03332a7038,131,129-256
826c5dec58f0b94d0d3f27944a1cc789d151b44f,207,129-256
e5cfa00b6e59ddee2f09cfd9cf46a0a6a383249a,158,129-256
9cbd03550ac162a606b6b6c2aca1698fd6701a52,163,129-256
0b570266ee6a2ea221499aad1cf407ccb32dab71,151,129-256
95ac34e3dac63296f754ad6a1ed7d1276bc5469a,153,129-256
012128d7e2cb90bf73fa027b7af790ebabf7ef38,181,129-256
ea50c6fd8fa9a2ded4b447f4f4905c71b4825e61,220,129-256
9d90fe213e2cb7b510ef689d666ba810dcb138b7,140,129-256
fe0f078701de38a792b9291e86fdbc63e2aca52a,213,129-256
d086af3c44dc5074f4e22705d3c5e747d14ce360,191,129-256
54be2e049dcba6948fbc1d6205e8e7844e1d93cc,212,129-256
07f4500f148255beef6540a45b7105fc9ad58f49,150,129-256
bd86adfc5cb944419ffb2f1e5f85abd1edef3f18,168,129-256
6f48080111a1239693ad5e14739bdb02fcf731a7,194,129-256
16a4a5239b3d7b70a72144ea0bed8fd2a7c92b0c,220,129-256
46eb712cf45aebfa0ceb64576d5ef3a090d7c42e,139,129-256
1e3c19ec7bbafe65a6c191384fbe1d3f6c2d1f89,132,129-256
f94a0d9274167767236602a3d7a8445c0f456b87,136,129-256
212bd1b70f6119a27deb1d6465786bbb44b6e867,196,129-256
924052b239385bbaa0e8e8f97c704b8866223bb1,203,129-256
3a5ae83f7770caebb1d6972e8bc0dc62ad5daa35,148,129-256
dfa3aabae43ce6d4d4c8d52df51ebf2cb986b5ba,196,129-256
c33fb226f1f91c1b8e8c405e6bfb2b306152af34,222,129-256
8ff70a95e35bc0cda325876c99bd61ba376d50fe,145,129-256
acba144236d2a07e97e648cdf62c0d3960a2785c,146,129-256
ad7bdbadd68b4846bcce812cf42c2a7d51adfeb0,199,129-256
9b0beece2c26af93c46f9dbb4acb78616f246351,202,129-256
e1ec5935b1bd7ad3590794c6e7639a5606dc7a70,243,129-256
aadcb3a10b7fb9d804e925d494c54f62315b0f00,166,129-256
80507cc0ddc30e86b45cae0a5a2a97febf52879a,171,129-256
655616214270ada80233345782b372a536e05bb8,158,129-256
d60eb6c7b5a3ef4f9e70640bb0b5257876773851,157,129-256
7320934ce076d2bb3646320a0b6a3bdc37be9145,146,129-256
6fd6ab355eb78af3efb8c2b31096229d27fb3476,152,129-256
6f5c9d752ae1d4810e041749662ae42ba3f56517,129,129-256
c3bacb5712841aef6c468dd0c80958b23372aa69,163,129-256
0d524fe8e42d95395fb64ce90b66b3fbada1b245,138,129-256
a144f4d804fe3b61f79db17b8695430e3aabf206,160,129-256
7ea9ebd138522997d69be488a123fb890df1d469,169,129-256
88d5e26fac91a58cb429ccfc7c7c06c3c12a4d89,141,129-256
8567f4661df5f33f6d7de5045db1b946766dd97c,154,129-256
134a016cc08c8ab20316ff6e60953dce9b1f0b59,183,129-256
b26281050ffcdf52ac24fe2b4d21482fba78deaa,146,129-256
90c6d8bb5ad3825783f279ddf94aa4df3b34f61a,143,129-256
10f544a499da6fdf100812ea06724bbaa2f297e7,142,129-256
8d96a408b7709a961bf660f30d823b93657c96e7,179,129-256
8a0be3d2511b90bad7fc080299d48b3e24624486,197,129-256
55265854bc4c9e647be64ee03c9fc015fc353e7b,219,129-256
faad919432ea754113a588e206e1ac3b31177fc9,164,129-256
216866bd695d7d89cf464541fd5eb055d282da52,144,129-256
d0943aac2f2887752c4e1b117a732eba50b5cc6d,133,129-256
40cdc0475b626940dc8615bd15a1a6e0131691ab,217,129-256
f56a47ef08eb5ee1d7c5e6b8022b696602ca88fd,169,129-256
34289d66f7e59eb95272aa0861511090292f7050,159,129-256
20b09be1dd27d8eb2119db88920c1abb5c39e684,167,129-256
840c56f14748f4ffaaf2a3a24cb40c093e64e0bd,151,129-256
16232617d33a847b55bc6747bced382af356b57e,149,129-256
0f24f1c06c8ea3e466220240d9224e6a71cc0ef0,192,129-256
1527593079b259018b4e900b2d618c7ae2aaa494,237,129-256
7550f1800b862ea4a8439122789315a1f997b168,208,129-256
23c93bcee212742bbee2aebd2c653ca8ad042154,193,129-256
cb9973827d9509f417ed12f5d82b19b3fde90b0f,130,129-256
4ee387b24bb99b8b36896142b4445e071e8987b4,185,129-256
1c81a5af3e0c438b5a2633bec68d2d2f641d219a,200,129-256
9dcf4149ad42134e5f3feab9f5a1846024d71ff0,225,129-256
fdda1e7a86a4d9bfa3b14f5ff9f0d8fc76ce94d0,147,129-256
70d39c333cac01a6dd85051c8f585a2e0568d62b,168,129-256
158012845d805d6b96ed4860ca52891e7969aac2,136,129-256
d7a7ffa48fe3380dc169299f7545a6e02ce2d528,135,129-256
8a35b07e6abac616b48067929d4b45db208b3cc6,224,129-256
902121740784e6f49e8267cc768b83d7f7e89817,233,129-256
0cc090030500af98de09528ea07b5a3d0c97cc7b,187,129-256
096c6f3cc06f94067653affcb5e39593f5c56dd2,133,129-256
c9d5e3e3983ec3d50946532917c19877d7876d8c,135,129-256
129f2ba80187e21054eb01c1c27f08bf458c76d9,182,129-256
dc79321fe7cabd77d8ddd384a1e4e1de7f652d16,168,129-256
e973987f1a1cec074a42854fce4c06b72993df72,156,129-256
e1e09dc3df8388e88c732fe748fac0d4b4ef6330,131,129-256
43a3a34eaa9f772d6bd67f2755541fd807edb7a2,231,129-256
32771e0f52e673cdd242765c35d4453e7219a574,152,129-256
a84a17cc0ab4c1724d8f4cea02a6e8e85ac7efe1,191,129-256
ef3507c2f7a13280fb16459c083adfddbf603adb,244,129-256
4a0b76b3ef8b190f6dc02cccb18fe6d1d37852e9,205,129-256
d050954a7be93d42baff859dc5ccafeea2d8f98a,215,129-256
8bea10f722cd215e967ec8604973c76b7f53776d,135,129-256
1284e7ccfaa4e99055cdc660c8c7becbda81d3e7,144,129-256
69df63cb6e45fb2719454b32bcfd8b6043a53744,148,129-256
d050db18e8d5aff1e3005e5d695af56aa64c8d1b,248,129-256
c2037b4ddd57e5a93bec5ee8c9756c08154d8a24,194,129-256
1b51bc446f7706c136207e7875840fb7d22fbd1e,129,129-256
f988602c37847abf4e553ec7df3861022b7cac9d,203,129-256
8b47633f91bc76c0f140eca44ea19a7a95e17b72,215,129-256
d9cdbcf2bb77fb7c9946b4562b3107dedae27b17,170,129-256
27d6b54de0307eec64ff083b7e3a65ac142bcff8,206,129-256
214bcca8e69a07564298d417b06919401a944c71,248,129-256
b17f4818dc334c0d5172c955c6a6fe994a7820e7,219,129-256
f02633bdfd11471760249c016fa9ad6455ce695a,200,129-256
f62940a0f22b08f89951a096409ad9f3c0e4d7bc,222,129-256
344daa1ad109e842ff97c8a66c715b6de6d0b203,175,129-256
e9adb707cbdcb9b17dacc6316176fcbe35d1433b,251,129-256
ee5586170573bbcf691193d119974260b04be54b,177,129-256
37adc2cd043652c1562a449ec986131f7f820baf,165,129-256
1748f61867c8158907f5fc986dddd01ee948f69b,151,129-256
4d2321aba49245876c73c5bd5162e5e89593e56f,130,129-256
17e7869609a4e5887e073a46c963b997522cbae1,226,129-256
0eb8418ae6f4541f8feed736c6c8ece1c230a965,189,129-256
9b2e9b281204de86af153be1f7f0d41348f1ab32,183,129-256
c1960dc66ab92a8882381a44dc208c48e7ee2cd7,130,129-256
173974bba52a48f59bde1912c6b565ad1a3ba1e5,139,129-256
ea3c35856a687cf846f3febeadf7a0ad2527d581,146,129-256
64125bf44b3a477cabb11e368396ce323ce75c94,222,129-256
7c345fcfe1e005f004d64cc8f21873ec5dd57688,129,129-256
732206d455aa3956249487aa57f4b1af3f0578ea,155,129-256
b82e0b41d48ada792b1be626d9528f1f74a3ad62,223,129-256
f4500f9cae6d501719d1ed83819b0e9ff80a1552,142,129-256
367576ea97ff6e006dcaf93032b56e8960315e1a,169,129-256
1f7f953de85e1eb66ff05edae46c93640fcbe2b9,195,129-256
39e83f5412248b514994dd7e10d5853b332aefe4,185,129-256
ac83f8c1e2871416b80a24020ca4c7576de10d44,197,129-256
a944778566b9aba225442f7f2f6d5e8e97f0ee97,151,129-256
9414d146af15be0c78ec6c776e307120fd72eea0,194,129-256
7cc3086387244553f9e59aaf515940893774c47f,153,129-256
1e5de7d1b7e25597240e1f0998bad23db4048331,154,129-256
acecaeb73559ef3accf2f61e51c93504e9371ebb,211,129-256
8600bfd40fc7126089bd5f8ca67c5e3623dc1594,213,129-256
d1cc8529dbb0374625b887a7df2134b0f73dc57a,141,129-256
596509c746ab3996fb27c50665ee63f8875a0281,144,129-256
958984b198bf46fd280416642208a1cdf59d8185,179,129-256
906fbc4222285ba98e812471ec210487354a21ef,144,129-256
e223136a6090aa7f84312e0d6991cd8cf28a68c5,233,129-256
ae1fc858fe563bb63abad0c5fdcef3344412bef9,185,129-256
470c430d87ceb144cfdc22cadbe443f4a7d22e34,178,129-256
6a0dab830efeae0b9fd06065653c5dc6e79b551d,157,129-256
7044403911e35875202e1a988b9ba7f1775bc4c9,197,129-256
c35da79785521cd02fcfbaa860b25906bc4b57ec,198,129-256
cba3082fe202042948dfa734a27791b2d7aedf6b,252,129-256
8105c067d861d2ccb790120c15246d9e7436b066,140,129-256
c754e4fbc023beb63cf0a9eb1c8ec3bc483b053d,184,129-256
cf72a4bae6ba00267115fe15ec2c70e8a2080cf6,144,129-256
67d9f0342ce0438162f66ab0171794db7bce29c5,235,129-256
8274be3b69845870a05fcfc56719954bc7d5b309,147,129-256
873784855aa729bb870bf6cd7baea9da8dda919f,144,129-256
732f250efdd4010e944dc62ad445cf03263f2704,129,129-256
c445a73753eb52599f6d93a9fcbe3281ee07f89d,205,129-256
180f474075075ad3c643d0055e757c580180cf1a,148,129-256
7056c44f4dd4447776a9edc3cf420b1073c0ef81,162,129-256
ff8169e3daee7cb99a8e795f970e6053375d48d7,157,129-256
f5940fc89e5df5eb58a195a7dbef50ce8908959f,226,129-256
7c9d8464f12d56415d4a9b4dca2deea640791353,158,129-256
083d81175d7345ab5e2971e148ccf0adff4f2154,192,129-256
e80431323fd073911af870aadc27919b013dfb8b,184,129-256
aed3392d440404f2eac3cb392af0eb39aebbecf1,221,129-256
f7c976bccdf5be0107ea1d2bd42c34ecbb1776a7,241,129-256
40135de85b819cd8445db721b2766ac59bd97c8c,245,129-256
b11f5d99508f85ce231647c18031ca5d99076805,143,129-256
afc340f709efe871f89ac75e22690d0902a1c0c7,198,129-256
d05b0a427f2f09aa798df6553925bcbd0357fdae,143,129-256
8c4e785dacae0f620b855e0ee7dabcd5829bd366,200,129-256
1d70ac0c6bf51f939c3da09eddff932998d6a5a1,189,129-256
639dff02bc3c5deff89d6f869832ca4496d52eca,177,129-256
dd48db223fcaea0e631ca5dcf6d1d42b1c40dbff,208,129-256
8f764e3c794dadfa5e21ab05a77b91a71629c4c1,176,129-256
fb32e1178500715a2a1feb413afffa62c787dd7d,178,129-256
dfcf40e36d2b07dae008f602c4fc3ec017045168,154,129-256
28059372ce07a7625bf283f1791b5a31174d3180,153,129-256
83ecdcaeb0a85ebee47c94a62129df7331e86689,173,129-256
4ac10b9e4096edfa397ea12ef16264a942a377e2,178,129-256
6c33715a0c8dfb44fa3bdb03992bc47c4f61a90c,153,129-256
4e54192b854a9f5988f50318af327356df5ac5a8,140,129-256
e5be77e3b50fa91f14bce56ced85cad0ec961fac,137,129-256
602b39a11628a845990975be14e04873e69a0fb0,140,129-256
cb944e75bf6202159a0b104744ecf800f7049f75,168,129-256
3aa78dc7d984963daebbeaeaef64168464825f80,129,129-256
e3736b70c8a204972e8fc05479df72498c21bdcc,144,129-256
c4ef6e41609e0a710d8d3f17eff782ff72fcc7cf,158,129-256
ed397f41ccffd9a2b9faba617c0cd429c67d72cb,173,129-256
a8eaecdd58ec17f0ff2ac271fba6d9c28edc0022,232,129-256
5866f76d037f7b3a03e35c98f885a842900ac021,146,129-256
897813daf2e27ea03e9d8d3c71ee3449f3310b45,141,129-256
e5f1db0c469c493b3c2c4ecd791cf62b7c9123ef,161,129-256
3e0cac187a2c03715fd530ffd217b3e129c66841,142,129-256
7c0287d7e14bd29f349c34021962cf9426f65e92,140,129-256
31eb8be0199e91d5ef79a439b95d135649002011,193,129-256
40d77e77cac2216d5e96973942138d869fa34b38,211,129-256
fb6e61cc7d10f4d86282e58864c4770cf1bf8f1b,168,129-256
2a28c2c0d2f4b297beb8df78d38ad7e1b03a8b83,221,129-256
c252ff70beac575d2d3fa561d84a662587cc649b,194,129-256
458b4bdb8ecc2b521d8a3d3583e37ba862b50bca,154,129-256
85b731de145ce6ee50726d101e317bc1972c08db,216,129-256
df78c4653315f9902fd5030546d1da8ecffa8cc6,204,129-256
ee2694f33cef5c1fc93cfaa8f48335026205ee6a,220,129-256
42f04e92a7985d4f11e9059f1880573027703bbe,132,129-256
f562daf78a84174973a6f9c833bebf7415b388d5,158,129-256
dda9b3ae515a2f6b3c6d814fc14817c1aca7bbdc,231,129-256
a36ddb26b449b5caf9c275bb8e11322e1572619a,132,129-256
fe1d0fa642760ea0658a7934400149f7fa3baac5,203,129-256
73e96958d61b7b93b9af4bc2617b196b2e965914,130,129-256
00fa7a1bb14f2e253a2c33457fe8d59ccf807e4e,215,129-256
e5c9df2a3da7509732ee116a1e6ad5f93981538a,133,129-256
c99a2f2e081094cdb633163130588dff987f4411,242,129-256
87dd7d50d709f4fe4575977eba72a23f47d8e623,208,129-256
dbc7dac161f1df4a32de9234f8e894a500395784,147,129-256
01f7c8420e20e79e107e5a45962278d03db0a1b7,230,129-256
45a24ebab61059abeb187e16f67793ff8a4b8aaa,158,129-256
b7eca9e651cd7f75954216cdb0d6d0a9fd13931b,145,129-256
e2e02ea5c3dca228a2635469acd3fff4624d5b29,240,129-256
23bd91be2f250688fe7502fd9520e6b2ca300a30,154,129-256
e69868d2094364556868c68c20d812e93f6af030,133,129-256
df00753bab912b2bf0bd39b04f66b386af50d181,215,129-256
d03098d2818f7f989e7f6305bf801bc016001aaa,209,129-256
5c4e562049a7a8b1ab287924f95fb59dab9acdb8,129,129-256
fc96c9cbfa2b3d918e565f0a47a9e97055198da6,162,129-256
61af55ac9488ecc122f381e0cf8b1f17247086c1,144,129-256
b370b7b98b1ac34da6016d23db26353521b173cf,161,129-256
e4f8782ff14ec473e2d5f3593ad7056653d26615,143,129-256
4c5a128f671314ef9f215f29ba720e4efc317a3c,236,129-256
bd9d6b40465e1cfcab65af7b8929785a13d36b51,145,129-256
310258097422eae46e82606d96171165b1a53d38,191,129-256
d8046c7043f66389111819f1e26d6d0daa752154,141,129-256
ae5965e9ba28bfe265e8ab90864c5234bee23fd6,225,129-256
d6a377aa81ceac235c94781ba13cd64da8cfdf38,144,129-256
918a8307535f053fd63cc45d14a10fcac53b1ad8,233,129-256
eb81201ca050c88a3e9cf022e1cb0dbd2bb4f09d,150,129-256
5e0c116b5ce8d47b2c34207abcf6aba6732a59ca,153,129-256
7951c56d42ffc0062aa7af093d09222aaa8edcf7,211,129-256
a773f2af12ebb66bd43b5112c916ea71fadfcb46,223,129-256
62253504b424cc3cc3d1301390d5661f3578e35b,137,129-256
db61e2a9047f1ca3b4cf0b979c5948014b090d94,170,129-256
8322fe4a5ddf8cd71485cde3b90872ef9b60e53a,147,129-256
986a170d8191fdfb2ab00e8599c9dd1068908931,198,129-256
98eca92a1ba751cab92737ac7137471474c1d2a2,146,129-256
fe1906f0290b0b36f1a802cffeb6d3e2b71dd27e,230,129-256
0c114c55d5a60ea8be7343cedb2843a4a430d903,132,129-256
1bcd2b0af4f4b2f02a8361e85e6ce4e70a111210,165,129-256
1382a83d0788858053b15040bec4cd8b4fdada9a,148,129-256
32af253916f58d46eae10982d8fcd0ab15ea0969,140,129-256
8b8eff3d237a5afd16e86d8da5bfb7c378dd1639,151,129-256
a1e389cf950504a34eecb91dc3d4e189f641a0a6,164,129-256
a17faf77ddbefcd4e30bce9f80bde1e9ef1e4dbc,219,129-256
075a25ae8866e69f5150e3f4d68d5f27d8f0f304,206,129-256
c62de96e877b5fa3939d1fffdab5e421420d1402,184,129-256
c3a67cba0b0fabb0f5d67ff23809c86e5f0e35ea,156,129-256
4c76c1d61f086ea19861086b7be7d793387415dd,174,129-256
03404500b31ed87848b7d37f39a5c0b2141ecbf3,209,129-256
d81c4699069ab3d4a1dc51f8023091d56402e803,162,129-256
1f5192c615b05d5e2a1309733996b8d000a5ba06,204,129-256
3a8537503109c86fcddeb564f44dda819d6c9155,142,129-256
571c0af5c2afd27616432ef25a3f0d03f3ca4f59,138,129-256
815284539e575a74424c232f9baff01fae0bf6da,130,129-256
e876cbc49c0be48e097d5ff0a4a715a5c58e1727,132,129-256
bafc050fb8be823e4bbd47c35fb4ae8dabf526f1,212,129-256
eecb57580f52f9b87dda803655e31802f4763eee,151,129-256
7362c134dc5ae3145f762b29a8cbe4b1f77e1f00,167,129-256
dbd1dadb3c13be1c45bbdf743993fdf34c38bc77,153,129-256
747a76a08b6771944d32f028b4e8bb963da67aae,138,129-256
0a270991b40bf26b06b2a448f046a77f80ee67ea,165,129-256
8344c0749625edba2f891b0f0972eb1d09111ee9,235,129-256
d09b18e39cdf4e581733f31fd7625484c3c15ea7,214,129-256
e88ee5c3944e694845d5ffecba813ad3730e36da,188,129-256
60aa4d3810d704ad8af1355989840708d1ee1709,156,129-256
8746743734833a153f78e22ac115a5f93d6cb3e2,154,129-256
1214256f5d7eecffd9bb24a428bfcc6a9b2438e7,197,129-256
c4bdb4a1a405bc8d2fd99e83b08971d5b65b578c,131,129-256
42c30c14630a17048d5cd460cdfe52bd30b55e23,218,129-256
e5002e16a847f3d4a82b6b7a23da28be44c0bbcd,182,129-256
ce0274f6681df937dd9298621c8b7812c2cab8d2,185,129-256
5e2ba02e998bee01c7d06ab0174f3d1c04a0dde4,156,129-256
3cfb362f10a6c5596ce01728d9a09f0aad54da2d,141,129-256
ebae8e4e3eade34865379fc3da2e9517d3ff194c,164,129-256
f1c81278591d39c3e211b1aca6c1203f53add38f,198,129-256
27024d0cf6cf723c1f614c9eb51906fb79d4b7e1,245,129-256
3d655671c5d0c6b1866e44dd6bdcabe92a17b033,149,129-256
69213e08020c38e6eff19fc52a6ef1ca510f4698,194,129-256
b1c1d1f14606866f90f9c593e2e563e1be34ee29,153,129-256
968a28f9d3e317f41e37ba5d36137c62f0d3e99b,134,129-256
58ff8f917cf0ec8f94e0ef6d80d06e69759cd71e,238,129-256
f3e0882d63dce23f87859e3d2de1c7afde17a0f3,139,129-256
e7d542e1d7ac94f1233867b9904be1a6bbb7ef54,183,129-256
cdfb844a0bf8851e262383e208140dab65577f6b,216,129-256
a6243b21910f03e140455340e2ca137e7b65d20f,207,129-256
398e7be712d96e33fd6f67257f1a2231a4639464,195,129-256
00a30d561d7b1add07e2059eb4a43598bf939a80,191,129-256
cf7f262df026c1ed00232afe65293718c9c36ec6,170,129-256
00da39e505c3062cb3b4bef3373c0c96b2b019b0,185,129-256
8ad77179da2f553ed961557e3640b8be304df91d,152,129-256
5371be5afc6ad5370a9e1cd1d8710d9f9dc5a3b7,218,129-256
107e680e9d26f08aa1391da514e11b92dc3bd5af,246,129-256
dc59f5f51c9c1d342054b04a52f6179a2be43d34,168,129-256
db7a2b7f0dd6bb9e7f58bfb304d39fefc81775a5,175,129-256
1808d48bc7011d3fac9fddae2f548cf8109d3690,142,129-256
be4d0d3ff16e6f94bd97fd39a12ef7f36f3aefd2,140,129-256
d137cfd84e5b9307863a8febe08860453adca367,144,129-256
2695131fb37a3b3be445f2750e8f71f4454ba0d8,157,129-256
2c6bac03eaf2ebd8f218f01dd740e4c22f01d888,176,129-256
3c4443957a5825811c156b9e2dfab56fe94e953c,196,129-256
fbdd7c5b0ddd3ec78b0dbd57f7fda21cc87df00f,137,129-256
e0eab22d4eabcf53c1df4b239a0b1c0bcfc29896,157,129-256
1fc461bff10190a1fd3f42a561b367a1a42cd8a1,146,129-256
72c8c0fb894d59fa81e53c28802d92ee26fc825e,214,129-256
795288ebf2d961dd2346adb80f5fd40ea5b949b0,136,129-256
05b510c659d85c8f341ee7f71ba2d6319cacd894,248,129-256
1efd8e85a0e7ac714d8bf4256f6cddc0c90a55df,180,129-256
f16f8033ba0f302738380b8bd2aca8fa319339ff,153,129-256
317a36360b211241371b3fe4ef0652fb2d3c0da2,141,129-256
3f7fa0cf38b2dba0d9e48a4e8e315b11ad806368,231,129-256
6f586f58679fb2a6b3bd10707ac705d50a2be9a1,143,129-256
f5409ec3c0fdf461b121f48f92ebbe2b271dfbeb,254,129-256
f26460f5fee8888787fd4b3bcaadbb520c9f7a8b,201,129-256
1f69f816c2ecf6ed93f023690b29768be32d8001,165,129-256
eed79e5cfc10364cfcf1445ec40b21b4443f6043,246,129-256
7e18be6048ccf6a39dfa97a21d20fdda5ba29cef,228,129-256
51959aa708cdfb42f2a5f061235aff1626a065d4,241,129-256
0dd791045c11aed68f2df77b9106548cbd448478,179,129-256
af9cc6f3739724ca0fd09860af25fd1516261c40,238,129-256
8235c8e893024ddea6a1d16e591ac9a4dd3ea610,182,129-256
c2f61840430d003098641d03f9af014bc8d057c3,151,129-256
e27420a5ce49500c74e15828159a06dd18b9d370,130,129-256
f1ab857a195e53630629ea1fc0a40bc0f717b33a,247,129-256
f68a8bff4c1a10f77287ec699133462b40ea8d64,151,129-256
3d6e8afea992e5e54285e850b1004079d0dcaf69,226,129-256
866e645c97c0084c83f2f80e2e6d8d304ab1914b,160,129-256
def3d3395653166bd99e2ddd3dd416235fad8c38,181,129-256
b5958268ea8209d0047ec987bc9cd396335bd321,133,129-256
cebadbb74306beb527299936a2849ae93ccc7b7f,163,129-256
05ad5969985f60b5883f39e249994b3e99807c82,254,129-256
2818a36b4529f8554602c2aad829e7c71f4e588f,226,129-256
be59229a2f14a56d23f2ae1c473d03522b76062e,161,129-256
02e55183a9c50b7896029eedd067cab72381646a,205,129-256
8092e26df7356f4010b060f7f77ba3ddf5e53554,172,129-256
a6dac3c38239309e1a10a1e8dc1e65d946c7f90d,130,129-256
59b256f75907114ceb1b528b3a8ffd8c2091d6d4,140,129-256
5c93b39a724a50a203e9cec63f77da0b1d2f8160,171,129-256
eff0c01b6e5808e228fd0b1e0333afe2ab2ac69d,168,129-256
0bb27ed4cb905bf457fcf2faf100475576857371,137,129-256
3b5c360d8184a578bdd29c20304523683422b010,212,129-256
e9db930efa6f8b90fe83f6e6f1af9438fc490a0b,238,129-256
eb8685ccc8fd15a44445bdea962aea53e9f73a7c,144,129-256
099f0bafe3c1620ed984b89a8bd8d243e1ac2a34,170,129-256
4a45a8cfdd88c3cb109b07f0a55ef1f11453c176,186,129-256
3437811f81c6fe056f98af86180bf995f02667ce,135,129-256
783c6dcad0cc9a1cec7f6d88388788ef11c4b977,154,129-256
a74e254ea109aa418e4ab2ff2eea4cbc94e1bb98,138,129-256
5d89cdee4a6849f9ae19ed6ee60d97f9b8ad130e,138,129-256
112b44037d897cbc9ec6fd1c4283b85e008e05be,157,129-256
8e7a973cfcd7315fbb4243208632f5f6298a8218,184,129-256
5a78650e00edceef4af26810b6279ebe8371886f,215,129-256
8758535259d85e6b46e18972a8ff2ad31b6b1693,162,129-256
ca14689b07923131614e451b555ff0c7557e9e6d,153,129-256
49692f838a9ed40907602124e331b788ccdf2a4a,192,129-256
8ad8846914f0f63bf62347a0dd933c3f0aa6ffac,190,129-256
fa1e1eb0149ba7bdd35e4a2f5b011e6178992525,193,129-256
32801a51bb60e424bcf4869e0e982ea615ae5dd6,140,129-256
877f756058e1f306ef77d25db7739f39504bd369,130,129-256
1a37e26d55619155dac590ab68ea3d8f6895a152,235,129-256
5f0b1a44419413d358c32fdd4cfdff0487291911,137,129-256
cde4439707b13479730019ed4130decbe6f00a66,143,129-256
0bd23f076f2c7f90e7a4f4b334011dce9a368cae,175,129-256
6ce85e65392daf42c5bd7c8f1eb208976c147812,131,129-256
64cd28ff706292da8416e5479cddfc8e3177b9ad,166,129-256
c842ec167a2cf71a2e771f4849f5a54c174d2dd1,199,129-256
c831ddef785ad840a196b8d10ad8674546a81e70,207,129-256
bb25259e4c9a2cde69cd55aef69ae6f4bd7dbf7e,146,129-256
56420b76a4a962dd1f893715ebb7f5188aeaef12,169,129-256
af976d309f0f22941f4695cec6a077d59be4016b,210,129-256
cd0de2c23f584d8201c2401630a379152f43778d,199,129-256
188e7e88e5d0e49c8f44dcfded48407473f3319d,205,129-256
991a6ee038046619098a2812d013846baace07f9,177,129-256
b36bfde400eb031fbc8d41a8d34bdf9953985e97,180,129-256
dda0b089489030ddfcc9761de8e080fa50719687,129,129-256
1e98a8d48516484710d001645d7667895198daec,185,129-256
e7ffcab00a322ee13e034693891dab86b624aa18,132,129-256
d8cb921da65681d81417eb06ada99dc0c56c0073,154,129-256
8a206e1f7abaa9400817b8e5ec565ef52f87b325,187,129-256
d0fc222c5bc5295a708aab452a80fc05053d12df,211,129-256
eafcb273674062bc65fdc87705f64154894531b6,199,129-256
6961ebe85fe68860fb852f1beb33534cdad8a817,148,129-256
d6cc3b5d36490adc22e9be4a69d13fdc2da37940,142,129-256
02c16827be225a7e7d76dc3f40f3bb3fa2cbcf54,129,129-256
59f2aa457aeab773637cb393f6a24c296cfe4752,151,129-256
47b1cde5c7e26b33d685e00c272ff08d298fb8d4,236,129-256
7d71a219d78351b1887bf125376b9a60e590e716,137,129-256
f45eefbd3c2b5346893b03a7a59729413fe9b34b,225,129-256
729b01852290e73e4d16e5cd24a96b3333ae0f10,148,129-256
5f5db7cba6387aab865dc4cc62e2e45f1ba01427,139,129-256
92abef6dfd5a4011c0c46b502b7267b200c507d0,182,129-256
fd07a5de9dcd2c9895693eea391bb0b6ba29ba03,131,129-256
691ffadeef373d80d1f0eea1411a706a69ee42c8,187,129-256
0bea6afbdc0a7204a76b965ff1b18b15727bf904,242,129-256
66091fb57ad783ad85c81a7325f2f8198d759ba6,149,129-256
284aacdb7b641c56215957ad809785d0702419b7,162,129-256
059a2525b4bb35d7cdd1e2519cdaacd44ec23df4,131,129-256
11982a39fe04561d6fc8f7582352d2bf835df5da,171,129-256
83a2bb35a1933a3c6e17c6b049018b7282d67e72,244,129-256
d14c7f208f23e78be673fad17cdaa032ff1dae6b,239,129-256
e63f0ffe071ce6eb2001ab1228c4a242ff64ba92,174,129-256
8b964f7bbd2b74bb8d9a6a86db636f0aae43e046,245,129-256
670c12639dc55ec8ab355475dbc5cc4c5a9d5ef5,185,129-256
a0768e9e14196bf20317c21f41b023e0790aa386,139,129-256
95aac6bf36ebee5d94aad95dfc8db2cad022e7df,131,129-256
fe1355ecc2a63aca250328418744b9d6784529c7,152,129-256
535745863e369022621ecb251a9c16bdf1b41c31,232,129-256
1ee3fc5534ef8aa391174ed39dc14194427fc11f,145,129-256
ed9e36c28a3a245bbe6dc736e183455be6553153,131,129-256
5fb3e9893e282b2e6b01c95cfbacb2106661bf09,136,129-256
9d07fdefe41054a92b637e60895cf2e585abe066,143,129-256
29772bc298ec1ecbc99558a7c81efe7b2980e468,156,129-256
448696d158b42048848218bf60887146f513a71b,156,129-256
4b43d993e7b0310ecf27f220151a0b772f1ced8b,137,129-256
fc473f660068d6feebeaf5d195ec386754605c52,131,129-256
69c8584bb0e36366c4e6891edf09111bf1691cb1,139,129-256
57a6750914a3288fb7fddb74cfca150393c9a32a,235,129-256
c9255263fb16716789f2cff2f083754025b2fb43,186,129-256
46eae7de24e1a58896f880cd0d1dafebc430b763,225,129-256
8ba146a05827e603e5681dcbb19dd2f5097b9781,131,129-256
a97740264d32adc47cbbc7746618247da7e1a56b,202,129-256
8981573678e1afead3cfcad102d34950a129d3ba,146,129-256
d130300d2fa31f5763bb43ca98aff7a43995586e,134,129-256
19f1308d24eb4aaf40f7f0151a3b107d80191f18,148,129-256
5c7979932b59ce82517229dc56fbb24a0b18a6f3,152,129-256
4d918db6f165ff8a35e5d9c36e216f18e87a6526,205,129-256
05c5dc21b97ed4d741789e6ec496738e2583fc37,230,129-256
a35238f5b3322bae8275948482d75f63e5a9e2b7,200,129-256
706904b3528eaa3ecf9d816fae0c6f285570e165,201,129-256
1ac7a182ea3769220746a8d7c1dfc54ade22e884,246,129-256
5e5680f9e6ad666b9cdf6a8a24bf22e9095a5b09,184,129-256
ffbec3a683d1ab9b910c919c9080ab9dca922a3f,133,129-256
ff2768f0ee029fc01f16acdad86b5d9a77ccfb4c,137,129-256
2df1fdae8441cd71d1f7d37bd50a58a5dd96a439,138,129-256
e0c2730b120b44eb36531fb28c897144f8d2f26d,131,129-256
8d57f75bedaddf1dc01826f34b5b951c143bf72e,182,129-256
0f7548cf86e328b8d94774314d7a55944cfccd90,150,129-256
cafa25b238001b38b15a045e0fc2a231308e51d8,225,129-256
56381456a69973e99369f9079cb8f6bab9d25952,134,129-256
f5dae422a3c243050474175d80912b112bc6ed4d,254,129-256
62c5e3a448385188c6ee5b2ffd00f07204246e1a,181,129-256
2012bf6a6cea3f55cc9996b7c2cbec164b973546,172,129-256
e3148b991805f41a5b97a5f17c28b211f023ab13,207,129-256
85cc328939c42f0ab878bd17832b1c9d21284351,159,129-256
c7b241966ba3eb40f657784dfe3758db1ec66dc0,156,129-256
505a82115e0d661705d6c022e23f8beee3070702,175,129-256
907a25621c93983d1214b8bd4959c2541fbb04b4,139,129-256
baf51dfb5fcf8933107d03fa596f7a7dee06ef91,144,129-256
08665bc700f578a07551b32bfbccc94e5ffb6cb1,223,129-256
a87c88acf806b8766330530d18fbc703411f93b4,151,129-256
97c85d743bd2d85289d3213dd2a6e8a90228cac8,147,129-256
55d42be5ec8b330b586cd7ee069b7170a8dbdf1e,250,129-256
3b35bf6c0596170a5090a8a09658678b2bd724e6,161,129-256
0ba8381b220da8c78c2525020fb56ef01933bf4d,212,129-256
526bde414d1cea917a7b992d63964f2d4d29fa3c,129,129-256
5c03bf00cf04efedbe0bb649caaba10f2f2a5dca,168,129-256
28da709d3eacb42530ef4cdc744144225641e1be,212,129-256
dca3f6f731c0f6318371436b30c9a4fb2c031b44,136,129-256
22c704c1b943c979e5000a909ab8537e052a8152,141,129-256
7ef3ed888892ccfd610fcee4f7072a2f5ccf43ce,168,129-256
ccb66198efa34ff413ddfda52c8f07de7845a2e5,131,129-256
3cf6a0492e36461edb261d293184d3ab0ad24511,171,129-256
9079ef62eede7a98871c897af22c88f87e21ddc8,131,129-256
02263055be3bbb97199c981a2345dbbf8c3ffda7,151,129-256
75166bb9ad03507de40fa059da98ab962f3e1472,130,129-256
0e05c4f94ecde905cb4ae1eba343852200d1d7cf,166,129-256
3ac972ce26a61d0732c2120f7f191531b5623b21,130,129-256
e78e0e97c6196da8fbdb7d719f8bcc5c56e4ad85,142,129-256
01087514bb707f9f360074fcb386e4db3c8a98dd,147,129-256
e6ed48c30e594a680dd4bf473a2c611a9e6d7783,352,257-512
80da756ae95c0e8d7bfede065fd9607b6f8a2dcc,392,257-512
77cb18417c177e7e18ee8164ee288e8d80554a60,281,257-512
868f3ad96c2b01757a21aeabb094356237a0abce,439,257-512
bc0a637f3fce02fbde1f345081a528ce158cd886,293,257-512
512e27e08825412111977b975d37f8ee58c8e001,296,257-512
bcd60b4a6da7af3c579bd938759b66d48e5be7cd,328,257-512
ef62350ed405b15ef6e6c2a3421a033ff028ba3c,348,257-512
bf6836a4420caa76886dba4f28dc4a2d8a2c8f9f,270,257-512
6ef5a93187a193028041837bffc187284ea46ee7,270,257-512
6f04312679dc2b6c0116eec54968b58b34b6197e,290,257-512
46027d7790f60966f486abe737afe7d8a473c504,290,257-512
5feabea5d24d598a76da386499015d2005aac034,326,257-512
bc0ec81db7f96fca79e42ceb5345747d29a6108f,323,257-512
d40c7ff7d5a3b5c35c6a35bdf9ad39a922a04c71,294,257-512
a19287bf431ef04155148229a2523339952af0b2,257,257-512
df39412913f45460223cf75b00fc573d7a542759,266,257-512
bb8771965bc44d30325cad4615415f718fb72685,268,257-512
de6cfe277a1040e74f189cee5f454555afc35702,415,257-512
2d72a6718b59c1c9197053eb7728194102122fc3,379,257-512
30663daa2d6a7c6a3086612c216c686bb97b1e5d,310,257-512
ec26e7c7d361e43ea443df429de1210386218b20,289,257-512
8dad12159ef1d50339d846596b2da56a8a84a9c8,313,257-512
e8cec5b06f956b6f6bba17105eee4fc4cb6ddec4,308,257-512
d9e1a71d9b86e4fa05ed0e6852226ccb1e6a4e5e,283,257-512
0ba78e8caf19a748e2e0e800977b157296e67547,270,257-512
3aaa0c0fd47b26e98892fb73d3e23c9486a16f49,273,257-512
0d828b65a99defa25910d92776437b9205f229f2,284,257-512
1b23c628b8e2374176c9495ebc290831ded71fb0,294,257-512
7313faca64c7280c62c750bacd7321b69582fc54,320,257-512
543b16f76be85ff7571864369aefa5eddb74de1b,451,257-512
50dbb557626b0ca3ec715a85648bee37f97dad2e,335,257-512
3ccf31d7fea1cc2eb3b682f81e1cc027439a2983,385,257-512
2eb404c4c1464a1bb7e00296d1da1ec6b0d85515,293,257-512
64052e5d36c2087777b77db6446968f0bfb6dc5c,280,257-512
b26ef598ad119fa6be0178c43aa356c03cc7bb6b,294,257-512
4a3aa916b1b4d7cfb1680e71bbd5ef0f6cd63d58,351,257-512
08ddf7c0f7186b462d783da82bb7b750e97a07dd,460,257-512
7597d5139f53589d60cc06fb830c6bdb7441d8f1,338,257-512
7efc61e78a4495bf961697645fc9dd78a7aa5c4a,295,257-512
7e633ee51880f316d85657710f178f597def00ef,318,257-512
2df42bdb2ae9903988456d87fd75a80387078516,264,257-512
64b9b236dcf91efcc2c93096750daa02ad6e1639,267,257-512
86b28aa484625e78a6f300cbbf47d8a2dc256969,501,257-512
443cf3edcc1c38880bf52b6d9dc415aeba672e97,456,257-512
eaabfcdcf255aa44070b41c16f4f8eb2c41f945e,401,257-512
85a86941ea274680ea62ea608c4b1bb3c43dc719,310,257-512
d82bd91185c820590d8c5cc27054ced83694c901,269,257-512
6d2214667c9ee8af76eede68cf336885d935c64a,301,257-512
2950259927883ebb0e6e85f40320319540c38dae,364,257-512
530fc931d7988f4c90f4faa0ea390c2807a3562a,426,257-512
b3697b86581dbcf66c8247a2d903a24da48701b6,273,257-512
1a171b14f62bb3b5c86a4eafcf2571ea6a174524,289,257-512
c32102ebccf572a9cf425611b3bc1e692111fd18,302,257-512
7ca1f7afd109ee385dfb7dbb6c255605420a6976,258,257-512
4f230cfdd3c660e8973a05f3c3ab9675c6694f94,293,257-512
4dd59d67842ee5c39da272690b63271deae4d58d,278,257-512
143d8a7a25a8a55433806a678b6b8f7e13b436b4,367,257-512
67b40559ffb9d0ff6f2cad7fa3f4368a6278970f,290,257-512
98863ca77623c4f29f0f128e8320bcb1103fb51b,311,257-512
989c21243d0f1bca8a81a28ae7ed041e597302c4,509,257-512
ab6f9f3e5f1e530767b1fa9666d52113484d0a49,314,257-512
6b2ee125dc7fd85b06d570615ce2881a7243c784,358,257-512
1ee7615cef7b7d199371e44c58ef719e754124be,496,257-512
1f773ea6183425df579bc59f831522b9e6c5ab3d,290,257-512
c142ac7507ca75c67e487ca712b697a36c6b9604,287,257-512
20ac69c75582e0dc6ee0e3655680e4375949f3a3,291,257-512
b8d0a11eb82ea80931da518499c66eac6870d8c8,284,257-512
e99f3451c184ff729bc80702325ace57ae53908c,407,257-512
6f5b3d7f00ec38b40b4f8188afeb42cb1cd1da0c,302,257-512
6b91f334464d4cb397c58737a73043d08b5169d6,269,257-512
1c608a02608f0be2cea49c6aacab8f795333db91,324,257-512
689883ae485245c7394002662bc754d08cf81104,477,257-512
07297f941c09cfc317c3534a98e0ffc27a36d145,345,257-512
9ec6985fabc576b9be5d12783c7116ca38d2c321,323,257-512
6d1be1e8fc110cb23b6443beec8c456466c5e780,338,257-512
ce818aa4f39121fcabfd8c8bc38e40b9084e4a6b,353,257-512
64fe34e5ab75b7a77bf00458bfce50076181a3fd,267,257-512
233814a3c5774492bb293ed029b575aea276f966,288,257-512
4765b5205cbb14ffc314d69fcfc5e195736eaf1d,478,257-512
a4a35ca75c8ee3244fce7267a06148ac8e3571a6,345,257-512
e9b6b767a2d8a78e59d0e6705dcd0575a837ff17,269,257-512
a6061db2d16a521e8499b719e935451ea617e271,459,257-512
d106ee26a28eb28ab8b984e42fc18aa078b538b9,273,257-512
2811cdb120a95174144dcdf04ab24ab88dfd983c,283,257-512
45a381e4e31afc41121c039499454e8443637011,349,257-512
4331bc84c6077d774aee29f4d7632f69d0c7f09b,261,257-512
f2b42dce2db5bd084f61e8377b09ca2648d017e9,403,257-512
19e8d4e7a2f971ce0444eeb8ba00585abcac2b31,388,257-512
259f1f7c0b3afbe8bee5045e47194cec86df0aeb,361,257-512
a3c578f52009d944e380f5849021aa8a71ebde44,270,257-512
3b1a3df37316b2ddd96c6b77225c9ca405d62ef5,495,257-512
24f9332844d831f355301a8bc876792bf8e20398,397,257-512
8e623c89b298f70440f1f1a07047ce5a36f2007f,259,257-512
672ef6921db4e74e875ee00ef537c0cf4ffd850a,273,257-512
721b88ac0c67dfd682a686c6fb7bb72c717e361b,378,257-512
f726d702f189c743792a2075761c6994569f06f4,288,257-512
08a9a2a2b5a507a93ab9fbdecbd7fc9f11e97dd4,264,257-512
858ba6e85d44e4147cbd54059730071929fae875,288,257-512
99a0ff15cbe5fc1f0c25668d7ced75b3b73f6f7e,302,257-512
6d188720b9ec7d8f643d44a3e26f66c3dddaf233,351,257-512
56abd103e44841b5ff241bf0522e93edd8b16740,265,257-512
86b25c0dfec439eb4e4ed1a1e1af97f85be0f609,337,257-512
75685f310910ba12f4777aa7b6a6879df265ed41,429,257-512
e571ec45a1d94b92be42ec9521da6ff37edf4826,318,257-512
bb4cf88b7fff1a4b6f98ecd5f60d751974313c44,326,257-512
66aacd6fd71acce1089597ff1ac0aae3e4065455,495,257-512
4b8446ea306d7d3f8218a8850158b0ae084a988e,468,257-512
77188400dbf24b2af8353d0db3694ceb64dd1fa7,305,257-512
da7de524a262277d385a49744d2258e3460936e3,272,257-512
76daae2809628c8adb9641485a31e5dcaf90251c,352,257-512
2be2f67d0369ea1b6b924ff499d84f7d7c10640d,344,257-512
857038167d06d080ca777bd3c5590fa73230cbdd,485,257-512
efc0678fc6ff3e9b873943925247b55de5c65ddd,480,257-512
1be49b176f7bf671787c40f0b7cec6e832e936d0,276,257-512
afbf7f22d0ab3fb4339f4788a45342f6ae03be34,512,257-512
42dc38a570e2c754599eaab824078a4c0edeef4c,274,257-512
91691266da8ddf4fc1a5fe2fbd154015430146d0,477,257-512
a2d016371e2e1a2b3ec27c3676b0463227307cd9,291,257-512
3637e84a2add6dc4b6f3866d03095118e64af28d,267,257-512
276ccae488640aa737b13bd171d495868c3f3a91,336,257-512
505be4f20a5059b792fffed49d005f9554c67a3f,474,257-512
4fcd4304bf09f8e0602aade5ed294d6c6c2bca36,401,257-512
2972ed46a2cae4268fbd324bd8018592a5bf0121,404,257-512
9ea250d6cd85978cf4171d2097fcb69db69e2afe,366,257-512
805fe53883b51f0a1fa3316f8e10fad6f0dd08fc,373,257-512
f764c2cf4be38a693e2b838b9e80891c9da67c38,381,257-512
e8c9c622cfd3e7fcac417b0a2a275f80f2657342,314,257-512
97d51e9cd15a329ebfe5abb38c31a2cfa4ccfd0c,320,257-512
99099e45fae40f6d3cfa6605ad7f31e085556092,422,257-512
f98eaa700700fc3bf0b51891f3b6c3254d65598c,338,257-512
c7f6f263363625272f7d2b816236d6e68def6235,385,257-512
8a7dc35ec38d39407ee5fe1ba0113dc69661fb73,282,257-512
48cffbd099578677013526b7a3d6e9ff4ff59aba,466,257-512
caae834d7d49afbf6e810bf5399a5c2f0544750b,291,257-512
df306854b25c7e11301a253f9e05fe57bb3aab15,323,257-512
dcbe11f168a2b45ea435132b85f5d8f332e55fb7,419,257-512
54100ac1fb264afd0e48e7464e4f6e97ef4e59f5,267,257-512
4ac0b5fc868ce7143c83d786b1f19f73f5a28a9a,279,257-512
dc26f439500f0ab2042aba09f63a402367b7f517,307,257-512
0e166db6c29d9df840c016a40595a167b6cebe44,274,257-512
a511fbf25d6081aaf75151e24769842ffd86064b,359,257-512
c9b57c5c1d75b094211d91767ed4b47254ae0d98,350,257-512
aa64d35db1055859370ccae29505f979688e07e0,289,257-512
ef55e27cc1853ecf2790bb315335894cef4c59dd,398,257-512
eb9b92ef2b8f62a3d6c2ab0b04f663b2a78d253b,318,257-512
a78cdd92c2c88189a9fb2a05ca2b4fc7dd099f38,328,257-512
9b2ca43327b751ac2c6dbfc3c34d2442febcc7cb,260,257-512
a72380668f1e7fb47d257e5efcebc4d49c6f6600,504,257-512
de177b8282c4466f1340183e13add3cfd49c99f5,368,257-512
b332e4afc270289f196b68d73f4fdd5582cacf7e,284,257-512
243edbb486b7c106e6e63b8639e94184cf0c0259,414,257-512
fbf75eccbc41e30a842173d28add521b15b0989b,402,257-512
26c37ab44b515273101d3f968f64b9bdd1bb50f6,370,257-512
3cfa51491fb09bf6bfcf9ad80ad52b313f5ad7b6,286,257-512
a93a20b08a512bd199e16c8dae80f6251e4e6acb,333,257-512
15f8172c8a32755510a1e78635abfbff125b4a44,265,257-512
3c4b86bbfd1b492187804b735e7d209560d61378,305,257-512
711f107e22836c9d30e5805f591f56876772e577,268,257-512
8266748a0f079ed35c4b423deecb0483052598ea,271,257-512
be6384521d3490bdcf904cee408b71acf8c7d6b9,292,257-512
716a4482d4a1dbf9461907759f9cf898e8e28452,262,257-512
5d516386770e6cd3001f81ae2454f921345d6250,487,257-512
7180715399a25c1f5e7a302e92031706083fce09,367,257-512
b0780d5f196e86bbe4a5f1f0da6b3213f28fde8b,276,257-512
9f8a47981782643039954368a959e38ece475a6f,321,257-512
e44a61129c01397460ce5d65a056f6c3b64a0624,389,257-512
3c40a7b8c8247d375e1474d6b2fece25492687b5,391,257-512
d4ea36049cecd5ceebe701b8d370abcafac95f35,411,257-512
946939390803e545fe7cd9350ed9696e6eba3389,316,257-512
64af3f2cfba0258bb641917b76501211a55f17b0,475,257-512
8fbff18d6cb5431ed4e6b68293046e4c6e03d42d,292,257-512
cf51b96fe0d41cf9d5ced56dde6f74936efd994e,378,257-512
bb2c9d4988b223eef3b1c500a4cb0731e6ac6413,289,257-512
280fe79ae57a153b474079faf1e3dcbb6879fc49,326,257-512
4bdd022652a89ea367d016b000a12daf5dc6354b,299,257-512
e8f22650bc515bfbd7758ad33181b271c061182d,298,257-512
31ba261e5380a81e5ee43fb8dd68f141e05944dc,445,257-512
3c03881e60843a3bfaa5009a48716349a98b8130,370,257-512
90f56626b44c07911619901e964371e9f98c78ad,381,257-512
2e46f9b9cadbbef54888e20efdb524be4f824fcc,370,257-512
865ee141dec8d324658964f9d50cc3c4977fcde4,292,257-512
a48f0bb99669907e8469e8d900a154de6c13ce59,445,257-512
b854d4f5cb123302e5162f3d0404fa983c9e48dc,285,257-512
ac25dff097c6f8bbf68f69d16ce2aaff4687ff37,447,257-512
429c01716133028169cc3c4f238b7dea4850bbba,378,257-512
bdd7e772dd7ed0308362b346ab351ebfbfa8b532,294,257-512
8713615c40a51608b5a9de769994f663b3d63dac,369,257-512
2f2e37163ed5bd3f2e25d2e52e40a57bbee40269,383,257-512
acad4fea65f460f418110a3a36954ffcb0a05ee8,300,257-512
3e1d9ae37ff683cae8d54df521e7c9690279f787,356,257-512
af5d1806c2f53e63de5a47cfa873c44f92adc96e,328,257-512
6123995064289e53b3354ad8d368d5750c4d752a,325,257-512
16d5a9b87ebe78b2ec320c763853687f461f28f8,285,257-512
ac3f02f8915a3060710dfacddef49cd04aaa58a6,386,257-512
2546129079713daea3248bc1ec5b9f2e71ad1487,269,257-512
91d333044e7ec7b4501fd9c07f539c9fd8dff732,320,257-512
a302144e4956402899b4c28e02b552644ec58b2b,355,257-512
b5a192fc59ef26c4d4334ac35c5258db69e5493f,287,257-512
65811c6c54f0bff0ce8d3eed463201ecff698fdc,352,257-512
7e34e768110eb07711f09e24243a9eacec1f0216,283,257-512
17342dba6a05a11df4d7538ccd1464bc11f12e6b,420,257-512
152bbc4a19e8e90cac66adc7f72058cd1e1e8a31,303,257-512
7dcfc1ade58f27c06ba7b38f121d1b41fbed9a8f,299,257-512
c16beafe6fc31c5d23180dca72b09b5a4ea28c90,455,257-512
20fce36a58d46095f190e93c3a85d5edd072897e,479,257-512
c15b5f44f21a9008ba68bea3fe7b2cb2ac45fc38,387,257-512
d6946287d0e3f7d52c15d28dd5079ed0713b1dd3,271,257-512
4746165fc86a34e9afc5547cd804268bafb455f7,420,257-512
d146af8e1df7dcae0083b93fcc0f90cbf4d36bea,258,257-512
f5eae347eb44a78d7b3285f413dd84b6b7c221dd,349,257-512
7a01d1f5108a699cca93ded3e982ca781e020ae1,316,257-512
f2a8950f1fe946d5bd47efa5562facadd8d00be5,498,257-512
1e54de5987afb607897e535203368311d6b6f1d1,352,257-512
8b417a050acd22b4a50ea99e0abb78424715c58c,380,257-512
b1679e5ee6e19eeda50fbcbd62ad91b266305ee9,358,257-512
d34973607044f49c969f3bc121335642716484bc,374,257-512
555af0087ce6786ef1d950b3d7a0007081cb2ef7,293,257-512
87e9284ea159edecfe85aa2f6500f4b4cecabd8c,352,257-512
d4f633e614b73da5b84431e4953cae9e9f3134b3,418,257-512
561c44e5779c26c597a081d62d0f711c3623ac55,325,257-512
1f50099cce6c7cc78ac04d7b04e33014815ae41c,281,257-512
1598e6ce35db297208f5a5401b24b059cebea15b,397,257-512
851d02a3053090a247d4ca136fcb3b046c0028c2,279,257-512
55b44153800da93f21cf0757fff8828413a9bcf5,325,257-512
bcb37a7b593ce38a7b2316fd825ba741971b1c49,269,257-512
a28bab0f4ba6bc33ed3499972916e2025e71ea48,409,257-512
6ac8050d9e9b02a1ca4b4566e0f013ae3b151744,381,257-512
87efe95a1b1e92aa641f966bf1efbe1378ef3135,366,257-512
591ad209b62c2fc75d1b0881691fe1a120d1690d,308,257-512
2ca5bccfdeaa32a6d710c34c1ee1ac01833b1a59,309,257-512
6c57d9642404eaadca0bd194ad1cfaec3935a03a,279,257-512
4f776968adc307e973435ae14efa6884b933f4bb,362,257-512
d138e1e04db3f673dcd10535d19085426c36f239,427,257-512
c03a2624c315a7cdcd8dc09e6b796e842a8c568a,378,257-512
cf33f2685d68ee959d38b405a7da515cac5be019,286,257-512
1b48d77e8ed65dc2a9650c780d34caa55ef43309,307,257-512
630c1263469ec056014f48258c957d0b90f5799e,384,257-512
fe07b9c2137138e7f65aad578e91cef50ed5ab4f,294,257-512
f2aaec3a4ff122fb35e3d08cd75b62f745a2eb1a,315,257-512
6252456db3b20be075170bc03b444417cd3e75aa,260,257-512
60b3e37a7004d2e0744cd6273612b1c3ba5d6890,285,257-512
9ef95a9fa0bdc686125c3038bc909468f946e05e,397,257-512
43c5fd7bb481c7e2a65ce15f97bf52761380f2b2,334,257-512
4a12daf0c5dc4bc80c925a3d7e7fc47f4c3837b9,363,257-512
f431539106f080942184b5947644968f64e4d047,295,257-512
e3399a39598ce4e79281f8e7d388e3fdee605024,476,257-512
acf9502632e7fe81eb4bc0ae6e02b9a56b3a8675,495,257-512
99d0c9789c5f5b3781576816f5f6b3042f980149,274,257-512
1792c4109a3d738bd6a9980ff2686ab54c9a4a36,258,257-512
b4e0acff59ed526d8f284eea345bc866838ded8d,373,257-512
fbe4bcbb010314acbe6db0a915d8911b0f3c7950,261,257-512
9cc62f1979d8780f4c1e07a315425d6dda9d262b,390,257-512
b83b8812f82d38b22b1fed79b7cb35886f561344,458,257-512
aeae103b88a18a63402525aed8db46f5fd57f679,438,257-512
270dc7cd73c173a2731d94c8c2beb4e3c3feb192,351,257-512
355d33b16c6bba63329e29900c606e591a5fecf0,300,257-512
78c0c30ce6f855655b5c29b7f87d02b3ea9346fd,428,257-512
7018ea1b8748674ecc77f6b9f5e02e80b72d3db0,287,257-512
ae0bca1ba14293169b47a0c7b5b5c821f2e2a826,279,257-512
49e9cfb79a50a578bc093fb18f9aa76e6462b26a,335,257-512
2ae267423f69590341bcf01f9faf222a1f47639c,337,257-512
d7621482165dbdf5a7c431817717bfb17645ad96,273,257-512
a06709b4d07d8f0e117b27670c33b696f774c1cf,275,257-512
ca067988063d732530bd383ea0565f6578430d13,475,257-512
87513e909f6e09ae0e4895748a174ecf89f5c35f,459,257-512
6e2af0da8abfc96de47be88dee3b03e2aacc28c5,292,257-512
f95b370761a794241203657210f2fd266445620f,322,257-512
4e953aa42efa4083e5c81557dbb2904284043bb6,378,257-512
893688415d21f03c95043b6cfd8a6d191a8791b8,391,257-512
069afe1080982c975d29db0bc18ab458e52b8a83,340,257-512
4935e85057b2cf1e407f93423243041020456ba0,285,257-512
ccfc3da1c7f9735cc7c2a9955d018366181127cd,437,257-512
e7b766b333169247923ee989f58af7606ae577de,424,257-512
698754e32d8c104aeee4853963d08986cfba266d,482,257-512
bf8fd95600518544167dfd3958a1917ae4c1d352,276,257-512
81908b0adea1b50cbf20a2197dee4711c6f6b20b,270,257-512
84ed9272bf432529c39427aa45795799143d6589,511,257-512
266bb42a177ad13bafeef512ef0f5c64d4b4da36,416,257-512
91e71403e591625ba9b094ae4a83c3a57022d663,463,257-512
71976379670925ce0b041db43921169944145af8,451,257-512
41ce150f7f738980021def9c28f3454ff4174812,271,257-512
b31b46463ac231e15aae5f8a5711f3d850324a77,371,257-512
4a706390d7aade04084a0981ca3b4615c9013b74,357,257-512
28a656e0257bbf838fe2f1eea2a33a30143f29e5,290,257-512
2263ac4f3792c48ef1138924d2ed73d3f60cb74c,302,257-512
465c0e9b6bcc5f84a9189e42305b678921816089,257,257-512
69144b97fddf2827759bc2f58b0ace4ea245c97f,299,257-512
2f20860220cfa0f92c688126cd8fcecc30f1a566,337,257-512
fa1f0a92cb6137ecfeff156268db286a811ed165,304,257-512
dc09153eb0e771c223c2acad9f302b6d0169f328,301,257-512
6e1c6c956cbdf30b707cba47e641a12ec79addf1,273,257-512
ec3a5114b01d66526406aebaaa9e2f9e4da522d5,399,257-512
8d5c97209e6d55e0be6e087f94a44cea1dbc383c,283,257-512
31af459124cbe8b99048e628dcd99e6e4d835d45,286,257-512
132554e6b055986ecf73f5491aa64d49ad479c3f,360,257-512
6d503634c9676e6f2602c0a7a6865f7747b13eea,377,257-512
1d223217d1083d49a0e6331340cc5a573b1788a3,361,257-512
edc3481236ccf9839906fcbdf7de9d67f5999d8e,481,257-512
4f875276fc9a2fc6ceac645664c3263e4bfdfae1,400,257-512
99d7911726c145830716c47129d54ef7f0af83f9,282,257-512
4e257e2d68d672411c9156a01aa0dc18be62fd7b,425,257-512
c31e72f5f21517fbb628e56016bc947bccfc0a92,310,257-512
122e73cb63b14da2b2eb7aa02e37669402a34e09,277,257-512
3bd498326aaf4067c72c353bc668d4c3f7074a9a,277,257-512
75d2bd6edee943bcd418455dd7efbd4462c3c87f,374,257-512
5b0d2c88efa602f0189cb0fc7fda587cf0c897b2,485,257-512
b819791af05d9bf135d2f892635c0eae6d33a026,463,257-512
1dc372ef259f3122e7e0ed104fab49c1f23e5d89,493,257-512
92c06059946820a0ea893fc374f36df9a967764c,304,257-512
53b8d85deb90b142553466042bd2a9c9acd61f62,492,257-512
ec550b76436cecf267bd7ed7d7afec5dbd366946,274,257-512
3531ddb8a353440fe0c73dc0b885379660291103,348,257-512
2af25042932d325f87483f9531f53e1fbb048d9c,271,257-512
40386e387d3f83fde8634a5a3b28b6e428f90ab8,436,257-512
80382fd7179ba867ddc4c2191fb18ac926ec891e,416,257-512
c189e69a9a5dfd38299b8b21fed3e83359d821e5,298,257-512
f8a25da673e8ff72b755be69123745d80f4cffcd,355,257-512
4d2b46fbb6f32f70a0954c83b789f85dc1ede090,269,257-512
bd4f99a85f3fc0fc363bebaf279c85761b5e7ec5,334,257-512
99fe0d4381d6a9aa857622b8b804f7dedef3e22a,328,257-512
2ed12515e608b78ae86bfc783a19e58a3a10a435,258,257-512
4e152b5fb05343f1ae2548bf48538f8b51ca1aca,270,257-512
aaa4efbd6b0b07b4720cfa187c06000dadd116ad,440,257-512
eeea5221b08496fb16403ce68ac52f23fa6cea7e,455,257-512
cd86499186c3a4daa6e66081ed272b5067f7b829,360,257-512
ba3b8c17f6ceb827d02a9063ee1fb8316243e087,352,257-512
8020b1e800e902e19d8c7637cd56014deb125a29,378,257-512
2d488c8ea4dee15b496b8178b65890219404ae86,301,257-512
e71e826cc06c9849b31605a9f682d96663e35090,411,257-512
caeec3f93c5f548345619497de61e0673d0b11c8,278,257-512
deff8e8d613737f25deb9e45229f2264414e655e,264,257-512
ba28ee6dc8705eb9239426ab6a6d03a7f2a42f7e,269,257-512
947ab978092f49e794c542596d2171102d751107,445,257-512
3e98a94b7019774c24e161b1f5c05e363ea5caee,317,257-512
5416adeb1840d62982d200d05822d53644a1b528,263,257-512
c4c51f4af8e40957fb46ece89708542e33977c4c,477,257-512
21980d2924ead5240bd7996a29680d2129cfee32,352,257-512
dbb09c8974148f8dff7269ea5c6d3c9a45803d4d,411,257-512
8fbb0ef757ad7dc010ff3928b0c7ba41aaad7d38,281,257-512
226bb9caaf26f341e2e4dfff73cb8aeb7518a4ae,284,257-512
fff4267dac079e083fdf2ac9e191a46962e83994,307,257-512
237273bccd877db01aceb59ae2cfb32a009f02e7,280,257-512
d5e015806afa92d03fa7eff097274333a50d7a3e,258,257-512
d3e39a550ce5ffee1b532197fae7050b4baac066,260,257-512
48dd04a4a3006d98064013cd4c131e2c085b2e31,338,257-512
79e60627a7803f77145cfbbc87954abf82af2106,274,257-512
3f3360d39e39b8ac99d879364e9a35c4fe1f55cc,364,257-512
522936e250189d5a562531cf3021a3478b146225,258,257-512
1943a08a26bd3070755ef73f2f9214d741de1d60,326,257-512
4b371a075ce88f2dce937be9c252f941c04fa5cf,356,257-512
f3ab116905a17491a0f4ce55126b7570ddb9584c,350,257-512
618e5389d65c77b0d15c56af84fa589ec3fb6289,274,257-512
405a1dd2251f600303b7c606e63af142bea85ea0,321,257-512
9e060f155720ee628367d85240304aaaa3f39007,466,257-512
fe7989fb94e00377608c82f75c222c2885fe8533,314,257-512
757e12e2870a1057b93325016e55cf72ce503d5f,361,257-512
d9e10730630e1d88388eed41123fbeefa4cf4ba8,367,257-512
12a5f7c100e5245387bdd44bf313a57c8294b46f,280,257-512
abeb1093836f9bb90d6723e5bdd125cce6f4a2b6,380,257-512
c62a737309a3fce056457dbed2350c938a9ed47c,336,257-512
81ac910c87bf80abf820bf7336523bfe36c4c7d1,430,257-512
cf3d351eaad5361aae17cf0459ad14678d098259,259,257-512
f756f3de1aecc491f50d6aa24b030e9c75bd86fb,323,257-512
38f8c46c040061b4d3b3b0743e984ee49c8de563,391,257-512
61e6fdb44ea0d19beb95c093a105635b2b318d6b,499,257-512
54345a879d0cdc188563ff43bea8e352e0aa41c6,364,257-512
f31302c8a19a065994db6c682955f84079012d7e,257,257-512
47d29ed04dae870f3899fc9ef71ebc4bc3572d13,294,257-512
bc0d2c193eb20e26e8d52149ed2e8cd507d57046,261,257-512
d0717de9e9c8d4f552bd6f00e58baf19afb465fd,288,257-512
4953a41fbbe42de0c4b75e9b6fc002715b525bd4,421,257-512
e4bffe0109332da7d182acf6006458de07aae776,351,257-512
623d6319f098e872a36795f59af1b45cadf354d9,397,257-512
cabe777af5ba01f9d3760ee90faafa0373a7f8f2,293,257-512
81f5a1ce342813968b9f9ceab4fcb50f28208795,347,257-512
3e2847d4ce61b796ac14be9be68d868da36cfe9c,381,257-512
976202fd67e989ee1b534529ef014229ca83c4bc,268,257-512
5db4a121bb1baea598addc09a3de0c58c79282ef,292,257-512
923c95da747e600204b180d30c246afa9a89cac3,288,257-512
8905e0ad5d2bae9d175a609cf4b8817d9d3bd354,300,257-512
1ef26388e75587a5dfa9ef1b140ada810bcfd4e8,454,257-512
5fa4ab4ffee5c90ef8912633ba96bc58df409023,397,257-512
26577f5e9da75768007ae43f66cf254065c17e74,386,257-512
87c7ed6284683c110618364d9edc3947c4979591,258,257-512
6253a85dd8b6b274a0957b1c9b57237103440860,467,257-512
1d30cf1f37a0e2661db7b1e3fd11002306581568,332,257-512
e448fb7cd4991c88c028715728db03aaaa7d33dc,369,257-512
979263a8a061117f8d5788d5752c932fbba2c016,399,257-512
a3a35dcac168e7170676ec99e9e50b32ab1c0b8c,390,257-512
3914157abb75e35453834bc2785503a07e7a5636,267,257-512
5bb941a710c68918e0743b37309342f2cf7abd1f,402,257-512
7e8a02d41c2e5484491ceb42a7c2fd3f539640ff,263,257-512
82b328b799e49923632d0b38fef6044cee0d8608,343,257-512
9a1841742ad3c6e4cd34592100bccef2ef0b297c,330,257-512
2ff5d452481f129d8a6883f31c343dd091cedef5,308,257-512
682ad8e5a90d70970408af33a2c8e305c7b7acc8,350,257-512
f8bb4b8c63e9dada976e4baf1db78ab21543c9f6,259,257-512
cd44bc95d11f10d262430500ae9421d891c5e8b2,439,257-512
b43e1ee25a557e8d1c0ff0efed09c0306d232e93,503,257-512
93988e35981911410c3a79f766f1e07db5e7a3bb,485,257-512
6ddf31aa14c83fe55eaae5caa9a3de03420a326f,285,257-512
65fed453a2e5ea4dd4adbc6a06982974c95c11e4,417,257-512
496b329f4ac6cec70172c355b74e5ac07a865d0d,416,257-512
c3d9294f8cd9185cad0069a729761c927b1cbcb8,293,257-512
0db6e8fe950eaa062dca2c37ee278dbb4d027b81,257,257-512
718ea76955208be0e1fbda4f9b7897896d928947,417,257-512
e964e8f29e79eb01063836a73dcb6c3c45565914,259,257-512
41ae5e5860ab27e95e9a8e9dd2dabc5a4815b6f0,382,257-512
46b92a6986537195cd8f7fe83049425977574920,265,257-512
277fa7d9239544b3f9c20fe93704162da769118f,407,257-512
681680fd4b1d13b2a2ccead10adfdf16a619c0ee,286,257-512
7c7b08936b57f56b52bf10cd9520835d4295e572,351,257-512
38b4915c87781f6593baa64fee29ff4c016bf142,280,257-512
d508aa77a9bc53b54ac92d7076daf393027de155,354,257-512
1e31ae4af634704ed2e14a1b20953c7edda1af9d,428,257-512
aa411211bac702ab19a16b384b218e7b92cc96eb,269,257-512
1f31fe3f3c1dff4a8d2f24f71d5c250755eecde9,320,257-512
d89a4c84700f4116ed0efba0a788b4c0592e018f,290,257-512
f2b7dcc803aa04f2c8da78de2d6543e1c604bb57,342,257-512
34ec01cef032567f12a7624fbf6c174f7e6352e7,440,257-512
a992b348401534b823504380db44f259e2e8f34c,428,257-512
c98a05150b9e365c80ed2fc04e1a252ae55f178e,286,257-512
1a1fc1a319eecfccb05e9d51f35803a5f3e0b7cc,373,257-512
dde60882877db6d3ca8056e93baf2b3cfc1c8b39,286,257-512
9f0c585c84813f2244d7c2d5abe00c754c7ba483,278,257-512
3a4425b5332a7b4ca2d2fd4b02a8d46adaac1344,295,257-512
5ebddca759c587a33e033e06e5ed61e91aaeb850,490,257-512
ee411357b406595b1dd8b9a1207b5c379ac00a5c,356,257-512
556aed974fc1ee7fdd688ca6ca4a6f151b8a74fe,269,257-512
252dc9ed3d5bd02cd1c1a55202fe82fbea5f54ce,289,257-512
60d23c83143bca02369ea12db447537bdd5935f9,434,257-512
99d40be5b242875c8330d57a8356275b692a3728,283,257-512
259675a6630080b19729ce1b553ce43bf1a741b3,295,257-512
a45d04988561f2f755d5e72e3763fe8843c78d91,262,257-512
120fbe48e72c338b169383f3fe83f003c2acaa8c,350,257-512
74d2cf77d0cb4c31b56fd6c73e97b0a5df83aec6,454,257-512
3123b4cbe7fc8fef971410ed0eb0caf7daf75c6a,265,257-512
9cd7b7831cfd587c3e1bcebe39b035e78b49fa91,413,257-512
5a2126fba4f602f935b25367f2e52d17c97e5420,294,257-512
67970b0512a456034b6e19c3587802dace3c0794,297,257-512
a37e47b0ef5fdf101af696d337a9b41984199065,265,257-512
04591cf78af1ba673f68c3ee590135c24a0fddd2,313,257-512
29de64b4851b540aa1a7dd7be67b0746ccb0ee39,283,257-512
d19d9268eca554fdad3590609ee1b44225101380,448,257-512
22672fc88b36a39a4f5636a4a73778002741f93d,474,257-512
d2d4671c2d3c824c575b35ea044e557428c457bd,297,257-512
9291b7fa5b197d12433abea96ff8e39bf93ca27c,437,257-512
b440f0ec285c84299a55e0275b3786572ed3b78d,261,257-512
1f771170f6d4b6643a47fc3174d046cec9bcd06b,278,257-512
6fe21610bdf7035656386f537c536468e6fb33fb,312,257-512
f01ceed31f29bcebdd8ae491b4114e1daf928d5e,275,257-512
b65d5075e5f7e7919210f56b950001c24b8a585f,258,257-512
102f77f65f95cfd8b7b9148eba12a38fa40e6296,425,257-512
88dccfc427c57a395c51d9fd304332d07af6ed64,394,257-512
aaf5d25eaf9464d8fb7d0a091326e8b89903b5bc,324,257-512
d9a75a830147264f44ffaafccb8349073c8e0898,341,257-512
fa3218e7c9d44e47a31fee8026230129afb480fc,316,257-512
38d5a6a37db6e548d3b60d0deac9aabc3dbdd78d,343,257-512
946b425c51ae3c94f6d0b955489fc49521cd8b06,440,257-512
26734f0023afd3917c8af8242a8a0c89d3bd6784,392,257-512
accbf7fd8e43461f2556f9252b063d8a3b1b1bfe,400,257-512
a42def600350ab73d130abf02aeb15620905e7c6,333,257-512
2f2f011fe717709d61581c58edef22391c982314,482,257-512
3ce8c12c6b337f71039fe7b5e6f7cd0ab647b8e3,505,257-512
5bf390d336d7006906f9769b641cd2bdd68e4287,443,257-512
0b6cb4d300d432fa96d4af0f4eb9f973d6df1f83,284,257-512
1531feb1ea8a00e3be0484a4405c7d5ec9bb9e07,277,257-512
da5833e1384ecc55e4cc908e7f2a899c4b9baea3,260,257-512
9e02d7da8711eebc2b5332e730c20e119a5585fa,347,257-512
1601df4e3c3e5b63040a2642774df2c9a0d94c70,340,257-512
038f4e4eb72d778768f0f48bda270714c1091600,291,257-512
59d348f0dca292c433735fb22a3c39815fa5d71d,306,257-512
2d5dd3a8d184b00f85cc46f38a1c9f4319a5d93a,398,257-512
57a2d71358a326a4743dbd4e132b6ff20da0671a,348,257-512
3aafc887c49f2347cf5a2c40e83aa38c2aa13bc8,280,257-512
fce064f2afd93bce78b50629f683f802ba3bc5a2,388,257-512
2f89567676e1aa2db996aa2bd0c104a9964c0f05,304,257-512
edf6d40befc686ea0577e183880dfca5451308e5,499,257-512
580f1a41029f93cf96981444f4fe67bb31f143be,404,257-512
f0f1ee7608c1db0c9268dcd41f705596c8b27b7e,258,257-512
e4159d0c21fd6c1688b67596cdc442a01809aee7,316,257-512
09cc803024f9dc4c4684bd54289e6175306253b0,265,257-512
c7c6489727bba430d94215b09fa7dbc26734a321,263,257-512
955f4fd5755dd27ffbd3cf49c3e2865fd69fcb3f,314,257-512
1ce77d79d763d735f9944ff243db8220119661fa,318,257-512
a2c5a539cad70d89ac1a302c31fac5f617d463e1,262,257-512
a604f30882b3daa2d1e83c386432ceebbf58376e,351,257-512
0b359cd04554f1adbde30d28c45660945fcb3337,263,257-512
f56c994f85fa0252d7f0e9a91074f616f812621e,378,257-512
f892c15e3ae3916419f6b16df4bcbeac4ffc4aad,357,257-512
ba0396f14ae5548a5c83836de45b4a385befcff3,298,257-512
ec22c2c4d58f1c1e83e6681979a35fad9295e109,301,257-512
fda0fe231665300b087b28b99c104ed308fd83c2,375,257-512
1bd675ee9d936804d0f5fe9bad533a853a370b06,487,257-512
611b583128583d30134f3c55e60cd776334666af,298,257-512
71d46bac33dfea557cdf02346801ef2d27f034bf,392,257-512
8b209624b205256c7590d29f30a5b2d2bc5c2efc,259,257-512
07b44daba32c31a7d7385fdf34d670c43a4c1209,385,257-512
0df5ee854dca5cfa4156bd51b19796cb353bd0d2,380,257-512
556974bd303d995a90cc0b16a5cf4943b5cdc4c6,930,513-1024
0e2c72e69cd4aa0d90c14b5d4c8d33bc5475a5c1,1023,513-1024
522e423ca7d976452f217fdb1a8dd5ecd9ccbd25,639,513-1024
bae5acd003febdc7c9e1ff1b07e5723b28a55ca0,523,513-1024
dcd7656923461011d247cee540f1e892bd217e9b,672,513-1024
dc706e117fbcc34831175480361ddc6f3be4aab7,530,513-1024
a9fbc7ec0cf3683b0d63008e84303c3fd06fea37,762,513-1024
23b9abecf4e67a37257f18df914e91a181a81829,609,513-1024
a46737cf3aca65e92249e8402b2de35bed0a7c93,529,513-1024
4fe2e0cdb26ce3be6844a9367ec01a6ac57886e2,826,513-1024
a3dd779118791a5a2feaeb021fea08de7edce67b,532,513-1024
5c9f9df5041cad95bdbb4e1b169b8b5cdfd3ff60,617,513-1024
8757d6cd5436fbdc61f5b47457189657f0a28c23,539,513-1024
7b1e19a09946d69322bb88247b2db70164f13f8f,521,513-1024
52c55ae1f68b91e358b71d6d9eb8eebf88116c83,713,513-1024
2e949250cd05ae7a5ffa88693539ead312b59a48,597,513-1024
0130358b7ce000af782e3f1371f08b1aba6e7cbc,555,513-1024
c6cb8138192d75a58320023687df0953e1894fce,546,513-1024
af130ed43761a904588d10078af8d954fb906d80,611,513-1024
57118788e8b4448eed87e759bd56e424b06abe89,560,513-1024
66482b97a9476d433fa91327f0026802cc07e22a,541,513-1024
3db3766fe3ebb939e2ce4b6a27920b2df4bfecef,745,513-1024
9dd9e154c79176b7df5f1e52e5d534089b302f1d,615,513-1024
5fcda60615be882a45b21e13b6b47c4da9ae984b,603,513-1024
fdcc1afa9b564ee1780cf2b4df820040ac62f12f,616,513-1024
53b83c553bb3663ef861f102c30604965f740d57,534,513-1024
a2af0d367f13565cb5676aa70f49b1ee68fb69e3,747,513-1024
c5650cedc2142562ec3e869d371f8f75e95de330,744,513-1024
6d2cf977ae728839226e6679537fe40150d9d3c4,579,513-1024
fccc2b6dd8dd130feaecd93ebdc13b3b2fd194f2,605,513-1024
e4f1163758764b52f9c5b3d5567a6fc15a1d0282,529,513-1024
e21767584f0132f5f33fe739f1f295eea1f6c77a,645,513-1024
a894715dbeccc56e89649ded2eb5b1b111bd6a4e,608,513-1024
13a6421bf622e166497c6cca835622be8b0f8dc0,582,513-1024
70c298dcd1a95f572bc887a42b12c0975dd69e88,679,513-1024
180433b828ac78337a28526784860f589ff20224,642,513-1024
3d91dd09f87f4e700b63a30d86780275efd25efe,684,513-1024
a24439ae7b68f6dfbb77b3a3301461c6d426ec30,764,513-1024
1c3379b5df9e9518e6bb9f047993e369440c4ae7,569,513-1024
1a9a62dde5ce17bc077a13d8779fcb2fba1a524f,593,513-1024
053c319f8b29e7206fbd883f1e5b5c67a3bf38d9,746,513-1024
442ab30ca145275bfd7409ee880f9076e4cca1ea,865,513-1024
88cc9693c7254fde491c53e79ac789e059d5497d,513,513-1024
f9441005143eac86fd045b194274cf8ea6b8169d,834,513-1024
6d03a96d790dfa1a084aa12d70387f1a88e8ad88,542,513-1024
05306731025d94d23723b24bf456f5170e2268cb,513,513-1024
493ac6231ff73b146051753e57ad7258c75037d8,770,513-1024
b8d8b3765fbe4133db3c163123d8f173caee5c6b,606,513-1024
6667752b907f208e76188fadd4b6d32ea0881947,710,513-1024
65a444e8195fe745da500d5449c8e1eb7f6a8e63,638,513-1024
52ada1f75d43c98b0b58c95feac49fad427c97f6,521,513-1024
4034a252c11ba1991b60d076813d562ae013a73a,1010,513-1024
646ff15fbd38f8c4e2b099ad09e4570179709c73,710,513-1024
3166d563b9d379e58b5edc5b4fad57625459ba2b,568,513-1024
8db7337aa9ea48656147ae9a0c67f864c90892a6,705,513-1024
8269cc68f2417b45794347de6e7539e59798cafe,812,513-1024
5d68a253a60cb54cb0df23e263fa2000ef59cf1a,514,513-1024
116e7a8a4916972fd337ffaf49cd17d59fac2435,905,513-1024
07047e76722f00e54372b86b876ef5eef4bb86a4,749,513-1024
c7e89afaab0e7a7541deacff1141e75ee5da2cf7,886,513-1024
d6f7cb683ffcf812957b7f47f7aa24858c97d6ed,567,513-1024
b320b0b3878d0742ec70b6a8a82d50b02d04433b,545,513-1024
949dea6830c9c198205cbafcb17ccdc217f3084d,559,513-1024
b7f808639fe2469938153a441845ea66543c7870,576,513-1024
e36218cace289897632603725df2217e654d09f9,915,513-1024
e0eff6407efd4111d883c6b158763c44483491a8,836,513-1024
479e7a9500d94509f3b14d24d9bc4bad7b0f9ef4,588,513-1024
7405b0aeeb03961e12a149d603c35f2054eb6ca8,875,513-1024
9eccf3cff9a8bafc83fbe9bb3a5735198eee4fee,996,513-1024
4663f2f1b33063cc905db3c56e83e0afe75520b9,851,513-1024
6171af7942d04a5f341a5bae248bff19c8fe768b,696,513-1024
107ef3a088331d4ce8306bed5198911e06a370ff,1008,513-1024
a58efd548a0436f1621f74f865ba43d209743c53,541,513-1024
e818204276144c143f0c01ee3e8473d7808e27b6,649,513-1024
846befafcf23b6e56c8bfdd5dd9231d4ae764e23,678,513-1024
9def2ca28279245d9b39e9d07b15b764b33155b3,695,513-1024
04eba4f9cadfb6887811125452cf0c109cbf705e,575,513-1024
4bf43fc994add7bf2c3167df8e9f86af81bf2fd6,834,513-1024
6de431554efb7b31b213adfdbc02d859e4ef31d7,558,513-1024
1a12e3a3b6c4f52b6efd880328b7749c64171e14,771,513-1024
ce71b56e05a410edd76aa2def8bc2f0f72294a0a,598,513-1024
859519e4dff85b4e9cdc0cbe86c0e20a8fabaf05,695,513-1024
72e810bf8d59f79cf35b6b4688fdde78d6ffe43a,620,513-1024
7af172cbe7b9d68cb2cf01b569ba5d21299f6c26,727,513-1024
4911a6a570bb3b4945d56c4576a1d922567d33f5,749,513-1024
f20c4577d7a6d7e8d20f59905c6a1eff430e28f5,555,513-1024
da79d3c837841947b00242bca1cdcf5323aa36d0,554,513-1024
af9381879cd231556f8cae890079f3c4f6140aac,680,513-1024
ebab126f40b65049749755b9ed7f7e4bc2be388d,533,513-1024
ed8b632290736d8b0868f1a6279e642740676ff4,990,513-1024
a3a8ece636f881a94bf93bd6b62fd69cb4c273d4,674,513-1024
fa32eec0ba35c6b69cecb7722475837d518f276c,647,513-1024
6ca1e71ea0c486b4d60dd1b38f1b25707ce0fd3f,544,513-1024
2b90de395240f14b546017632575a0de8d2f13a3,549,513-1024
d2bbf4307cd65e10d599abad0e202c2e8a68a1d2,664,513-1024
d9ff23ae8eb050352ee510c9f20dc19a3a3f738d,849,513-1024
1f167bdaee615056554efe20263648db6d516269,581,513-1024
c31c5d2a1746ccd93671413d2e09e64c04e44e9c,837,513-1024
4183ae34017a5624fb586f589b741ba80edb7e69,513,513-1024
00fe1c1fa07be2365c44c27d3c2701f1212b3b6c,809,513-1024
dc0dcb14322f32bbc59a9b7321ad1c86f637b493,540,513-1024
8df5fdb8ad90da59a79c704df7fbca1f6fdbb3f0,541,513-1024
d4be2d0e9788422b44e170dfc8a4f6e095dab879,561,513-1024
a1f800b6e7510366642dd2a40802a28cd5869bc9,750,513-1024
0dc89fce1be09cae0e69c92f2d9a049f523661f3,538,513-1024
652874cc6186e5fb8c1423069775f3f9edb25634,763,513-1024
ec82144a7467990415252805f9a3d24b6f961bd7,886,513-1024
affa18944f080381ce39c158ed300ea3a5dcd950,570,513-1024
db5253d738b6bc561d4f32b3526e6420b5ca555b,738,513-1024
5093a733f4ea8a7cc53bfde9fa2e90f6b2bac5c9,587,513-1024
bd9d8d5fe2bdb6e17cf6bf23b5ca24838bbc64bf,625,513-1024
ff1abca950c2d3956994f5891cb9c95bd84690b1,990,513-1024
1c81061af7b343fbf7ae8ac4db691126307857da,711,513-1024
fb06db9d208a16f90d2beb84d1bad34d34437211,595,513-1024
120716f3473b7f2a9663151fa3db672ce5c319c7,879,513-1024
0e3041d30de44987caaacf16e04b70d09c1448dc,801,513-1024
bb3aaaf9416091211268ac88f8882ca2b1caaf92,635,513-1024
a1556bb8ebbc6de2a92b329066c590f31313e1ad,577,513-1024
28420fc6e3bcb00114ec39ca10492bba3128da7e,524,513-1024
c0842b7997fdaf6092bbf6b6486cb64e87002b77,729,513-1024
0362e66fd1099df5129ca24b5800bded8489d823,536,513-1024
7b0ff0fa4346e6665732ddbc12750283d5164e37,623,513-1024
2686e2199727bf089d3192c0d172106e39f021e7,755,513-1024
5360b0a86e9759d0e1c0ee33a9726e3bf4474463,800,513-1024
c996284d12d68c8a046df5d555da269dd90b3b76,632,513-1024
4bdd4c8089d3cccd6a44387b006c1fc013e1d036,614,513-1024
ebdc6648fdf68c52ad5e7266345696cdcf7b7114,618,513-1024
a6f9b9ffe2ceb7d25bf8ad349f5a988193375568,820,513-1024
c1dc7e2525a9fcd90c4a5513183541d0e9b3165e,756,513-1024
938c1fc7156607c4781af025f926ff14c079934a,770,513-1024
dfe199440352079a9ebeb0851a2322c9ff0627dc,895,513-1024
5c69875be977c1de9392dd8392937ebbf606dd18,664,513-1024
4c4adf58270a825e0d3630646b4783a3f301e166,890,513-1024
07e4e95f8299c348c78e573388395603f4a884e7,691,513-1024
b6169b7e35ab45250415ff949dc56584d49465ae,555,513-1024
2d269e4665284049661f852f332354f16d9a05e5,575,513-1024
d0eeea70f864d5eea6500726a4aadfaded9b8a8f,653,513-1024
ce7928d37d0b6bb80d86f85b6785c1b7acd3ee79,567,513-1024
1683a5335e4c7e45f38f71416e927dea85cefa9c,725,513-1024
31544bd5ae088ef8884a5cf837cd83e3e955c8af,573,513-1024
0bbe12968acdf5882a37ab60d8e33b237ed775be,616,513-1024
1bb3e2c84d1a0f09cadccc5612fdca30cac006cd,948,513-1024
410263e44f095977d4192b33e54639d5fb57a42f,947,513-1024
2745fbf60908430e3b237d1a44919d133d4bddfe,799,513-1024
47b31841cfb6b2fedc31d30211e52c4bb8b2dae4,620,513-1024
ac2d349d22bb32f59b09ce986f3ab36e6d42b925,684,513-1024
2236c58a88e24ec719f6f039e48f8c8f4d96337a,514,513-1024
95ac2dee3497073f6f139ba0f16cf64c5e9d327c,737,513-1024
53dd8f6f84867b990c60bdc55e86f60b4ee17d0a,664,513-1024
fc0389b473ba7de6e7107f1d60b7300b56dbf277,659,513-1024
1d7f4dbf4c077bb443ec91488c110fe265f95cb3,651,513-1024
9ab5acd055e75a8e8f3b3bbf848b90854b26c6f3,607,513-1024
7505c54b7813709c79a7e596e0cc592f4c70b5fc,906,513-1024
c166c314a9064637b9bb7c14fd02228f4d3166ff,979,513-1024
6f1eb9b7250c360e2f60de5a710e521133064d39,659,513-1024
43af5e2dbac2ec9e0fcb0027f2fb418ccd7c2c7f,574,513-1024
a8d5dd3b476d088e5ba2e14aeda2c56f24bf5563,574,513-1024
d69823a156e794c3d9c3931956d2928cdc46a418,728,513-1024
7f0a772820e83583ea926b037819e47f1cf57e52,981,513-1024
a2c3f791c424034a7979d57037c84b3dfd16467b,730,513-1024
81d0e4f2e3c63fc6a8976eb1571ea62172cb5e18,710,513-1024
d64ecea8a6df36292311fe22152b341ccf753162,748,513-1024
ec78a850927be76e8ec1e5f947c03200c52e29f4,913,513-1024
082a7142d2d4ff55c42186662d87d6d36f42da23,712,513-1024
a0c9ff5fcd659abfbb1dbbb361fb307256cb3628,548,513-1024
3a7a1c98ca3136cb11f3c684a91e1c98797a0296,534,513-1024
7056988266194bbf135055f2b5a96cf0fe9494cd,971,513-1024
2e940e09efd0ec7566a64bf5df371711a7533c37,817,513-1024
deba7736855f97f8611568921e5f78029d701167,706,513-1024
972aa01a96bb277ea4b88ba8a7287c0a0d111dc5,573,513-1024
09d8f00886f23873a8ec57bdd69f39b6d0f1b78c,564,513-1024
b2c0c25d9432587783919c018d2f40607bd08487,1022,513-1024
f9fdf91037c354fe175ef5a55c9f9af0bc7384de,623,513-1024
9d7943c2140b743050f0565066e34b64f5dfb530,761,513-1024
0738e7cbb41b5f1237b65f805a8f06e073424ebd,624,513-1024
2781e4f1d67ccaa5521dbb959fc42b10d7d288bd,724,513-1024
aac0818888eb44de1d2bd52eeca480b114053ef1,594,513-1024
33fa5849d5aa262f805c506554e0db07ff383804,582,513-1024
cc9057f0fc18874314a3c1049d93a6749dc36f73,688,513-1024
86872f70c09d771b64ba808615595eb58e461dac,525,513-1024
5eb77081c15176aef9ec75f5d633ffd503046dee,587,513-1024
908a1707123c18c639755472f2a1e751241248ef,756,513-1024
917c31bcfc1dee821c1032e6e580bd10165883da,771,513-1024
ff440ab939ad4508c29983d9f2505b66236977b1,636,513-1024
cbb018f3c51e6db6a65c29152254b479feaf78f6,641,513-1024
bee769b30e1acdcd3c05e484e142d1be1c958611,604,513-1024
1202ec3e1e3f2253fed20c094fd5dc4d0ba463f8,567,513-1024
f424c35a5d7110a16400391349e4b15cdb61b211,892,513-1024
775193cb208674d216f30ac2c68029e94110cdce,588,513-1024
9cd21cd16ae0810fbca6eadffa7aadd9322cd02b,628,513-1024
06adae42f8c6bf2cd733db8515b1711cfed67ad1,660,513-1024
253b7ac6a938ecfc35a8a8c27fd4758f721f57b0,812,513-1024
c5c76acbd4bb3834991722b4787f86346ea190a3,714,513-1024
c0170e70713d62b59cc63613fc1f8ae96cb525b8,619,513-1024
8cbfcb00ac0f84b4b46c14d61e912a64f30eab6d,850,513-1024
96064e9f2a4f453fb50e0a0aeab4ea86a0de95a2,882,513-1024
14277ebd02dd2dfd4a74e3e707ceddcaf3c793e7,740,513-1024
0ec5285ff548978e34493eec43803b7633e0852b,539,513-1024
8e146844a4082675d09580f07384dd25db0c3602,532,513-1024
302e2e771ce290373c704e545c471cd9a4f53df0,651,513-1024
94988a263f8c101be14c210df64938de532efac4,847,513-1024
e7cfa47a172574117d610a2c22fc98cbf2ae0f5c,622,513-1024
2540d36681ec672dc03da82ba03b361a5b575354,535,513-1024
289f47974c6ca8667881ab7fafd675c85070af6d,739,513-1024
886533cc3f3d30b36cff685df182d251f089b722,906,513-1024
e0fa6928bfd772e8540db8703fdf31735795dfc8,560,513-1024
4290c7cc8caddaedc7a6f7ae017e6395156d38a8,867,513-1024
f666a1d5066e2b52fe32bc7c4cbe67b6d9adb1f2,720,513-1024
20d6c7c0650bcc53e0c53f25a183139601b7240f,562,513-1024
6c840b71b000594bbd2a3a8b4b054a543dc9c3ef,686,513-1024
6ed9452622fa5a08cb90289183fa0c055f8e8b12,770,513-1024
216ccb7662eceea58b6bdb0fd8fef0d9ed51e29b,571,513-1024
ac7d63b88e82f31ced8e13ec71812da20e56abd6,526,513-1024
9fb9aa5e1082891cf8a1fc2bd974395b8d248f9f,552,513-1024
b10970b4ab021f217bcb9747528f8de5024f4ce3,658,513-1024
6105db09a1b7733abb7e49f83477c8dbdfb72d3e,563,513-1024
10694a39afb734f25347b433f84c74c57aac7cea,518,513-1024
c81e589a233ffcb6de8bd697552339ad551067cf,528,513-1024
bba7d446e6f95113c85fd6f233f58b0a911af73f,865,513-1024
ce630292e05df64bb319118403d363474d73c524,619,513-1024
95d1ceb76671c808dee7af9efb310e30ce239b4e,702,513-1024
0953d5889bd9d1aeed8b4887b40879ae84554f84,682,513-1024
5db3f0146b6c22288bbb060fd332eb30ab21a1e5,895,513-1024
ce116072d2c6370b4853b444254626325bad6800,894,513-1024
8d8e308d34841ae9e11e1dc71b61cb3c9bd294ea,695,513-1024
50273721ca99f85ac1e1b627ed28bbb0820e49c7,830,513-1024
916eaf3aaa7a3937d629ce2bddbf4a6fbf091823,778,513-1024
d75dce32285c6ad6d587f1741d98530bfae6f1b5,700,513-1024
664c0fa01f0aaa94002bc9628dbb24bfc61773f3,576,513-1024
dd73191cffd7f0529c0d9850857f112cdfc674db,999,513-1024
66ae4168e7549c99e6f925d3d7150a5125311573,949,513-1024
870b01db73cf8f8f27f7d66287c04c17b98308fd,721,513-1024
e1a68d1b6f730f06120c1d92905520a39d0c1c91,781,513-1024
2cc47babbf852951caa0e759de27b800a9737932,842,513-1024
498be1f135f9f7f6adf22a854252dc66aed51121,689,513-1024
bbb2c99b95063ed3c788d00cc6c03425a5b156e9,569,513-1024
c27434389265ed0f03f8e98e83102ba168345554,526,513-1024
2a48dff17fe4ad91a8cc2d42ce945644d6fdc72e,553,513-1024
ad113c20f0ec46d1d66ca64c9282e79902aeaf87,757,513-1024
0329ae2be5050e55a673caf789c3047ce3531fd5,642,513-1024
7cefff423679dcca91ca2fbeb373d713159e81ca,527,513-1024
bda0c55ad43336893a74675da45c5b69bb23e785,692,513-1024
c037591a62b578d380c38f01c06e0f1d5a74cc7e,616,513-1024
b88c90c985b2790e10e717636d96312af56d3c28,589,513-1024
57f96ee0b0d29b67a0b163a01073a8f6fb602df3,521,513-1024
1eee545c887c4e55a483ad6bfbb8b0bb2d2da1bd,513,513-1024
9cbb3ef10b63706e9d3b5618b022034d4fbfc8ba,581,513-1024
77f412ee07168bc8b7401b01f00eab77770b4a18,539,513-1024
eefbd8ce95b9e560135e55de703c83055e2e5449,711,513-1024
0d611506f4dd4d657e51fbd54a8520b87e77eb07,899,513-1024
db7b810a030381c4014b5a28fabe04e13ddb62dc,648,513-1024
6c0c1516527cd7ee8c7d364a18fd55eb947af7bf,523,513-1024
2af9f4df5ea8d1470dcdd6f711f3d75175de3c08,619,513-1024
63a8d32b40af192c26e7e8d27472a1fab21dba2b,791,513-1024
13ae87f520fc6480db997e050bfff67579a64aee,828,513-1024
87dd35d9f8d04cb7787b41247fe29b0f577c645e,852,513-1024
0b07a7a6bf6a8c0ff5d0f024f460ca7dee91404b,1011,513-1024
4143cd16daa54783fbb8e6aa3733d3e7e44bac74,579,513-1024
f86b88e3eb0df51c9846512094b7562891c903ba,846,513-1024
da9671f5f71e5a65cf694a8098aa9eef2e496fb5,873,513-1024
6a8d9c6850791c0f23b554c588b775397007799c,694,513-1024
12d42f4f404fb1fde3dd85aa4358562a004c68a9,932,513-1024
adbd7fa90a257287b3963ae3329d25f462e83329,775,513-1024
90c9f021454c189c0f1854b567e95a5f1dc48bca,614,513-1024
b618b90e6a5069180996b107d4b397240d2ed67b,610,513-1024
7c15b3b38f85c2bbbcc68ede0aebc8b10b6ee753,735,513-1024
9c6d72fc585dfd9f6b63d569a83d85bc52da035e,811,513-1024
39ee3bee69cfe299f626e1fdab6a0301784a774f,901,513-1024
b2ee6a81e97bddaa222c53ad42162fe54e81ccca,656,513-1024
83cfc96363ac99779f2fdb60aef6097f98028c45,955,513-1024
ed19592499dd93128b27313d609eb626b2d9ae3d,650,513-1024
bf9c9f77be6a31761ac8a554349809b8c80b2681,780,513-1024
98d2d65b392912f45330b848bc7dfccc838bc4bd,679,513-1024
90ca811d5463ac31c21c989d1fe0a4284aeb795c,775,513-1024
3d01270ddf392a3cae403f248e3cab1b537b1cc9,773,513-1024
ba3def6de599169a7c7da4fd37f16974d8c48db8,794,513-1024
de34446011e53b6634d1d2034d6d808324d66d61,843,513-1024
8ef7c1243e09a3b5cde1ceca0886921b8bd85e0b,739,513-1024
7e3fb7a545a68fc6f8e158d480eaac263ec18bc8,696,513-1024
ade7c46eb6abdc49340d322d0c9b99c8fe70c456,549,513-1024
a21511ec297b27255c917bd91e753a9b7bce95c4,556,513-1024
a5d7a85aff08f8a5d1bf2d43eaaa2ff7989134c1,654,513-1024
5e35c3fbfa089368173da4f2c9766ba8a7dfc613,602,513-1024
778780a702c56aa011e5ba4f2ab081e1c5997a5a,530,513-1024
ba10c37a6a24276f5e67a22a71d0d511c01cf5e1,939,513-1024
fc5c4fb7f191f02410c4e8b0f55c74353cff122d,620,513-1024
dfcd71f72235f43c59680033712a1ee61624b020,1014,513-1024
174e5e699a15122f44ce16f1604dd5548cfba32d,527,513-1024
ceac2b8399d21a73acb191f0e198a7f3ba054e03,654,513-1024
c44d84a04022dfe61229eb85f53636daa24a57c1,562,513-1024
b67849e0b384d516777258e3f03fd9374e0b5667,960,513-1024
5a9d1cc1b39bfb2e2390cb355b16fe21a99aa950,743,513-1024
6924818064e57dd10417d40efa6ec2d19e21c1da,660,513-1024
e69046c98a49ec400c50adb5a43470e95c5d72b0,718,513-1024
d51dad289c7ba49cbec0af95c35593a27bde5814,942,513-1024
2ce88f7ebecd088b88332dfe33efaa525cc4f187,642,513-1024
1321c04d2dd744f3fab0a9dfd7e48e73844948cb,569,513-1024
af7cc1741f0acb2c7a21f7742b28a9dc7253124f,764,513-1024
f92b89f15d532c0c049ae46650370dd140c28382,721,513-1024
1632c5f419346aba66d23dbf4f8f1fb92dbb6614,648,513-1024
0daced1f7284140200fd5e7e9690250b7a20b78c,925,513-1024
5bf6bbff3db3ed91ea474e03c018474b4cea7fa4,537,513-1024
99e0954337d263d0d7154c8ff5efd42e567161be,522,513-1024
6ab91740d761133c5414faa810896e1977e91eb8,610,513-1024
24b05cc648b09fb277099d4ac69541647279bebc,578,513-1024
e457cdcd7769b81f6da854a12fff65f7310237ce,678,513-1024
b324e54e1ed9ade467967d87b96196159836b1d9,522,513-1024
227f7e909c27ed4696abdb43dc21e375ea321e4e,611,513-1024
25fe8d52fcb3929d80545609a5f08829db2d2c5e,562,513-1024
03a2eb22ca47299881f9cf57bb3fa259932326e1,863,513-1024
7af90ea43d20108525f84d6543a4e43847ff8edf,614,513-1024
a17bb1fb5de657867f46d010b61803286d323215,683,513-1024
fc03687c5d40da11dae25903799ba68284046612,828,513-1024
33b4cecd02fd7b2e9c10bfa88d487467c87b0501,650,513-1024
dbf16038b1840d1ccfd490efc86442889ecded7b,539,513-1024
5d9d442847685a44d19b0eb356c7bafbcc42b187,520,513-1024
673171f2cff1755d2f6bb22b68aed11220c7d711,717,513-1024
bc00295bf8c05b812754253df182a9d14f829e43,633,513-1024
57697c7b6cf9ed0556227c54cd9de0fa553f0970,514,513-1024
1598d1c9e2f8bbf10dd01189eead306c91d60127,853,513-1024
9181fd3cd456a1c00bae859559b561520f1f4799,734,513-1024
ddc42bcd377a9561352239189d51e376bb65bccf,805,513-1024
8c9d226c165226331cd23456e382f9b5259c3bc8,802,513-1024
55bf526e33b6ce2722f2e9b7a7810b732e04aedc,532,513-1024
1b46019ecfa68e2fc226ea9f0f7b45cc9a979cfd,699,513-1024
384a167cc6671e42011043b5f27e80cb00a15a3e,716,513-1024
2ea4a783aba2b371958f8fe97678f6d843d08d2d,908,513-1024
bd5e2dd89694e644f94617cb3d41dc0127d5cbf8,766,513-1024
36b5e55366a7d062bbabc24d3af7c0a76c3d7540,811,513-1024
9aac3959fdfa487ad71f3da39792a51aa306c445,616,513-1024
8f9ac3d69bf6cdd754871e7d4619bfb1c05186a2,775,513-1024
7b3b180fa12a2dcee8ff28bd88ba6c299405cd9c,550,513-1024
988c1a4a227133988df4dc51d5b168592afa8782,515,513-1024
4854c63f0e20c01ee07b5ef4ffb8bdb8671e4895,944,513-1024
9d352270a3dc0e85366975278ae30c022fc5aea3,545,513-1024
ae8cd5716b96d9b78e746cd1939a889d450c35d7,1005,513-1024
7f9e10ce7bc403869e439bc93b02ea2c2d4ec5f5,829,513-1024
b4babda609943c674a10337428c5869cf229be0e,684,513-1024
a42c226423557ab578de901e89d3fcc88485b329,560,513-1024
6de1e79bd71b665b31d5dceeceb65d8320baa9ef,915,513-1024
92c6d67f82b7e3ef6b9c07717bb6f14b05d1ac5f,822,513-1024
7cbe48f3522873c36c1a7a7bc5a686ef49693413,577,513-1024
f70ed3f53bce486c9918b29675f47b4585a6a54a,652,513-1024
5f03a62ead1968e316bfc25754e2317818d52a2e,691,513-1024
4434577a9b77f1e6f943f8da6fc04ef98b67d0f9,862,513-1024
9de32b4b9bf5090bb8137e6c7fd907cd7203e9c2,772,513-1024
413deaa81de88960205090bb16226a82efb5a3b4,960,513-1024
a6cf6fe55d0f2cb41fee3f99323f0683f90b89c6,855,513-1024
5b55c844966fd721a23b77cf4ebb6f620ebe3b0d,532,513-1024
ac34411d60710ed5b92128b1f7061d0cc0e424ac,777,513-1024
9eac763d14d417d78480efac3f1e39b516a27474,592,513-1024
fbd91d32d1328edc2ba0df1fe4ee26a2411c8580,1022,513-1024
d53cb988dac2d343ac727cbad51c9458bcd3a98f,970,513-1024
3c13e8a6aa314eeffe7af1ba964ca69b19826c7b,864,513-1024
11496e28e6dd3f1ab7d2f054c46d7587988dfd86,545,513-1024
456b07850a493af6985ea9297a0c3e23a4707d4e,805,513-1024
6da006d35b9d2d2ac3060403d8d17e474a733af8,731,513-1024
1ec41ee3a95071be526ebcf51ab3348ce54287e5,751,513-1024
23ff241f68d0922310c79e11d2603ab94ad8a9e4,568,513-1024
8290a6d5daabc0d1e85b8efd938f2402c005e7d6,797,513-1024
67289addadc4b5ed09e7c01ff6f26ccf3fa1b6e6,804,513-1024
6110ca3015ce68a286539eea8c35d650193f455b,516,513-1024
8fad28f659fc3780314ac3e3a40e252cfaed18b0,664,513-1024
2856d71ea929b47b301e5d9cc577e922b2714372,942,513-1024
227c03e0ec028f2c8a16729c3ab68017a40c001e,588,513-1024
6f07fdc5720cbd5cb011386511f1f305148bb120,590,513-1024
74b25cb821790c22de73d27dbe4448094ca2a395,951,513-1024
fe062676e636af664597f6c4647ca130de5b0c7d,739,513-1024
421afaeb16400abd3e261713d70fc4d51341ac3d,556,513-1024
c15a437b78d0a8170a9a262efc2bcd2296d6f986,685,513-1024
3060d998ba0adf33dd588b9a9b96c4f257a56a0c,528,513-1024
87bff515943634965028b9ff5a7841c238103c2a,537,513-1024
0680ecf495e22e06ce370bdd04500ce0ca321626,971,513-1024
ee0e93b834497a54d9707e18689c2bcfc48a342c,687,513-1024
45bc2636d9f5ee728bccebecbd8db0033afd7de3,672,513-1024
69b082564f69d93d4c01776c06407d3792002b1f,622,513-1024
810752c5b81a5da3b3694740cbf91c1fc77d5609,890,513-1024
891888ccd9aead5fc36645dbe08135fe4af196bf,1008,513-1024
e207a23ed128984d91926e781c8ed66330391db4,571,513-1024
c5f3baacc140162289ed9898479697bafc6a4edb,855,513-1024
6ab0f17801cad39adb0c6a48595e0f4dce848334,539,513-1024
62ed1a30581a47840b4863491a946e478b00d5a2,715,513-1024
51d74da61822f49ae385050d3e0718349cd4ee54,704,513-1024
12efeef23cf326bd392b086d5c0058d537b31531,789,513-1024
d08774b4b53c842cc7002fc7e1538e8b9d9380a4,891,513-1024
97c568bbdc7274f9b2bca3f9e9046af8f29cc574,629,513-1024
3d5bc949d5b47c55ef3a36729be4fdefa87712e6,733,513-1024
30756616f5724ba3ccba952e447c7e9659d42d19,753,513-1024
d5d97d232395c4c35838b5fdac557d4a9a71440c,614,513-1024
054170762aaccf268ee982aeefb4b612b2540067,867,513-1024
0c5e713dbe64d16094c50751140a56f6ecc45239,861,513-1024
7c316f6630e52fe5bfc027ea1795339035f6ab3f,675,513-1024
4807b584724b7be537aa24f2b63abc75c43ff205,671,513-1024
453972bc9b360226ceb8a5b90414333353943d6b,530,513-1024
da3f8bc8a11242de8e5497e33641e333cda3719e,892,513-1024
592bcc65abee4fac4c8c1715d224f76ed1747fcc,985,513-1024
4ba299cce409a450d1c4495aea5e9dad6ec47195,513,513-1024
8ce7f1b92d088eea7f96c02b7a3251d6939f65cf,761,513-1024
06f9a421d1eb44c3e13e601b6345f3d43c2b822e,520,513-1024
36be878966ba04e09f68a21688b5e68fc890dbec,605,513-1024
03f5ca477916375126edaaeeb3efceed0ba07dab,952,513-1024
07651c51d2a36062389e5c07ae1a98764d15221c,866,513-1024
226f877263708456cf2269a67e51f4585e1491f9,703,513-1024
1e49ad7043b336324a84e501d09e7e8ac0b5d37d,582,513-1024
878014943c0453f6e3ffab6b1fb22192faed9118,657,513-1024
4bac884cffb9e4824b9ef1fba560ce2dfdb14f8f,600,513-1024
e9900d40148559fb10121f6dfedbf1775c0ac233,831,513-1024
9ce7e839fb8ee910f977f01e765c28fdaa74d5ae,657,513-1024
67f61484075f542b04b866f43ce675819ef8d9bb,623,513-1024
0f3b79fdce3d4cefcb4195069540ffbc9535412b,727,513-1024
7bc5d366f9e957c2534ecc85b1a8989e17bfd392,805,513-1024
0a2a2f22ad203b4164e5d3aea5189df23e81338a,546,513-1024
30bf514c374a954e95775e71d69cf20cf56aa445,524,513-1024
4f118d8cfd9e4eb3df249e97844af338fc171b4f,598,513-1024
e44f6547c330bfa29fc43df1f45c181ebdec6901,518,513-1024
f5b1da2d1dd1910deabe9472a1b8792e936e3c95,724,513-1024
fe7acd2844b5f2707cbaa180352b59857d9beca4,558,513-1024
53827a2cbb8a4202cda7318cc1ef3ca76242ea21,551,513-1024
c0182187500d551a42968d4896159587e83e67ed,639,513-1024
e2c033c0084ebcc5d91e58f76d8f4c6873f03c6c,575,513-1024
329d81095e8f63f01821a87ad97ae40c2b3f3453,733,513-1024
0fc2c6689c42de2aeaaee9d85f1288a2443f9649,550,513-1024
717ec08c7e29a947bdf270232b18447ee4c06f25,722,513-1024
448e3650a1532b3d4918a4b76b0a7f1b0b71d752,653,513-1024
8a95b78d04e5deca644cb33f517d4a69d4459570,843,513-1024
b1353f72d9ec27ee5816e8fbb61c13c7bd93933d,638,513-1024
03095413eda1dc216a204a47b9ff756ce025a2a6,524,513-1024
4ddfeb6ce51a64c607a052b3d7a13731560e5471,672,513-1024
bfe542b0ca0fb63ed26fc9615235308e2b2ad8c6,599,513-1024
bc558ef3727dbc25a46b2a12ee8604e2bb54ccb5,712,513-1024
dc65c4fe8f83933f24c52f85aa2dcf7960a250d1,842,513-1024
58c727b6268b8bbab93eb608d03f9f866a7b7f16,666,513-1024
091931f9542c7530ef3fcaed3b3bde6abdc1b99a,993,513-1024
3fe56d57065bb19930789206174a20709061b924,518,513-1024
772ac20c929b1fe4c1cddc23647d1a7f3604a2dc,582,513-1024
6a1103a569badba560b9b35a9bb140360ad12aac,602,513-1024
1d0e7b1521d030542a9bb4d7759369ee2a10db93,589,513-1024
7cd2a50b1c3b6288104221aad5fd75235147d570,657,513-1024
ea62a2a5401b076d1a208f40e09a6e78f59fb05b,805,513-1024
313087283d51e04ad7b79f116b4abf6079ee8b27,780,513-1024
729a67aa9f7a972a5ee0f1483551443de5a63f49,578,513-1024
6803d899df47a6494943caedd8f0180f1c5d87e2,811,513-1024
55eecc2deb13a9d15a0436a6b9af766bc5756aad,1007,513-1024
8263de5d9ea6b91c836c67d9991a153ea7d16b2b,558,513-1024
a0f9f4eae59cead30fd698d03acd868a7a94b3bf,596,513-1024
6e15c7d6b828a97b1e1dcfbc1c1a9e1fb8b8ca5c,642,513-1024
089ae21eb5547b96fca95efba75f6b145fb3711c,683,513-1024
e244dcb4ede33dcbbe4b04e12407f70ee85bade1,629,513-1024
da1bd0807912c1e26c48fc70fcf8ce5c365bdcfe,514,513-1024
295d469f3d85441abc7ba60b91bd5bbf7dc62110,585,513-1024
e9403c7625391753a16598ebab80a0d4c400ec6b,558,513-1024
a7b90dab825a92e1922e07e6e6c1c1fb75bc6bc5,515,513-1024
eb48630627f7c25a67769dd86d00f722498fc0b2,944,513-1024
fc87d9319f70b21cce6b4a78d102a49eb3c7ed65,873,513-1024
7ffb5b8f1da2dc0367c9a863d810a5056f6395da,1010,513-1024
387f6e3c9e5b7dab0e0a0d9c5df816d21dd8c232,677,513-1024
fe0d05af420b18073dd66009d98860f94798dcb2,798,513-1024
449b8f7cdabe41cf9caad33e2104391422674e76,700,513-1024
e52bbbb7fbc2b308f5b0ccb895838d1222593832,620,513-1024
d9f4fdbb32b86ffbc1565bc047f3ab2e295c6091,513,513-1024
d3f833db3a3d15e6b2b257f3b18b546e5f9ea240,679,513-1024
e46266f2504686d29a4430e225e8b89e51d21794,607,513-1024
933cdaae5ee740477202cacf884c2c6fb9856387,882,513-1024
cae1f2fd5785845caa42d6497361eba46a68f11d,909,513-1024
da085b0afb457e96567d0cffedf5caf68f4aa89c,686,513-1024
be18e3ee69f77fbdf1e0346eb8b6d1f40176799a,622,513-1024
748b318b4e954712ac3074490d158d6f7ef7ce3a,692,513-1024
37f47ce11ad87b569cab4acf6316df5dac7b433a,669,513-1024
15221b0d3e85c2ed508b65e51985997a29c00692,1023,513-1024
aaa62985b1b259999e32646d0ea2b36cd9007379,671,513-1024
09e8925d8d4e354698ac21edaf1f44f6bf33b894,870,513-1024
6db124903a86c25196c837ed8aaf5297e00761a8,516,513-1024
b579d7c9004b09e44838acd3feb54c3aa9864c52,726,513-1024
e147d1ff374805fe56adfd5b53ddcbe5ca671753,611,513-1024
5a51eb88e1a0547635749186e47b9565796ab93d,573,513-1024
9697363a1034c44de406a1e8a973af8cf47f8408,898,513-1024
f0af7f97e3fabfdd631e1c81a56f56c5659de625,780,513-1024
029b0943d2d0db79036a0fb5393c49a1b43fa7b4,607,513-1024
5212d4d8adbb4df20a2a832d74f4459ac6f6b366,919,513-1024
4c8d2143acb09ac797cbf72e56c53487c186a3fa,732,513-1024
ea97ef9c793e92436f9bdd8b641d132285b321d2,612,513-1024
567c7af6fb192f4de57b55efd18c6c6c0b185832,609,513-1024
7d623d03cb1b0f0a6240cf819478e14f06d9d8fa,513,513-1024
d0fbd0259afce3fd9de7dbea58b2917a61c6ea20,744,513-1024
6734fbf9d4160131d787d1c34f12bea3aa81ecaa,686,513-1024
60a4c3de69529a773ab68c389e0fc5a343af5c91,551,513-1024
14d69fa7c1d038f7c5e8aa91b928befb568a1161,588,513-1024
316877118ace5d3f5d32a0f9d524bd38aee53994,651,513-1024
8bf6ee313b0e1b050712e2cd28b148dd3618fe3a,916,513-1024
15b6694cbfe162a89679a226d5c2c81b6909e097,929,513-1024
89536ccfcb131378b4e66e7215cca25bee5b3125,837,513-1024
a58d7f724297fe7d04b313c30270c04f910d0a9d,816,513-1024
9ae839dbe7629ec0e583c89d45880215c9925b82,519,513-1024
3776e59606f87af536a8bec0f8030ca9671d1577,707,513-1024
b06fbbc41853352c45ad5e9fcfb33862321dd005,825,513-1024
292a288403244427af2c8671efbf650fb4626cd4,816,513-1024
a38e7d3100070f684e5313cc8eb22f1bf4c504aa,895,513-1024
13d2935c44cddaacb253756de7bd3b0c941e5ac6,515,513-1024
44ba0126b774248a1cce6e52821bf5c31eef542a,557,513-1024
b9b33138c619ee1b6d7ae237dd986763c0235326,566,513-1024
229863477f52634231607ac6629124a7c43f44bc,1329,1025-2048
04d0216b1b700462bd2442695440dce5d2877047,1030,1025-2048
80632f52af6baf8820e3ac813b476951c4466e5b,1454,1025-2048
97a0b95eacb8bb25429914c63a5046f6dffd738c,1188,1025-2048
30e058e99678e0c2491dd30018c3b4f73b4f83df,1308,1025-2048
2c65fabb94045a8d3f0ba1e21022748b6f467ae5,1409,1025-2048
996694aa63267e13f308f63351913572ad91a9b5,1180,1025-2048
508d1e942661a40b439a7b6094edb670341eb3b8,1656,1025-2048
4d36b2040eb40dd3fd711e43e0e039635be2e319,1037,1025-2048
2f4373852ece8b8515f0727487ae38df0dfef1dd,1752,1025-2048
60ee1c5842afe50eef2135b7c7b9b78840146367,1299,1025-2048
bf5982e8acd79ce09a758311f2d4e98ae8d4094e,1235,1025-2048
1114f5a710448c2b979e5eb4758e774fa2640129,1463,1025-2048
219005ece7fd846e1356a286c57ab605764df9e7,1277,1025-2048
fd3b11accb14e6db784914e6f5959dbbf4eda4f9,1079,1025-2048
3dcaf0a32f49653b138829397f50f20c804dad55,1029,1025-2048
895829ac7206ccc22fa74d6433c5cff6a9aaeeb0,1596,1025-2048
1d2357d93a7c37f47edc77977974b51c7d57be31,1858,1025-2048
41a4e21d20960de7b6bb0b503478ac11e489f4f8,1697,1025-2048
ee0c2be609b997f3aa5d42594d152a5ea2045deb,1120,1025-2048
1b320a80741e1bad9bd530f8ab0513d9e3ff9105,1886,1025-2048
875af8df74c6b61ef0e043a074ed2b9f8c8ec48c,1464,1025-2048
08722a75ff7238f31065a7e6de7dae834a0df835,1379,1025-2048
ad5411036b37baaf2fc22fcc98525892fc5bf42e,1109,1025-2048
b5f28a538340d0825be2ba02f9152506999c22af,1109,1025-2048
dcc024a648f32657017621441cb6af36862a384e,1292,1025-2048
c291a18348c8805300543f654716eaa102d3dede,1035,1025-2048
82f8771ed9c51e433d4d607cbb3a3baba8694453,1927,1025-2048
4f6164d1be48710e286c650276ca5af6177d7ef5,1086,1025-2048
613d802b534e32bb3c529ad341e8cc9d26af5b87,1090,1025-2048
4a4309c20f28a03c8ece7f8f92fe6a66b3d20276,1755,1025-2048
5da9bbef8db1a0244549152f1322e302f75760e9,1090,1025-2048
f8c7ffea5748604f73c81c65b18ac42756085500,2023,1025-2048
b5b2ee1af1c0a867f564e44f3f79b8d2bdeca749,1978,1025-2048
d1d033fcefc2538e5f278308a03e76a3963404a5,1049,1025-2048
a04e95660dd948525618325e0dbfcb12daf18648,1208,1025-2048
71d77b84f605ac8eec943ffadc21d31d68adfca5,1036,1025-2048
6c3f608e05031b24abf594520079199b1756c9ea,1174,1025-2048
e5f99fcbac2bcf43d6b7f5af1ef9e42cf1df9e6a,1769,1025-2048
746910d6ca10b45156a5d5cfbbcb2de8232fbdff,1464,1025-2048
ae0a4c0138c993a76abbe62db3459126fe0691fe,1364,1025-2048
771964e5d7f7ba4251a075447756f152104d86e6,1513,1025-2048
5d511943840188d090868d8b74a027983e051da3,1119,1025-2048
0dbfea0151d64e7286aea1b2054948da3653628b,1154,1025-2048
8eb4da328c6534563dd46ecf9e85711814ef2e62,1621,1025-2048
83fc7012e35663eaa3e0293a5cf815fa1afea072,1081,1025-2048
702ef8ca18214eac6e76429fa46da0371fdb5d6d,1220,1025-2048
6e31a0009e4f241b2fe6423cf33e48c6bfdd7d42,1275,1025-2048
ff3a1c4dd54573cd7d847a3a0df43e295250dd31,1238,1025-2048
02eb34ff303e162669a7ff09ce23666782aa0227,1212,1025-2048
c9ea67c01ff4a2dde9d579c9e46b34569862a169,1680,1025-2048
fbb5c7b97ec6b351879e980c2b6fdf2ae65c8587,1082,1025-2048
712e7969fc3be67199177acbf680ffc09efc7ee1,1028,1025-2048
bc690f553f329b497307f309738c6671ce25e733,1353,1025-2048
61b9b357c9cdfdecd12c8eba50bc241055935165,1408,1025-2048
d3ed37189ca5ac686c95694747e806d3359c393f,2015,1025-2048
248845edf2889e1b14cccf91252a13e1f2f18335,1803,1025-2048
4c3ac7564c278f2ee8d56eec21606ff8c9b5d18c,1099,1025-2048
1a2bb33d8bae88726464a982362070746667999e,1067,1025-2048
9698805ecf6ca648a94b36284857204fa0dee07a,1768,1025-2048
109388d95abc871a151e83d67830932793630dee,1031,1025-2048
ab72dab84b121dd91aa22449cec88982808462c8,1752,1025-2048
6f1dfdaccfdac6bd9c3f6f1cd9a2ca3483dd718f,1724,1025-2048
353f3587a41219471a7fa6475c7b52d65bd53a2d,1149,1025-2048
5bf51f023316a45f357379f568a252c0499074f0,1861,1025-2048
c769284e15a3b1b65940ac1fb938c9c43d01b33d,1616,1025-2048
5f425b7abf2ed3172ed060df85bb1885860a297e,1070,1025-2048
c1fe450fd0dab414e2dc722587515fba6a53a6ec,1054,1025-2048
a15390c697fe38d4e6aa64127b7082027b732072,1447,1025-2048
ce3b680ae7ec1157d3199e8e326fcda1a634ea87,1239,1025-2048
3d1f9a530e710fdd4e2313bda4c8a1f574e60ab6,1320,1025-2048
476a10b50020796d1a0d3af0543390b62bf597eb,1808,1025-2048
54a259ceb28165a6855918f16ac3b360e0758c5a,1270,1025-2048
3f48c90ecaf3866d3ab9b3dd3964ce1cb963b095,1108,1025-2048
d62b2d5a11cac37e224d4eb08c23d810605d7d92,1148,1025-2048
4f1b51c727d18d6c38b16cc0a0c53a2e651dee36,1265,1025-2048
2d9597a69e58b27ffb8531abb885da62432666d3,1036,1025-2048
811d3595301e3d40e32faa77fbfb9bcdf987c4a1,1027,1025-2048
cfbb712669cfba03eb597ae15beb39526f9b9223,1028,1025-2048
4f060d29ce76992515d7e3ea70bd2edd3c953eb7,1236,1025-2048
39189508550940ffc93e6910da04f886ab9422e7,1545,1025-2048
94fd9b40694b94c8511e74b431a731d0a41ed575,1184,1025-2048
58e09ea89672e6b5be8848bc9d442986b985ae97,1579,1025-2048
fb41f538498b2748ec6202f997b25b1eae8107e8,1321,1025-2048
a05fdf29472de7f028eb675e4cf3ffd71ec8b324,1507,1025-2048
aa04f17959a8f40e96999cc68c9c878ea0ce9e2b,1830,1025-2048
2f409adcf9ad2450ba52ed54b7add2b88342d2a1,1300,1025-2048
ec8f83cfd18cffb2b2d77fe4aa685ca63e86c89c,1406,1025-2048
fbd1f51bf957112edbb40e068fe98316bb4bf9ad,1188,1025-2048
65f2758f67c889416bd37df51dd000854b5ee768,1093,1025-2048
4b544068d7e653189427529be60b650957ad876d,2032,1025-2048
38f17f045d74c98701f9951b02fb5c06f317d545,1160,1025-2048
e2699f8984a4253862a7430d5a61ad59db007d4a,1527,1025-2048
255cc2e782f0d40df3a57ea85475ee9f605f80a8,1052,1025-2048
6a95ac00cb04c083d1fd541094fc03b0339da742,1089,1025-2048
1e095f03d60c363886f9555ef8d559d399ed9006,1817,1025-2048
3948ad5b11f43678bca5c8b00d7d08f822255f1f,1154,1025-2048
bf1df9cc046ddf43b3ac1aff89e26fac68c4b625,1227,1025-2048
1125e586cf93783a05b31f7afa631a25ff307614,1099,1025-2048
7643c582d5e492bf578acc3f6a7bbbff6dfacdd1,1225,1025-2048
e545980725c688ba8a8112d1a7cd26e2c7e6cb8d,1661,1025-2048
e2bcc5b422f53a911f695ac44639ab554d670d69,1621,1025-2048
f6dda01763a40252e68c5a9bf488209ac9c9cdef,1393,1025-2048
8b7157531c17d91a4ade28ebc5185e418faee7a7,1446,1025-2048
0cc912d1214748162c370017435e931603fcef18,1604,1025-2048
0cdb92429f946968398265131ccbbcfdb334bddd,1831,1025-2048
1a3b7f027b7c8300f781ffc1bd56c213372de7a5,1282,1025-2048
b90d880025b6655016851d93e80e80aaaa885ca0,1248,1025-2048
a0c1483e0e34fb9bc1baf929ce892f111e329fa6,1523,1025-2048
91c7647104456d88eed03763809a31a966e29cb3,1027,1025-2048
e31d7de17822b52d104f17d430fbb35ed6687e99,1327,1025-2048
9f9cfd6002104251678f9de1318a374348eb4f2e,1805,1025-2048
5cf60c4d0db23ef63c1e17612d70adc198712616,1447,1025-2048
f3f4855cdb25febbed7d0b42e7650c79ba0ff529,1054,1025-2048
8ad0569ee2d2823293fd545ae79e9e52d14000f7,1475,1025-2048
2330eaa777f28e14a537a940f498f1dcc55de773,1055,1025-2048
4bda0a5c09649ab9d015cb7a651d4bef561d585a,1352,1025-2048
90406c5df9ff364e08e8dffa33a7bbd05d6868af,1722,1025-2048
e228b94dd366b723d23a6aecad74e289fffc9f04,1088,1025-2048
0a18fa61bc2b384420fbe6c53a02b7e018542f4d,1320,1025-2048
52bf57a6933ff36810e00000467e0a335debfc2a,1443,1025-2048
2193d522e19a221790323c1343cf2b4328e33750,1384,1025-2048
f201ab1ecc8001d37b3a74df57d81cdc369d1a90,1286,1025-2048
94e4c515590e646285acf5c529e5067dbe9acc77,1285,1025-2048
5286859960f3b882de640bfb2849687a8ffd990b,1362,1025-2048
2918a6df04ce0af7f415f6faaac2167ccae583fa,1255,1025-2048
ba76df7121b2c61279f6a3577474dc3db2474215,1997,1025-2048
aca7a84d7fdc2abd15daf0f0487859e7a7d3a23d,1338,1025-2048
8f8c85b3a466ba4f3290b539f50005dbbf224c43,1836,1025-2048
c5bae1972e232fd7ba7878d9b6209ed6bc56a13e,1425,1025-2048
4c866b244807f06cc5694e7582db098648f96547,1421,1025-2048
5c75956a399206d5e721ad923ed2cc87eeeeffee,1033,1025-2048
5cb974a123cf4d50b6c527c3563f918f007ca87a,1693,1025-2048
25cb67bf5363d844dbe304eebf7021d60bdbeefc,1169,1025-2048
862db164cbb1749f1d338306a900c737bc086d5d,1315,1025-2048
664f25539f2e493bc4e45212d12c2c100b768949,2040,1025-2048
1ca749c991cceea1df1ad7cc05f953cf6a33c918,1206,1025-2048
91de0b59a627daa913e6cebd003d8ac16f4b66c2,1670,1025-2048
61c78cec64f568b0b01ea1397540dc32f8f38112,1995,1025-2048
08bf557380b18b08fd34898e3d16b5d133e9a4a6,1125,1025-2048
a83ae6e7a982a33e7c4473f7b5538c92adfc1f7d,1067,1025-2048
80ca7d1e9b14d9e78bb189a85b807340c2184b0f,1781,1025-2048
6b723b1eec13eac76df93ca42f7b7c120b43723f,1219,1025-2048
9e8bea862ef37e4bab6d2b7cd95795498a3f60e2,1259,1025-2048
114832b2ac2cee6c5da3d2d062fdb4bad5bd4386,1450,1025-2048
7f0baf4516f37c58d296f5438b60169f1a66e378,1576,1025-2048
8970d55363594f8b9a1ec2f46fef0f6c7810c1ca,1713,1025-2048
dbac903c14491adc2320096f301f975c938cc220,1243,1025-2048
9388ca31ad8020281dd979363882874d444c26b1,1350,1025-2048
e1bedc57b76c7de4920214f27be29b76e29c281c,1553,1025-2048
843558a65d8171b5039d34331151aad6ab8b745c,1699,1025-2048
4e3f191670f451820caf73aef9c8ea20ddec1583,1620,1025-2048
f374566d039333684b3565bc58bfba39e85300d3,1162,1025-2048
ed63f501f204e79d92b61d1cb0cde1480d25e1b9,1080,1025-2048
09f96e7bc6192a74185be7e84eba18c3cc71be8e,1254,1025-2048
563cc7e26f0f0e16046fff5c1273016e5187bd54,1458,1025-2048
28b2f1f628d011a5c60199086f298e417fed1c41,1496,1025-2048
10c169b103235401f0f5aa0663a8d0c621fd2ad2,1531,1025-2048
1eef296929d12271397cccb4ba70ba0d2375a969,1087,1025-2048
09d9ad66f1f613d48436a39cfad064bad0ee1652,1053,1025-2048
bf4f9afb5e7a6394f025ba2586af94d0ad5cb9f3,1228,1025-2048
c6c2c6d4cbbc8d60d4ae00cb456889040462a8a4,1781,1025-2048
488e8e861ae8a2b0756cf4ce138b338554a30603,1048,1025-2048
90b37bbdf55a20daf476e96e8b9a1ef5590f6eab,1225,1025-2048
21ab91f1cecc5ec217845fb20b9df4d941c91559,1378,1025-2048
0483cbabb0bd75769edbffbce378194ed354fb10,1483,1025-2048
b00e253eac1a21ad12c689ffb0bd84c8460c0b84,1074,1025-2048
8989e6727eab5d5fc760d0c7a63fb3864fe49a4f,1374,1025-2048
d2fed6d1289f610638861960f8d93438d9e26622,1140,1025-2048
7d797901a7324338998d1e215f864268908dd96c,1420,1025-2048
1fd2642a7f237fba8dacef200417ea9178a9cba5,1322,1025-2048
1daf5a3725624fa8e26ebd944a424f42f7ee5b2e,1276,1025-2048
2ee4fb3d9e67563eb0bbe7d69a56a4f44ee0152c,1146,1025-2048
a4007eb44ce7ba9ce15901e836d4c5238e6a3532,1138,1025-2048
6701ba997a47e5dfe2d0a80c9aadcf9dc55f5bb8,1971,1025-2048
56a6358f3d8961b51f825f78b530d5faad61dffa,1074,1025-2048
5fe05292911e82eda2f14f9d63cc495a495ff2ce,1853,1025-2048
5b5ee79def11444b2e35d0d54aa1f010840bb78a,1508,1025-2048
d1d4c9284cabf410db306509c71cea9c0148fe20,1139,1025-2048
5ad425dcc83ac952ddc4be720f4eb821eb9f77de,1560,1025-2048
cbf314e936bc79792193f2fa8acda356d2355ebd,1246,1025-2048
0c5274dd0fd920e49cc4491fff89fd511f20d8f2,1111,1025-2048
77f987d673a475dac137fa9a1cf7dec352bd8c4b,1161,1025-2048
a8c6d80e6cd6cae46d7f2ebc200efc06e03601f9,1259,1025-2048
22f3dd703566f18ad323507a56655b0ddf7cb84e,1183,1025-2048
e5277e8a464dcaa9540fec9ee90610cee7f7d84e,1361,1025-2048
517505161aea1238c995f9d94bf8f85bebe1d78e,1266,1025-2048
3e892a9a23afd4c28c60bbf8a6e5201bf62c1dcd,1461,1025-2048
0eb8618aebf6afdfa7c7515f09cdecaa37dfd189,1385,1025-2048
21094c62da6cf39ed4823b594fab8b533b03c55a,1114,1025-2048
e54d04e750b870e9a81a4d38c6dfac48ac945fe3,1639,1025-2048
dc86b183558819c2109bfc04e656ab66bb233aba,1936,1025-2048
1d7f31451ffc394d17278d3ce27254614f2c05f9,1735,1025-2048
764fd3bc54709bc77c35df7d081538809065bd19,1962,1025-2048
8560e9c39c50ea928eef7c115d99fdae5acfdfa3,1170,1025-2048
ef4922c35f5646c8309df20821e1bcaddce30e75,1302,1025-2048
ca2b06bf3d1bd787e7941d46ef0e673b8e288399,1119,1025-2048
784c2397d1e727bf54110bee0bf84d92bb04197f,2019,1025-2048
81827ce34bfd1d55d7730e67906090c61488b542,1132,1025-2048
d04bb1ce8b61d8fbb25affc19bf0b847c89d805f,1339,1025-2048
ee787c6090c333eb83786ea48e3e1b1ae6499662,1525,1025-2048
9fa8d73e572c3ca824a04a5f551b602a17831bc5,1720,1025-2048
7a7e9bd5545e04400108f1ed265444c4f032fa7a,1989,1025-2048
0034b8fb544da155aead5e42b90ed8ca0a54405e,1411,1025-2048
8efa42d48ff6d9e13508468dba2d3a510b8afb53,1687,1025-2048
f5c0f7389dba2e784427c949aae403a61830dc48,1154,1025-2048
0f475af73f0a05b6ca99f5ff449f60beee43ab45,1137,1025-2048
10e3d912f72a5c69b40781dafb103c78029452ff,1935,1025-2048
9723935ca9aaa45bef4efb35a991f06243b9a495,1085,1025-2048
b6732f04b6cae542122da2073ece2a7bfc6865a8,1221,1025-2048
d889039da6ce872b3c644c9061c2da76568f980c,1505,1025-2048
c8615227f8ed6f522496b110f5aea11c251efa7a,1198,1025-2048
74efcb15d3ab7d36afad656beed88c8e940596e0,1173,1025-2048
502596bf4f3f0cdbccca9e70113aace93cda297a,1115,1025-2048
732ab0bc760f9a4c92bc2e78634722bd383d86ab,1163,1025-2048
ba281d20b791a45a82eeb019cf5eaad266c0dd82,1317,1025-2048
4859ce7823182962dd0143eeb71cc9a2141a5bf2,1534,1025-2048
d6c9ef4c66d3871a5d338fd5ca65810bb5d50269,1730,1025-2048
13206b6ba3711a14a56cf1599ecb08c16f49061e,1042,1025-2048
7211352ceb0a8d7870fa81789d5db4d056d2377b,1434,1025-2048
9453403625b88fd4bc5cf3ab0914d784c02a19ea,1118,1025-2048
af8381e0238b904ad0b34751ae3fc703e4273086,1281,1025-2048
a046ad29e8aa91f1d92c0a48e58fed443cc0bd36,1242,1025-2048
66fb8eb947323c02cf723094467325dfb3811e0b,1677,1025-2048
33c58d1fee89661b83cc79baa793eac3ec745198,1817,1025-2048
6356d2c381f4d08c974ec3887a6e26b370e573ff,1041,1025-2048
7cca9c3e737521fe05a218d808a834caf96870c7,1078,1025-2048
0243464bebdd1b09da4a4d3d668b4cb396f14a23,1042,1025-2048
31f3b40f1b7d787fe451f5c5a5801cf7b9d0e9a0,1513,1025-2048
f178b409d61aef3b00e3578344b677c7385e51bd,1191,1025-2048
8dcb186b2532349a1fcd3c57ea317434a1e680a8,1321,1025-2048
ce069662a2285900c788099750ec82b59b2405bc,1849,1025-2048
bbe0a59e50ae8d4cb25124eaa157db807988ea9e,1460,1025-2048
8c813b02b366e6d63feae69f143edea2fb4b07e9,1084,1025-2048
b0dc598adda48acab590f95a5985fcc7abf2aca9,1907,1025-2048
be26df79ba3fb34114f81f5a910bc6146fb948ff,1195,1025-2048
e8a7c1579447ef65146d958231bdb3e42382e35b,1552,1025-2048
81f76e697771878c16b1d5f2eb527e6878225742,1618,1025-2048
0fa8f01f1a1119b068345779731753770ed55f86,1561,1025-2048
cba7d43412c1709861aea218e4cba2240921668e,1886,1025-2048
6797c3c82b0a162998629919bb09a759059621f3,1509,1025-2048
f363b38cb06409926fd92973e4a23eb442326806,1585,1025-2048
f72802a3d4a6641ac134cdda1cf4ad2d9ae0a786,1440,1025-2048
fcca421b66f6926f5eab9fab457dff7949964e79,1049,1025-2048
aacfceac7564ba7b6d8750776911cc98e09ccf44,1698,1025-2048
630da8f4db0fb5c1f17c84cbebb762c4b480f160,1453,1025-2048
bd921b069661832d9ef6ae115b3e4a74f4cbd5a9,1041,1025-2048
9ab6733d21f78c6af3d54f34058d3d6d4f6f1b94,1983,1025-2048
4a31feb8468936a9bb3246196bcff5a3bc2d0c99,1388,1025-2048
fbe24a2d9598c620324e3bd51e2f817cd35e9c81,1505,1025-2048
53fb49798b1f5651e71152504eeef30e3baccfd7,2034,1025-2048
5993b227af4eed427bf3a2b0e587d49c7d33e737,1410,1025-2048
982421887f06a04772eab581ec6d9006212e3329,1080,1025-2048
9d5896510a0a033a5d7f9f74d9fa79c41fb31f5d,1081,1025-2048
6c8353697cdbb98dfba4f493875778c4286d3e3a,1912,1025-2048
d84411c71f9651e7ea9d75ab81d7cce9f52f4b23,1251,1025-2048
a2368e6d799bb1afccb50c0a6739c1f8767c4696,1310,1025-2048
e8d74c0b15598feade3fe12a88318337b5c73520,1384,1025-2048
3235f1a968b97ccac076d457505b31df3a62bf4f,1186,1025-2048
710eaf2a8c70ca6ce77c81f6b2528780d0af6603,1345,1025-2048
0e0d7ad84d69391cbfce360b0b0108357dde9358,1097,1025-2048
9d3db425bf6bd38ec91bfc5d6b6b008b121c88e8,1030,1025-2048
17360f589459ad676a7103d38a86f9f1552d97bc,1146,1025-2048
a1aae8fd227520739407f53af36226c72f10b769,2028,1025-2048
7bd9e0b3ae9489ff79470c809e9a2eb4e4e448b9,1411,1025-2048
078270fb9c1d8dd9fa434a72d61954200011dc64,1227,1025-2048
04bbaee75c3065f93c955427c632608e81aac746,1168,1025-2048
7af7f2f539cd3479faae4c66bbef49b0f66202fa,1559,1025-2048
77620fb42747bc8edff0c5b40e1bbb5154029f7f,1083,1025-2048
9aef902dd0f4bf0cf642f2ce36d4bd98c0528e4f,1712,1025-2048
559fefdf58f2f0c5f976abde094bca1d445f5c01,1753,1025-2048
1fb9c5235dd0704c6cda00555ac5b1b12cbda58e,1381,1025-2048
093906826c5caece0ea5f6e64949a541f53b3b38,1406,1025-2048
42f0df53354669ce1a1104a95bcc362386e0f854,1353,1025-2048
109f461eed43b95d4a27d36d6b8057af9013b981,1313,1025-2048
a39f31e27907e5b49c4f40d8f8b75db93c6bde6b,1546,1025-2048
13c1fbde1c50a4eb0084450a21a83f7ec5174757,1911,1025-2048
d4d2c582a9dd1c636edf7e6961621352c02ca643,1143,1025-2048
b74a3c77702d1d5ffa83eabb1b9a7cbed08e1b05,1071,1025-2048
cda3358015f0352c556212347ff8bb6542e6668a,1115,1025-2048
78b29c4f30e0d98c4fdd29d58a5c2cf2b241cb90,1093,1025-2048
2e9f4f640a7223030b79549fe2ae19a4e1a79b01,1540,1025-2048
82eecda80dd752e4dc77f945bf156734c3dcf651,1531,1025-2048
27fb3a530a5db097f480ef4c3df07be8ffc14177,1512,1025-2048
2b6a802e54de2b080f556a06b35eeb40ef66ae09,1216,1025-2048
e0634f2945b43d4c13a0aa2ff31f2c1c5fe597b9,1519,1025-2048
a86155bff8802b399a3d42eb4a25101b255bba78,1296,1025-2048
450a4b647e8bcc9b4ba55276152784777588c7d3,1239,1025-2048
86c3808fa6bb8f8f10fc9f232e13fcde85ea91aa,1208,1025-2048
56ed4be236278c75e607e273660be2287d4888b6,1133,1025-2048
c6d8114707fe3dbcffa444835c29897be3cc0aaf,1428,1025-2048
0af8cdb71ce9e5bf37ad2a11f05af293cfe62172,1405,1025-2048
73ce32ca0f75ea7a210ffa0fcc5ebf7d57dfca52,1247,1025-2048
df434414d001fe8b74d2d148ac4b8113ba8570d7,1618,1025-2048
9959d466b0d701beddcfff5001bfe487ec62ecc3,1355,1025-2048
b73e51368b0f6c3d0c425e6670188db927bc8b09,1391,1025-2048
f64fb0b84f5fed3fd931043581189f2c4c09943c,1425,1025-2048
93b5e3385538e38d1a8c870eb399f6885e1aab64,1382,1025-2048
150b07aa855da5a874315e76fdab62e30f6883f5,1509,1025-2048
2998a0fac573bc64f188cfb0b6dbdb7612a5e730,1565,1025-2048
6cd6574da8fb5c72c662ad8aea6ff1e8e6fce4bd,1041,1025-2048
8b9496321c1e3c3495e60fbc3627141a1f45fa21,1801,1025-2048
7b54cb7ba1087bd0a359a7193e47bddd4610faee,1386,1025-2048
e4cd8232e83cd42360c97d8189e92ea92002d1d6,1714,1025-2048
74d4313726e55d5fca0fd0e12ff22614e5955cf0,1224,1025-2048
f4850157a6798de7cb166740d9f7b136b2e0362b,1031,1025-2048
69fc2ba930fb7b1a0f39204b7192206d8b47e1ba,1919,1025-2048
9fd2c9d752dc06acbdc896193a9b428cea9c11c1,1308,1025-2048
01f7f7437dfbe7d23ad000455936de7a563bb6f6,1527,1025-2048
57bc12eb53e8f26827b8d48638532412da9e1d5f,1401,1025-2048
879fb5c040e8050296984a43adcc9f058d170b5c,1687,1025-2048
c65dae5096f9301dcaba89ea8eb5285842a56408,1245,1025-2048
ea6ff90b141a015e7bf3816f376f841ed9f0ded5,1491,1025-2048
ade6d1a34ce18c333f531bf430118c5963a2f260,1030,1025-2048
e770d00897f98477520a9a647c37dd04fc609e51,1124,1025-2048
cee0a7069a565bae8eb798721c880422a757d66c,1615,1025-2048
9cd1acb28aa54a7d26e65b76f709bb9f9de7d9ce,1385,1025-2048
6af334242f7aac1f69fe17d7f8a7aac3b673b7d6,1625,1025-2048
334b1ce1f52f40ccbf9a98201cadb9145a622904,1221,1025-2048
5d860639ff96be3762ad649eb345087214d4a37c,1786,1025-2048
f560071d232c94a4fa401f3ff05a5bdccde67637,1461,1025-2048
ed22e533c993b6b508ff70651bae93f74b80ca03,1454,1025-2048
b0c7c3d946f62e3f22249eb1ed5066929fd4de5a,1360,1025-2048
fd1fe44ddc70494d4c476a427c0a4f5414d2f06c,1856,1025-2048
8237dd68cca8e1f17ccc4720013ed4aca1b59d7d,1130,1025-2048
c3c46efc3490e38459f01492156eef42f296f940,1475,1025-2048
383333f4b5abdaf4f67e09343548f7e0930524cb,1999,1025-2048
676ab86cfdd2c361c0350c78d8c46e2d178fbd64,1927,1025-2048
ece947b90441300fd60080d80a2bda9e9f183173,1616,1025-2048
4a86facd61816021d79a254b872fdf43d2a37d0f,1633,1025-2048
3695724f2be4e632879508648d972dedcb73a3a6,1296,1025-2048
1932607b8d4f59aed7311c913fcc95c43a0cee5d,2004,1025-2048
9d11011d01c9a1d034f3236edc5d93dbc534213a,1919,1025-2048
605eb52d9f235f6d02d84b902ef955bb09e93d39,1553,1025-2048
3b3b7e1b7c141260e9c4ad56c89495a7b590db23,1051,1025-2048
1282e1e89b5c969ea26caa88106b186ed84f20d5,1757,1025-2048
1f58d47442da974974faa8d8376431c21d62ee57,1904,1025-2048
11b1cd032ebbc9d25ca661c5595ce32de614c90b,1460,1025-2048
09b07717288e969a2efd9a676095ad9e6f9c1978,1052,1025-2048
3b7eda93a15e908a22d90ca3ee0cbcbbdb8fafb8,1422,1025-2048
6b04e81e839479b071ac934f9636eafe37869c91,1445,1025-2048
b14dc89b7fe535462ee448f9dda5ffb61963d2f0,1393,1025-2048
9748085031ae327ff61b0acb137a86178c5b7b1f,1113,1025-2048
f8debe1fdf438d7c78b3f230c9339dcb1b4b7e46,1707,1025-2048
e5806a4e9ba5f8a99bb661d05e695d641b62afdf,1973,1025-2048
a235b4624bd2f3fa564f3322b427a76b1e97e14a,1672,1025-2048
652bb5b34c65af7316dcc3b385263ff9609fdccc,1763,1025-2048
48b568011b329b2600b32669c0366bb379dbd813,1193,1025-2048
ccacc083d098d2ed6cd94e290cc63864fbcea1c1,1331,1025-2048
a5a4fcbf28a473fc59b89eb5388b3d940929a4dc,1173,1025-2048
87a3fdc68b1e20fcbe2821be54fed91cb25ce82a,1334,1025-2048
4091b8ec7c223cdfeb121eacb2117ba156d571cd,1653,1025-2048
718ba40263ed4ebc1b7e0b29076bb08457e8aa7e,1360,1025-2048
43bf3eae557d767701ea39f6f49ffc5c49d73ce9,1183,1025-2048
1aad79082bd76c8ec88dc52962dea89c54a90621,1443,1025-2048
01c2fb87a8bb2edb779019239b925d31b4d058bd,1080,1025-2048
35d7fa0812a1cc12bfd30e8bb6d2fb4700f1bad9,1167,1025-2048
371ed298dba16172a6e36920f41d4188a852b375,1847,1025-2048
4bd57ded1c214feb629faf8020395e39f757ed6b,1377,1025-2048
c7640d5016d024424d5b8fee7b91afa6b92894bf,1099,1025-2048
8a529c1fc484047dc282a7ab83577fbd5d243099,1108,1025-2048
e2873150624ca0bab9f350a676e2dadbee00ee16,1802,1025-2048
2157d97ca39627e0d53d2ce88c5b94ddc0aaa08a,1268,1025-2048
3b8920b77ae23c66ef18e5b181b350d041a76425,1564,1025-2048
fdfbabbd062e6654aa5fd4c2e8d5330e7df582ff,1102,1025-2048
33182e39286bb6fb5defc097ef3b715baa55b159,1396,1025-2048
391b7e73e2c4a7df21599d94aba957ced3166e21,1224,1025-2048
2410453709688ceaf8b9076fc4528f04613508ef,1055,1025-2048
fdc3f877e5001f8fea13f62f08cea4828288132f,1113,1025-2048
429da901cc5e824f6a481b7cd2c33f5a56537ed3,1210,1025-2048
0efa80c5a4a525d3fc3ff3da13ebba9f94ae78c5,1729,1025-2048
3a263f26cf5c260bf54dfb042c08107efb24d660,1158,1025-2048
8aa33e610cff261705afc38069afdbf9276b6aab,1103,1025-2048
a207157293304521273d9da62618c1321b3ab6ab,1164,1025-2048
bfae31415bca11a580f288680ad5d3a94ec0a352,1619,1025-2048
693914b7f38c19585e35668fd626aecf62d4c5e7,1275,1025-2048
fd026565387010fdf46c9f6d799bf3e451370e07,1169,1025-2048
47558e2d3d6b4300aeac0f12de747f5d3a1081b1,1044,1025-2048
e3e56cad46ce704f69b77f81ab2354456f1de458,1491,1025-2048
3d1dd9c4e2795748a474ce99e7909292ee6a0a98,1345,1025-2048
63a010c69f00e65c946a68b546bbd42cbed03564,1221,1025-2048
594fb1a8e3c105a3423a1a77a6877138902bfd42,1401,1025-2048
f90cdb5a0044fae9ed49386930e5c4f7c7615994,1512,1025-2048
7546e5af2bb5440ae0ec0d85d39d04fb7b566b5e,1244,1025-2048
bb06b73a28c6b9b8a97b9fe4687e9b5f513cd722,1165,1025-2048
0029ce8718aecf4d71b35b214604d8a3ef636d09,1193,1025-2048
3b30b5b5cc861be94387905ad013ac9f4c427a98,1560,1025-2048
4dc893dc31d0bac786a59d3bb35b094d4fef4dc7,1131,1025-2048
acb096433a63a89702ce366ed95a18a6386d2c08,1864,1025-2048
c245c3dde4ec3cef6a307d636c49ab3b6a96f33a,1371,1025-2048
a8d57010f6a4f3dce8e469566505c9b730734f54,1449,1025-2048
8cc6741532a343b1eab78dbd56022cada95c5d9c,1884,1025-2048
cb1fcffcccbd09f3e331fe7d8e63de0c3285a0c1,1312,1025-2048
89e0900d6d77c0377c2afacc0b949181211ec184,1751,1025-2048
5b08de6b883a53c374b72928131424c751934149,1290,1025-2048
b87c022e4d61a803c27f879e221138a28badee13,1135,1025-2048
778e0a4789266e31fd9bcc1397e23694f766a0f6,2016,1025-2048
47e75641cc8c67c2006aa5e8731bf5867aa8d998,1853,1025-2048
39421ba30228ce23c43f16cab7af2e1974213752,1116,1025-2048
a4f1dedbfc95ab4ee5cf8e0646c625c2835ba696,1785,1025-2048
b18b57c861d2d683d99f989ed5a28a8a173182aa,1371,1025-2048
b586006b53cd81ee66db34738729692c40d0a9ba,1029,1025-2048
33ce47dd88b55edbb4cc35fe3ecc957e93e9093f,1094,1025-2048
3ef549f74d0f96e986f189fdd0757261b34cb620,1037,1025-2048
6ae8bb023389c59f69db9a4ca020514d698087ea,1266,1025-2048
e3ebfee85665829bb5a1e2db735a45c702743777,1065,1025-2048
d7d3e7acd5e408d0a1c0f9d15b4c2e4bdb136447,1458,1025-2048
15dafcd8b936f6384fc8dc9758a062229087a11d,1566,1025-2048
0b2a14ae9f60e3f56d9fda4ee6e28209823072d6,1776,1025-2048
ab723f82e9410a3d934a5dded95a898b983a497a,1627,1025-2048
fa8eaed21e0ff6cba18c8661d422c3be83880909,1060,1025-2048
5b28032314ba1401238225c9bce239547c23e439,1632,1025-2048
46d5572d1ff3220014002ed63d9e42111c471c07,1718,1025-2048
6435bb11c5cd2dbff3f5209d3c66e5ba12907880,1270,1025-2048
499c74960277fc2474362cda7c4995c1c08c0679,1314,1025-2048
e96042b068a730ccf3b3fc20d66f1b8b533dc320,1059,1025-2048
2dabe7a9c575194c6e1963e419285a5e8bccb74b,1961,1025-2048
de9453fde399a063aa2d3bd80bb2b011b8c88f39,1537,1025-2048
86b8f67afaf37f3e314ab6b0cdd84792d0ae20b6,1245,1025-2048
65121c7bc6762bfbacb70b39362706ca8a2d6fc2,1169,1025-2048
6d1da601c520028d14d8da2f5e6490812c3bfa27,1061,1025-2048
524561a99d7089bb1508392711aa3cdba334bdb3,1071,1025-2048
d97a18961d8c8cf4f86f6a15be8ed73825654612,1601,1025-2048
37a458214cb32133c7725c79513e7554b83a7d07,1160,1025-2048
0621eeaa77403d688a95b7bb57d425ff94ca433b,1105,1025-2048
3db03bfff12c55714c111fc769e59d71e3496846,1183,1025-2048
4ad2ca0255e081ed91d244cfcf221cae499354b3,1280,1025-2048
9b5fea4b4606b6e5a9b61442e1cd644c9bb526ed,1591,1025-2048
a23df17c6d5307211d7e43ac1cf227ee0a799456,1625,1025-2048
1902e805ca64b0012bb38705d4268f16f37fa325,1874,1025-2048
35820013d9fd25916bef0462dddd1ac55712dda8,1847,1025-2048
f19b99c04b09ab5d45040cedaa3591af6ac674d9,1327,1025-2048
91817798e8e27e5a1ebecb3506b3e03fc19c68f4,1209,1025-2048
035866dd431ee002b8f4ba41178b9e92ad1e750f,1077,1025-2048
db54333a1466d2cd4f8871762eb99579dd6d3f4e,1098,1025-2048
c419a08fa0cb1bc48edb441966203af60d28c702,1255,1025-2048
00ec080583ef6ebff01368020b7a0705acb69b8a,1843,1025-2048
8ce715b4c541f38648fbfc6e1788c50e0460e472,1357,1025-2048
6a5990df626775184b9eaaf517721b389def020d,1209,1025-2048
9b02f729e6d442f6872078f599fc9da5c3605cee,1419,1025-2048
c23c263bedb8662ebc404f4e4a6b8c86a1acdef5,1805,1025-2048
ef9ecdfa98eba6827ba0140981fd0c259a72c877,1582,1025-2048
855782dd904582ac8f389be4f1c80e3a763f4ee0,1777,1025-2048
67cba5e57fe26395d8a652c6ac44726694a1d630,1155,1025-2048
1234ebb4e631f0be9a5260b3b775386203369aa5,1249,1025-2048
07be92d38b380f603bc58b0a892a66e8b6a13820,1379,1025-2048
4022a50bba91f9b847a5a958da3f389e116c146f,1534,1025-2048
390a2b63548d53ddcf3e7d93d6b56e7c2b6537af,1232,1025-2048
694fc0090dd9cd8d81eedcb2f7ac9b8882baf3c1,1164,1025-2048
2d9112b0d599b47af6ebc11d67db8650a30ee4d4,2008,1025-2048
607ed2c0cff2b0c555a22f1a51de4f05ca27fe6b,1868,1025-2048
6db8798fc0e9ce89e4eecc7e6bffc4d71b182935,1189,1025-2048
d4e856bf35f281958e4426f08d520c8aba24e4c9,1104,1025-2048
17a9164d8af1380a47fb388d8a70765238b1bd6c,1870,1025-2048
9cc93616811b0ab1d2db5dbfe9338ff2b143f6d8,1205,1025-2048
033acf208dbdeb2f4f8e852db0aba7230aa60f42,1124,1025-2048
d93fc664efae4b86b30d15aa81a8473b3db4ad1e,1154,1025-2048
95e33136902e8e94ca8a274db6837d18a632d917,1206,1025-2048
3875761021a5b69d22138e5f849d300bcd2aa3f1,1995,1025-2048
ae91e98ebbb80ca5210bcfd680e72ae23a51aa18,1211,1025-2048
4b64de9456360f9f780ac02d26e8fb0bd8bf4c41,1371,1025-2048
e60305c3f451ba2828a0086d3a431e52324e56fa,1336,1025-2048
08c098c4f3f890c97afcef8ab7402bcaca05653f,1032,1025-2048
102d105cf558697a9cb54a762e8ff0ea8fa8fc6a,1180,1025-2048
31ca6da78e9403c9987443957f2e0909661b6724,1547,1025-2048
4b5095f53f10f0fb29ea6fbe57ea61f84450b677,1242,1025-2048
9b56ca6f932e8adfb97f9b2f3a6b590343d85429,1077,1025-2048
4cde13a3f399f4b50516d968de205a882ef34faa,1249,1025-2048
d78cac19bbad74ae5ca0875752807a338531b574,1170,1025-2048
068b752ac88591955af5cf2236b4e2a300be68ca,1266,1025-2048
bfd91f085fe9b9428188019393d6e56439fff867,1160,1025-2048
900c83bb0d393ef17337ea2a89bcea49f6900177,1031,1025-2048
47a06627939246c3a15e4edb88fb5372d234f8cb,1391,1025-2048
39c0a90b3dd6a3c6ab96a1817e7f03a547fad74d,1761,1025-2048
b0df09ff4912a3f4a83225591f87504bbd5dca38,1282,1025-2048
b3287d116fb7c86da17a8e49cd4cbd462c5260a4,1127,1025-2048
3842da0ce01cb83a493e5578022cfecdff6fb1a4,1252,1025-2048
5c131c2d8deed67da5eb447f26053c8f8d1f84c0,1148,1025-2048
874e41786aa9d61cacfa924fd44efbfac1d676d0,1715,1025-2048
8d3b4598983c31641465ae89809a489fe141af83,1771,1025-2048
5e320af9a2dd060e4c104041246325efab047977,1829,1025-2048
7373bf0d3a32805fbf33301829ddb56799608684,1242,1025-2048
52f3c58818d79d3db0866438e9d6d87120d95586,1144,1025-2048
0fc83a8fb27cdf61c4738cac92c38d3e688c576b,1518,1025-2048
cb3207a51ef71d23142cf83afd795a8ab5b41331,1930,1025-2048
11ccca7e365fba6d2f72afff79e9f680a4af9033,1369,1025-2048
c65c974d272681fad7277c4cc613f772969f88ac,1548,1025-2048
f469064fb8e4a1925564cedcc0e572543414c32d,1242,1025-2048
f76f7e7662b4653bc502b7a6548dd14a55759bc7,1368,1025-2048
5676da9f4854aba9c0cab007c3e517cd81acf81d,1574,1025-2048
cbcdf854c4a3a9d6688906a63f6f63b394db7b33,1570,1025-2048
4365e044952089029353beb147a9c7925c0642ab,1402,1025-2048
60a61b8075898492176ba307b87e81481112f981,1759,1025-2048
c4658682fd859177ba6aeb561192992e16978ff9,1126,1025-2048
1e745b90dfca440f3743a7d41998d0ba7aaf9608,1122,1025-2048
d0d61d171b96d8f8076a5ec9ed13e3a1119381b1,1401,1025-2048
10b5c013c81fd8c5293bae980b81d80b55d735bc,1953,1025-2048
fa9566264f41fdba9621a211e5cc92ca05811f50,1135,1025-2048
9684bde5bb1597384265ac8a49afdbc6e19884d6,1538,1025-2048
35961dab49209a2ebb78136032b37e879eb8cda8,1131,1025-2048
6f570033c1d07467276ad185bf1521cd736c5f3f,2922,2049-4096
63930de61b2489d1258caabaed45dd68778d1725,2822,2049-4096
4db5351c505f3152c36bdb0e8ea1475bf295e59a,2295,2049-4096
f7f9c597561ca12865865d2b2e17a36311319130,3127,2049-4096
9802ecaa29613434cd7f6f7fa0e72b84a26c9d29,2930,2049-4096
2c2b229b0378cb7b63a05e8fa1fb84dc2cb5e2e1,2853,2049-4096
7607ed96c44a61281bb14d6481e23384fa1e0b04,3426,2049-4096
33d2078783830ac13fc7b8776b53d3ecf0d53dba,2499,2049-4096
e6027523126b038a4224387d363547ada709d155,2411,2049-4096
568eb322c354ba249014456634dddc94936cbf7a,2326,2049-4096
95e3c5ed847c90663543e6c3f3b7a790f92c034f,2456,2049-4096
ec25dec0868540261d97660e155a025efa1f563b,2139,2049-4096
191a68115ec23f8ee2f39940dac000dd7a3f4039,2161,2049-4096
ebe6859ace06f9fde4edcb46e1c1612c7dd026e1,3444,2049-4096
ce99cea505800a50117e0f64216ab13aa6b7a66a,2728,2049-4096
e055c4f39b331ea05b571f746360c801d624a943,2104,2049-4096
a92380d2cf43cdcf79756d13a559c474d4306b66,3016,2049-4096
4b4227f74203059ba215b07dd3b4d6047fcdcae2,3411,2049-4096
9b586ca6a9a419694872606e525b3f8cc5a4ae4c,2522,2049-4096
0b705e5b9a40c02d02823d4f78f3742148912937,3539,2049-4096
5729e9bc42a8c006fcdeaf6ca3434fabf49e7e7c,3635,2049-4096
55e6b3ae155043601287b8e14246a21272805fd2,2132,2049-4096
fa8af1c28f8ab2011339627bf8e13e267c57abdb,2250,2049-4096
579016d814ad99ddc23823b3b5d7bfdfd08f9c6f,2367,2049-4096
3574b2824254f4a78b23b7d4f649f7b242d70215,2819,2049-4096
bebf58b9e91c9062bf355b96f6db37788938c516,2737,2049-4096
1eacd91b535a05ed0b944d9588eb83a05864c323,2219,2049-4096
c2f09e4a0ca3ff243ccf3257b9d29af0bbba87a9,2409,2049-4096
5abb7792b2c37a9f69191ac772cd9559fefa9a01,2385,2049-4096
2a98947b3e94e633de4f60a0877bb675cc7ffcaa,2229,2049-4096
d82409e27ef3db6bfe8fe6e50f385e910257621c,2716,2049-4096
bd759d03ffc41e36826f0958e0e27b3cfe906b15,3238,2049-4096
ea48d2958710078ea774939c180cfaa4bf62bb5a,2073,2049-4096
47165c24ee11bc71a1e4c4f04c1171af8e621eb9,2336,2049-4096
7c4d2db34738222fb564df8b0664157deab68cc4,2352,2049-4096
66befd12040d7f31ba1754a2c4f4c724e72857ba,2377,2049-4096
98714e4b0760f1df6fe8118c8564cb7e858c9a85,3221,2049-4096
79b32b1fa1625bea368209c9b48d3ca5bc6c7b82,2937,2049-4096
53bc8b494d954d6dff51f89905e5602fce16e794,2728,2049-4096
a12d35a11e3cad376b36e118a3afa09364b40890,3447,2049-4096
aa5d5b970825219b458ea8637d8faa3630a0e082,2739,2049-4096
c03ab6cd5f95fdf2e916d5c44a7e73289617f992,3134,2049-4096
6241d9ac2a24852e592a63cc7023017ffe73390c,2503,2049-4096
3b2282f1383430c876b0b7d571e682660cd42364,3034,2049-4096
198f52e1562ef3e08cf4c6bc1aef25971cd21a65,2069,2049-4096
da2a2ba8b9d127aa116645cc55512d4163b5f884,2646,2049-4096
80a244cb67c960907a754534583a926a4fff4738,3119,2049-4096
efae7d3403ec5c967261d4cb2e4b402a8210ac3a,2336,2049-4096
c99267a968ee4d1de0105b2b943013360839af37,3013,2049-4096
696db28448d7199f47872e6f25f07fd5904c528a,2583,2049-4096
bed62c2f221b2eb6343ec808e75c4338f3e21e54,2186,2049-4096
331503637a4500187d648c0e2ab749dca8e2902b,2965,2049-4096
14194218dd4982a976d783cac55c57bb81b90cd2,2529,2049-4096
caf26bffc40054205a31a17d32c82ebe9d90b8cc,2384,2049-4096
e549acbff80cbfa3499338dae7621e1b475b0b5a,2579,2049-4096
2805537bec87a6177037b18f9a3a9d3f1038867b,3926,2049-4096
7ed1eca6501af327dc9cf83bd143ecad4015e75f,2145,2049-4096
f23f74adf157aaadc32b98d28ad54b866bc37131,2343,2049-4096
29cddeaab1f69cfa7feb83a8e54d79dd4df5f77a,2112,2049-4096
ea2447db9549f184e92c807ac12791b02f07acc6,3383,2049-4096
e738bffd3b76a14d38c54b6f95effca38365dff6,3364,2049-4096
318510507a790e4b13a4320ec9a6a8756ed96ecd,2794,2049-4096
874d7fc560000783a4695188f5aaf4031b9ed1a4,3851,2049-4096
f6899eac83bc8e298031e9159ac0a1e9c6593fab,2276,2049-4096
600a7325b9e116bf0d6256396c0b2eb3b37ad2e6,2399,2049-4096
536775a98d891dedcf5549cf7d44eaa3bf5e5eab,3890,2049-4096
72037a46a2afe31ea2d1b7ec0300a2e169868803,3013,2049-4096
8ad7fb843be6dc599af50d98292f6f2f298eec3a,2324,2049-4096
50313a54bcc9444eb339b4d6db13f2c907a6a809,2381,2049-4096
79024d0c38ee39f22c5e7906bc48ded3025aea07,2217,2049-4096
ad86b3031fe281c291dfc77ca9492408a19c99cd,2151,2049-4096
b62b80384f402d38c3425db6a99899d1cb9c50c6,2104,2049-4096
12814e000fa6e05c31c52f41adee5128749a3f82,2344,2049-4096
4c82647b7336a9a206c94303c5a843e7262eb5ce,2205,2049-4096
bc732dac920b94dc59ae17854879e5e3ec409b11,3496,2049-4096
751b9a8225c21504f90eae64366f32fdcd739c9f,4088,2049-4096
edd2573336aa8b2d35da97065fd8b69404cf5683,2273,2049-4096
9bb25af8e69da541b758adee0acdcc00828d0561,3151,2049-4096
6d97284089f6c778de1131c68217242d51ba01c2,4040,2049-4096
79002d9faafde4aa09249e01dd543061bd39f7da,3469,2049-4096
f6d8a7fc2e2d53923832f9404376512068ca2a57,3443,2049-4096
7e4e5065f64fffe868640f05a9e7ed296cda4e0f,3661,2049-4096
e3b36c8eb9ad13a43efbc3d628dd6ae6409ddf7a,2239,2049-4096
2530b0f646813c87fd318d5831505c1676ded35c,2111,2049-4096
d0ece2313073c872e012bc925bea790fd0752fc2,2123,2049-4096
4bdaf5c03c6844cff848c5cba606f365a886fa14,2702,2049-4096
67e338f82e02273d38ea3bcbd0454a880f3a3b8c,2554,2049-4096
628e924c8fec87e190ce2e6c625a4f4afa1e696b,2467,2049-4096
de12c047f37aa395a49671dcb34a0e8aa86e8056,2377,2049-4096
eba87f29b395f03b88a392a266d99a8a0d26a9e3,3007,2049-4096
cd01342ef1459ba80aec884a5235407473fe2e27,2195,2049-4096
4717803875cd7e98fe2cb212ae10172d4eff9359,3160,2049-4096
b3c5ae396acc8dd24984d4cbb04aebc5c6b6c9f1,2828,2049-4096
749c732a1d7536dde2a420cbd887bf3fe2b560f3,2065,2049-4096
9a7582d43a7c7ece51a23c944144f500a7c9c702,2663,2049-4096
c99555607f865f8e0d32e5054195b29ccecc06cf,2049,2049-4096
e82e6c3e8a5b02e2c2db3da1e629ee31d1157610,3545,2049-4096
d1954fea4ae12c68c057d163e862b909619e84b4,2334,2049-4096
53948281e181469d7208ab6a812b782771be89e8,2954,2049-4096
b38899169785497d4cfa21e8d8f0838216d6c7a9,2748,2049-4096
461454ff931ee16480e25fad0b8bd231356125d4,3666,2049-4096
428e709d60388be37f28d71ba43e1e67fd6328b0,3047,2049-4096
8f53bdb32ba385a2a83673e0ab1c63c67a417f11,2170,2049-4096
ef8b60e337a4a872507c3d2a99e517a45c86740e,2203,2049-4096
44ddcc1c350f65c068b94e8d377a1a5b31577ad4,2303,2049-4096
ec910f8217d0555e691863ffc5b5470384ca70e9,2058,2049-4096
09a014d787935df991b3ba6d41d5ebcea769109e,2380,2049-4096
159145ae5856d4bf420af9032bade7f19906c808,3275,2049-4096
763d4043f5c0330d920bda483bacb2feae4dc2a8,2528,2049-4096
fb081edaee5c248d92d4228250ee1ce5f330a2de,3734,2049-4096
a784f8e5febeb682bff39e5c6e69c96001f8aa3e,3658,2049-4096
cd6d9276d89c5b40512c593d9a0be91b83b9a10b,2744,2049-4096
1fb5df9cc11b2acedfc6d74a0739a68bce6970f7,2496,2049-4096
acd13b907c9acf16c6bf7c0a1cff0d7f2402c669,2830,2049-4096
5fe35f62345b9cd1b15d6650474bba4404f02db2,3893,2049-4096
68459ed4cff7692699d60218c1dc579cfe5e24c5,2184,2049-4096
bd54727c7c33fcd6e0481c8c9db988dd7fcce4d3,2854,2049-4096
60c02e69eac126a7415c76869312b79e4a99f8b5,2252,2049-4096
02022923393d9c351f21cb1dba250b3b51d41ca1,2185,2049-4096
32c60a807cda0e93295dfaca4ca17df451dbd8cd,2825,2049-4096
0a5802b54278dadff8e1186f129218cb23acbd1e,2581,2049-4096
b72771c316d60190aff053ef8a216ba57d62f541,2409,2049-4096
84ae10c7b36a113970ab846c8edb73eaff1ebca3,3652,2049-4096
170d56c5934a71cb9ee989b26d280291a5873df7,2238,2049-4096
347da86437f5b82b58c3561b98d8e58677d2ccf2,2075,2049-4096
c1a517b4a05a8fe466969b4505430365a8417462,3562,2049-4096
b85b39b9b02cea02ef59d2380b085cbef02b44ff,2357,2049-4096
275c361d4de0a35c9fbd64a6043773f2ff9279e8,2124,2049-4096
21a78da8290d078de8d17b1f35ced4b52d0a21a9,2102,2049-4096
6777a6394cf3fb6012ba89d92f74c011da28ad10,2259,2049-4096
c1f7782779d5e692da7ca891f3cc2dd46d97f9b1,3435,2049-4096
6056e459e333b3e810e336d7cd20d5a125ead7f1,3119,2049-4096
8ec55e43ab7578f7690931c6351f39be3cf514af,3069,2049-4096
50119e5b71987df31e8cb5c3369dcebdf5cce2cc,3372,2049-4096
14542ff75891ccc443c6bd64e4ab836d5b2749c2,3087,2049-4096
587051f9b9ccd95064debef0f1c191926671875f,2598,2049-4096
dd2300da0a7385d87eaead7f903e07dd133928f7,2901,2049-4096
af77fbadb1348429349230ab80ca3539355a6268,2236,2049-4096
29e18018dcd95305f64b7e59c83d908894dba660,3820,2049-4096
95b5f94814bea27a1538796f14d90715adf4f88f,2084,2049-4096
f6e1d998a6017045b05618ada6b154f8bb434e36,2274,2049-4096
ce5b4fa639ae86b1a49ad741f8ad690a64555023,2714,2049-4096
3a618c6e8fec20c578e402cd1af3400a73e77d35,3816,2049-4096
1943769c77326c123af28283c0b91ce058a63168,2173,2049-4096
a3937642c65388a4f4e8f878da2a15dfc049d46f,2360,2049-4096
6474b54b481f4e3b286e2e709bd6444ad8d21dd9,2249,2049-4096
be2adb9e4efdf1adbcf3fa0b9c088ac445c0d186,2175,2049-4096
51a2902667101258791f5442cfd5681174c09368,2578,2049-4096
ac2d1001c83ac24189d37e1f41fb0678207ce624,2763,2049-4096
bb3488c1317e6d86f3f732ad8452d86d8c3510fc,3565,2049-4096
d6dc0c48c647b71399d03b500803566f2b1cf207,2681,2049-4096
cd9327a40cd4847d902523fb749df23a6d6aa3e6,2629,2049-4096
888edf576f63b6623fd230f94bdbb7c1f98a235c,2081,2049-4096
79ee825bdc3a4795822c4a04bbcb315464c75cd8,4047,2049-4096
abf74b85e387299a4982e38ac21d321dfd6fad33,2277,2049-4096
256ddfa66789c70da2860b8c354a3d9c661274a6,2295,2049-4096
71de4b67564db598d0dd114f82494f6cbd01e1b7,2195,2049-4096
f8fca886ed3c47676074342e18c45231f469f79c,2413,2049-4096
dc9b68cb215a7d7b707450e78c9a1707f50bea6e,2282,2049-4096
98bb6af84c5a55e78a3f1f4527f6000fe7d4e945,2125,2049-4096
83685950bd18191fcd5590444158e4564869ddd4,2859,2049-4096
fa432d07dd66a9d6d5710a58de79f668eb19fa1b,3489,2049-4096
d374af9171a7d2a3171999793a8ff3645eabd600,2625,2049-4096
d92c0111e37e56eea7a55619a33dff357684eac3,2088,2049-4096
26be447a6d668aa19f3e550a7ff54103df0d7d54,2098,2049-4096
535b719c0a9114acd54c6d38be1a88c7941aa466,2135,2049-4096
3a2746e6f559cda514fcfa5068fbd6a96069192e,2509,2049-4096
1ac178d7f22a81c04d98dba94c8f8c917375b878,2486,2049-4096
4a252e154263c87ff1341c44c510ac41fc62b27a,2522,2049-4096
e0b3cebb8d69403da9c30c992d41537c27881f09,2487,2049-4096
6007c42e2d0bfca93add0db68636d6320d5a1ce7,3900,2049-4096
f2365f3c7727f84566b3190505752d0009e0c561,3618,2049-4096
15c4abded3f6e5aad4145194743037f3ca15c0cf,3185,2049-4096
28d7d7110d83825a7ce88779db6db28ad6fa0d46,2795,2049-4096
90ef86acdd9da6c5508a94975b2b961fdff28225,2446,2049-4096
7d23f522cf17ac3de97d6f16fa8f616d716fb383,2904,2049-4096
20f3fe4fb2956d93b96c25ffc2b8523a5906b9a7,2057,2049-4096
f99ae00d1244aea3623471a24ee94f1f408398ab,3885,2049-4096
b2fdee22aa02477292b858fbafcb418932732bce,3274,2049-4096
ccc85b13ed654e7fc22ea8a108b132245d6ceb26,2752,2049-4096
18664d6e6a49c07452f0b831624b261f711a6734,2863,2049-4096
45f24242658f00052739cc9748a638d62bf67ae5,2139,2049-4096
1deb84164223a3468a80b376befc7e0b7261a36b,2274,2049-4096
a16ad1e44bb8e90fb7e55bd3f372bc4b64271403,2324,2049-4096
962f449c4edd4ef723b48a936a168fd43c9f1ec6,2278,2049-4096
b9b83f72f2aa8df2ed006a726d4c4aebbe758d99,2164,2049-4096
203ec77e581ef662798222e8ee6357e72b5282f2,2687,2049-4096
17237b87d7ea79ae6e18c24d4de83bfeffbd7c2e,2059,2049-4096
16f01a6aacb2722b5aca74c4cdf57d0bb6870f72,2218,2049-4096
4f7f66cf31eb797b7ed9ef4f1aa6eecda647daf9,2414,2049-4096
99c4dc4a2c291224bbfd604a3cd80e0910ea9c39,3757,2049-4096
5f74b4bf4f35ebd1a49a37a27e9277bcdc479493,3964,2049-4096
68de70ede442093cef22ca6d063b32913327570d,3097,2049-4096
35660d2f9275f6696188dc74bc46ae57a3c1118e,3267,2049-4096
f10bc604fa95b026c23d797dbbaa8ccc23ddc2ac,2845,2049-4096
47957a20b42c29a0fc18e3b296a95a8fa37d7ec5,3625,2049-4096
225ab689f41cef1dc18237ef5dab059a49950abf,2509,2049-4096
c69859fd9ee74e5287c5dbf22ee7e82663fe8bdd,3909,2049-4096
57544c8997e9e96deb591e4d25d4f3ccb88e6c63,2114,2049-4096
b7fd77024587582077ce37eaa9b9343dfb546431,3252,2049-4096
e0c28245baeeeeb0dbeac1b79c79fb79fa0880f9,2394,2049-4096
f15d2bc07a2ffa62c86a6ce2e2eff3e5e27766b0,2555,2049-4096
4a6689e78e6f85e60c5c82db2738e8ea8a00085d,3010,2049-4096
61999cdd08f39e6a4d390701031f0f4d9b967ba7,3396,2049-4096
2f39f9f623fa7d02902d37df256d190b093e6547,2817,2049-4096
4016cc85a3026f857729f2abab145abf7f65fa72,2651,2049-4096
a557489d6c04cae63c01d2141a3f763927f88f9a,2433,2049-4096
23d3768edee96becde2b53ae90ff0d9471b52bcc,2393,2049-4096
5af4cb613f335b9d6aecb4b81fb7084f77edbccb,3901,2049-4096
6d726350cb25332c4fce7828a3b0bedce4c69e7c,2581,2049-4096
176cfe9afceb31dd6e768413e9ead95b5d34489b,2949,2049-4096
55acd06d845063b07a14129c4e2200f0222474b4,2217,2049-4096
109697dcac3a9886d5df2b700e1b4de9a63d77e2,2544,2049-4096
9678f99306e379d35f61283ead1ff88a70e230e2,2621,2049-4096
c91b9c20d3612a83322605b911f0af2d1a611c76,2233,2049-4096
44ca43f30a0d1ecf7d09dac2543e2f639bb1db38,4087,2049-4096
a842c0195059a07cb4ae3153119e4751b63754a5,2829,2049-4096
b96183ef316e522f7fa49d87e53c131e11beeab8,3883,2049-4096
77d049b5961f57d9d42154144432a8fb039f1230,2299,2049-4096
d25d05fe07b0ee9a3797d6184b32cd81756b6370,3522,2049-4096
e60f781a0fbf7743bf389381fbd8192b142726a4,2528,2049-4096
69dc367c30240fcbbde0a2be04f16b02f2f7e73e,3324,2049-4096
1e593ab42bc870eed5b4573d9e69887cfbfd3a04,3175,2049-4096
130b3ba2bce5849273c59e987d2dd4c1c670c3e1,3414,2049-4096
0ce93bab4b8dd5b85a0e379dbd5e599e61e3f94d,2135,2049-4096
c7338140c446bb1b8c1a2c24aa380890214dc0d7,2537,2049-4096
d8d758b72642802f000405ca116bf605fa48eddc,2405,2049-4096
f23b66902a0562b60310c76ecd884f53159bb79f,3897,2049-4096
3d87e2ddefaeda8abc0f088017c4b4ea0dfca015,2150,2049-4096
d3df2627f9dc761fddbdef8c8192061619b11e82,2518,2049-4096
c198c457f6a192658c4be2e045142b79f97a1351,3368,2049-4096
884d8885853638dee0256bc4e3b2942de6253bff,2504,2049-4096
4d64c7c3dfc5722a08a6e8f36721e938a9b932b3,2274,2049-4096
1478844dcb94f75e10822edbca75b65a3d64446d,2587,2049-4096
ae519df2b6bb424daf653eccd225c9e51e40ad5e,2259,2049-4096
e711b5dc883b6f79b6a00d5b034bb427e989e987,2162,2049-4096
7321c2dea16517e7c57f026c48b7c47215884460,2870,2049-4096
7b4b801de1ba8a4456adcde7b1a9c5bc5cf09fc3,3231,2049-4096
a600850ac0120cb09a0b7de7da80bb6a7a76de06,3446,2049-4096
a8da66c888e51bd1973fa5429b2c213c8ba3f170,2071,2049-4096
0f7e5bd36c51f24fc388d41b13dbdd530bdf95a8,2753,2049-4096
80598bb0e18bceec032cbab23dce6d9f5fec998d,2441,2049-4096
76e04b56a13327572fe824e0416fc85bae9a943a,2926,2049-4096
4442e1d6ce66fd593766eded0fb651c16a185d7b,2940,2049-4096
9023c7d0515c543e393be626a7a871e6b22d670c,3658,2049-4096
e64701d65504db01a96b83d5442b52a41a028390,2235,2049-4096
7fb27e0123ca907b55b8ef57afa1612731eba034,2222,2049-4096
ae9aad6f6c240155bbfeebfe778e35d844accf90,2087,2049-4096
79fb501661cac6a36bbe2d136befb3ddedd4417e,3344,2049-4096
5eed37a86f285b7a1aa7f8d5b77a4f015150cc61,2730,2049-4096
8ca3426161cb12e3d593821daf2d9a58e260de23,2257,2049-4096
5aaf54183135615c016d41a56772fb1dd13cf7fb,2283,2049-4096
9d200f57336a406d9c2040c0357da43fd63d932c,3073,2049-4096
0d7d277c338b68a92dfeb428cfc6bc71fcf0c387,3418,2049-4096
ae842d4f80572be4cbc61f2bbc25a5895a94f544,3015,2049-4096
2a5c233bc686cdad2ac9edd1c8578dcdc681dc63,3430,2049-4096
f6af0b7accdc3ca99195b991e50232392fa4b4b8,3745,2049-4096
7a97eca4a28e425b036022d097d52576592642e4,2885,2049-4096
d1f7b2b520cd8ab7632591faf1fec028638c2519,2417,2049-4096
4a4f8897fcefbe2ee05aad30e6621233d118f196,2522,2049-4096
29c7ea8389f7945a007adb5d0585717faa740fba,3571,2049-4096
1c581fe3f53c428d0da778cd76dc614ddfc7df03,3232,2049-4096
22bd61b646e81703455d2399c80e696419a4d33f,2711,2049-4096
f07e23b54eb8e53f32dd5ee65e9c1a929bc3bdb4,2376,2049-4096
abbcacaa273b8fea38d142e795e968051fa368ea,2425,2049-4096
c975f3acec4fc40c418c87fea7cf195ea7f5ee02,2169,2049-4096
d849c61c170ed1404064e3e06bb37ce9bb2df929,2554,2049-4096
35f64f3c7185ea8a988b065fbf2cd0bf48996cb5,3537,2049-4096
51f392434f0794f3d21b53d595586319471de5dc,2669,2049-4096
175f77b62c761b525b4b383cac508ab4b1c6994a,3076,2049-4096
c98560d2e20a539079ae3cb13a112a7a36f46cb6,2306,2049-4096
bd69807ee32352c2648a4ff5697dba7ba8737f22,2108,2049-4096
51442e884590dbf41e0a2de9d9bd6b85221001ed,2694,2049-4096
33feb386dc87e78714e89514ad2f249617460000,2575,2049-4096
018e8ed8c8694d45cfd9ffaf967368345fe22af6,3049,2049-4096
bec079e846275997314be1415d8e5b3551fe09ca,3310,2049-4096
eaf8681d44fe3d66198537b6aa75246abf24e181,2545,2049-4096
752f7c09da359e3622e6d45df191a742e9edf916,3507,2049-4096
feb4e38c21f33fec2add1d19a9008c15ce8849f6,2902,2049-4096
3760871964512028fd6eac6fe8deb0f53670f88a,2614,2049-4096
1f86a4cb00bfcc5f0665fb700b5e9816dd981db4,2167,2049-4096
4106342a079eecadd4a4a1d39eabd4a50e0a7cd1,3463,2049-4096
2f095d1fa575ea40329921a35feea7433e3fd31a,2776,2049-4096
c71bae77ac2d3c1c29d3024c48d0cf8e8451752b,2784,2049-4096
8a003c72e9bca0acdac9a3fd74a524930f79f614,2117,2049-4096
fbf177576cd4f4c00d0283604954078b0a9518b2,3184,2049-4096
6033ae7d3c692403c6e8b1834e2589030349a6c0,2163,2049-4096
e133c300aeb1cc3f27ec636e010af050a8ed0b70,2711,2049-4096
0bc504478616fa9511f07129f95a0cdaf0c6395a,3783,2049-4096
fe28f978a92a7b446a9c5adc7bf61500db31554e,2338,2049-4096
ee7b883e35d754ae4f71c21bb71f9f03e4ffbb2c,2120,2049-4096
90d23d2e491b61d51163d8ec0a70a195e61a1e68,3880,2049-4096
d8710ada7b567b4411038a9a50b8d62564c78b24,2740,2049-4096
45a6ffad4a1d0cdf8a56f0076abc692939e65a27,2156,2049-4096
58b8adebb728637da8659d15cd8c4c1bfe38221d,2072,2049-4096
e5839836d01cb3f6ba3087ed4784844d47416706,3414,2049-4096
22789430b8624d15619ee92ecf09764309f5f897,2374,2049-4096
37eb08cce9b740f74e2fc3d254f0f2890c7afdf6,3290,2049-4096
91acc185bea87a5dbe9f73576bf3f0f06fd40227,2248,2049-4096
6ef7a8f0d335db7a2d0ed60d54791dc074f5deb2,2944,2049-4096
a02ec993caa16db35f382baa206cee5e82a525e8,2147,2049-4096
9aaa254ed4878bc1c1f1f95542ab196143c59a1b,2773,2049-4096
08ca32606a036f91a8bdcd164ef1a126982496c0,3461,2049-4096
0daeab6d8fe2c0616ecca3527eae49cde8ace453,3549,2049-4096
a946a54c5064f5dea98d0692548078c0cee7bae9,2781,2049-4096
5d0e28c5a5cfe9820802ab6ec3c49f6927555af9,3338,2049-4096
46e80bca68ae6db71c3ebfa5b509357ea3662a5a,2552,2049-4096
4267430e80c2810c688677d85d6e2c9284400eb5,2060,2049-4096
6e0316a4941b4e010a47e4ee86a71abf7ab07c5b,2384,2049-4096
061d2d86be3997853e471a19ea89ddbd019ea6f5,2506,2049-4096
e265e55240fe5cfb406718ec56b215027e8e5eb5,2068,2049-4096
bec63fa4b39ac9eee704989463f0104b0b7af44f,2344,2049-4096
403afe818c9a66bc3ed8de2e058b9f0ab02f3d1c,2987,2049-4096
f2ecb435d96cae1adeec891ae66038121d727b2c,2374,2049-4096
73bbb28457c7f21109ef6953f6d8a8179cdff66c,2893,2049-4096
75752a43e8b48f10ba6b315a9b1e54886cc4d772,3255,2049-4096
cc21e91142c5393734757f063be22036389730cf,2139,2049-4096
935d89ea49270b1cde3eadbcd1622c409f43db78,3746,2049-4096
2e3bafd917afee07f33305aac8838a98d8383336,2075,2049-4096
b02f474196fb9bd61fa3d418a7ba8ac500e8d422,3038,2049-4096
9c9820639a9f49b30b045e065ce039e16c169f1f,3809,2049-4096
97b69d9a00b2087d093accf692a6ab63238332b3,2143,2049-4096
0c633c82971b552d67c61b77836d1f80e4a2747f,2207,2049-4096
40ae9fd214e5ff50b95dccdd342dd91daea48488,2223,2049-4096
b42a99d71df29e9156cfcfd160b92d2649943247,2159,2049-4096
9c3895310150e223f257ac49ba2a6d824bbbf551,2133,2049-4096
f3a5b8d3e64943a20b4defa1beb8e993d537d256,2106,2049-4096
474de7940cba3ee6890df613422b56fbd0d947aa,2628,2049-4096
cd557cfb61cdbc045aaf10ad3cb0e7e9d983e190,2572,2049-4096
5f4ce56cfef41a9d98d9e27f853ab24bd876d6f1,2690,2049-4096
b334b093326b71ba98bb761d5b99fc6e9e32bf3e,2139,2049-4096
4a7f9ea4dd88c1d1793b79539dc887b93ee88c1c,2671,2049-4096
d7507d2e8b97f5eba3100f9b06b6ca07c62b0352,2507,2049-4096
7995dddea80c84c193aede353536f730e13fedca,2089,2049-4096
313954ff0e5b286fbbfb8fbbed4c1274c56b5e52,3135,2049-4096
fee44976673da41c128010cb0976b5896f039dd5,2072,2049-4096
ce870c5691ee9021878f2dd8af9f685df6d190c8,3428,2049-4096
2bdb5047ec8c07b390a9c50104647e37e8fc178a,2652,2049-4096
7889bafc0e9ffdb8dfc32f00ac0bfa54096e29b3,2248,2049-4096
ec21b719d7713e1ed14c4ca78f06ea8609d44bc4,3347,2049-4096
2d7b90d94a1ac8c81143a63208f34f724b89dcdf,2082,2049-4096
1f101fbd343044499ba2bab28d05d1eaa268e7dd,2484,2049-4096
04acb616e4636054e9857f3d1e7fcf5e8b5e43ac,3838,2049-4096
03953274bc99c7820c1035cd23b86a9fc6c8dd0f,3216,2049-4096
a640f3711d4078c1dcfca5b22d01dc197f63f1a9,2442,2049-4096
9075b264a8c43b09d3a3d79f80f37079b65bf8fc,2311,2049-4096
32e012bc625ee0a4fe26e35dcc4750d2e208d70b,2597,2049-4096
090563ffbbe4425d9a2cf3099e492689d7d767d7,2367,2049-4096
563f73950d2354cace2f835aee6258da51958f59,3481,2049-4096
fa3b8af7a9eec93947cace8ada23346238773f73,2518,2049-4096
5f1c68257d197c9aeb68656e3f2bcaeff57fa611,2161,2049-4096
892b04bd0d90b4632ca9723a2bfd02d976e1e5bb,3480,2049-4096
3af5ba18a6747a137a45243c2a46378b6c67b2b7,2069,2049-4096
dede7bbdeb32b9c9af3e81632f60263e7c473790,2730,2049-4096
d935388f0cf741f6d4acba36efbca5a16aefa585,2326,2049-4096
5bdf59970d48034eb39bc9009af8fe271b60ecba,2388,2049-4096
eeb07f6adb3589539f967bb9212cf2da9cd4232f,2368,2049-4096
ce001fb429a98e3a39375d3c7cfca82c71078424,2765,2049-4096
f83f76c648359efd9b70171ba1ae69065cc1aaf4,2548,2049-4096
545ba2a12c2800bd006d26dad7d296b12c722ab5,2164,2049-4096
ee65c86b48e9cdbbba17b755dd5e18eda8108659,3143,2049-4096
85abcf691f597cb4ab2b1514c90ed558c4f1c84d,2050,2049-4096
779614566ed333701c55d2acbdffee32253e2297,3315,2049-4096
93599207a111c726cb591bb7a5f9eafd6d76bd49,2418,2049-4096
7baae9ab7e184721b457e38911f68d5637a80e33,2877,2049-4096
f446a294104bd7e69a95487120b75e014a292f44,3284,2049-4096
8760bc7631c0cb04e7138254e9fd6451b7def8ca,2465,2049-4096
7114418f520880dd202108f20fe8e6ce70db68bd,3804,2049-4096
9b1e473094bd35bc8896044c4c633d221c29e273,2931,2049-4096
d154e29da91dc193eccf4681fa3321982ac70a71,3069,2049-4096
8b3154a692511d14e17d019dea2d299a80f74175,2428,2049-4096
a20f3dfc9142b48b924e68ee22ba259a0d621bb2,2070,2049-4096
f2ce1688d39b5d38cbd994766bedf9e867df2533,2486,2049-4096
4c4d0613fc29ece0be6e4b36b02dd3ae0a0c9763,3013,2049-4096
4b33419863b96c270d5875af9bd5af3ce5dbb1e2,3356,2049-4096
b915fb4c45d19a5b979868b54cd1e384c5e59d8e,3333,2049-4096
a312a573ef81793d56401e932ef6c9498791a3d1,2585,2049-4096
e309f70e04ac6ff78baadfe4bd8a1578ada8d904,3603,2049-4096
7f19972754ac0c15329666b3a6efbf569b27d8d5,3827,2049-4096
1c92a4b834a469a0782929502b0dfd21b63dda85,3010,2049-4096
382de1034df92ff145c81f55a8bd9c1e6a6f6b52,2755,2049-4096
e3bc1ac0b0abc150c4ea466712095c28e1649e0d,2753,2049-4096
62ce080639cf0fc47b61ce5239a43228e4f83bfe,2146,2049-4096
cdd633b48c3e902b5a7a012711d868cf5745c677,3206,2049-4096
2522beb6fa706c1f6e3bbd2d222e441eb3a9617a,3106,2049-4096
015688f49a26ca19bd67d2299bd16ad0816331cf,2722,2049-4096
02d79e98a9c089b9f052ce6b4c8d1ce9cb6c711d,2156,2049-4096
da1f01b4d10355bfa93df8d3a6c61f0c93f83870,2877,2049-4096
ad9c4c2400c4ba2ddb8325ef9b262c1e88f58c88,2321,2049-4096
c2b89aa2b8200aacb72df1368f2c5312784aab26,2696,2049-4096
1a3555826ef68df33933414fb8a0724ad715e97d,2906,2049-4096
bd66e3a85bef034aff2daee7a0b3a0dc408213f7,2181,2049-4096
2ec700aed02117cd5d2e078ba7b65287390603e2,2869,2049-4096
a8c440128b9a541361521afdfd388d933e899b60,3616,2049-4096
982ce48c7757c8f4e38874573edccffb2e8d1c61,2751,2049-4096
518c3867f4272fd46fc5e8ecf1eb4f6af517c698,2107,2049-4096
277a54af66e75bb9ad57cc770650eb7ea80e3b21,2655,2049-4096
95647891f7522d58d75ca499cd7783f2ab56ca85,2237,2049-4096
c931af216987c31f1e2218e531a7350868164f40,2057,2049-4096
c2df629438dafe8150df812f169c36f582fbad72,3625,2049-4096
4c6a3e87e1e974e87c020804de3ae9b4b4260d05,2276,2049-4096
1428ffa781ed947a19985b3b746c313959dedec8,2540,2049-4096
1267e5e46e17858e3935215f6789077b5a02f471,2057,2049-4096
f8d35d3e5c3c9829b3a382b6f24c750eebf2b4d2,2361,2049-4096
f24e4603f23188154de7226dd2341a151ab686fa,2513,2049-4096
78f48e76a5784efa1536c6f94f7daab180492bca,3178,2049-4096
505ed8c92f0b1ca9afdccdf4890f4e79415ee788,3457,2049-4096
7544bae31e87ff210c959cf2fbed5158b5f9afe3,2237,2049-4096
cbc5a976acaeda9d273d60bd76a9e545307683ff,2424,2049-4096
18c7d5c2f1086e9710e39a262589874f21c4d8e4,2645,2049-4096
d82b55c35c8673774a708353838918346f6c006f,2381,2049-4096
65c77a586d23ff75b06a88799d428486551d2d98,2133,2049-4096
3dda474c7ed468db86bae73ecc7e39f75887ec98,2470,2049-4096
ece37ddbfb2bcf53a58b3c7728ca1e91fabd6786,2711,2049-4096
400e0b4b9409b83504326ecc7e5827ed65fe6946,2237,2049-4096
cb4368eab957ded0ce8c587c4fda165a26bc5a22,8157,4097+
f9a210ba013e349d38587d445302db089dca3d10,6913,4097+
1f050eb09a40c7d59715d2bb3b9d2d3708e99dda,4338,4097+
10be099ffbb1461112649343e364a8e0eb37c3a5,4143,4097+
d9aabb916114b7bf04504733ec37390bab76b717,26669,4097+
4167af2a954eabb1902afc041654743ec9df9948,4794,4097+
2a0f90e4d61202a695d644202df7567e7b94d74b,5723,4097+
25eb3c1903de3ebaf487b1e85adbdebc9ddd7fa1,4584,4097+
9d054caaec9e59a15b30845f81d31dcf95594b87,4542,4097+
040c161f21e0fa57ac192ac826310f55d60277b0,6058,4097+
327f1548b68d51e19769cb2b0e0e4e1dac166d40,4542,4097+
9db4d165822ed213d36daaba40790321c4f31ef7,9167,4097+
eac9c263d99f397dfc2518ac55f610130aac32a7,7188,4097+
81cd0d4f30bf150b3f46b0aa32a761c3e11e2812,5088,4097+
d8c44b1cd38a27c78af9c9444d8be019e2f26417,5714,4097+
788121f29d86021a99a4d1d8ba53bb1312334b16,8881,4097+
b49caa46aa223d5443846adb65ccf2d0ceb9a729,7056,4097+
e23c34414e66118ecd9b08cf0cd4d016f59b0b85,8830,4097+
f097690ea402adcfbe124f6ce819bb8ec35e0b4b,4857,4097+
522ab6ebdadf48774192e8d1e4f54af03eb3bdd6,6126,4097+
2060fe4b01ec2a5bdb51eb47e5c0b111150d0cc5,7184,4097+
c7b7027659ffe67670d41a5a73b7eece8f0ff493,6639,4097+
9885b611792aedb706ba905e610b4a0a409d5984,31533,4097+
1079699951213817beb54508400fc4d4084e5972,6149,4097+
63af0e90729f983539a0eaba62eaf04b61926a70,15169,4097+
05dd7254b632376973f3a1b4d39485da17814df5,8373,4097+
a29b7a000e6e1a2907ce6ae24a03aba5d9ef873f,4668,4097+
424561d8585ff8ebce7d5d07de8dbf7aae5e7270,63901,4097+
a2b1847d090ec22416c68a0a72a3bb0424c8e3ea,4863,4097+
0ddcd76d3062a4064c4f9745cb7efceb2ca9185f,4566,4097+
12b0e1d632b523b10de540cd3e66503653d83024,5684,4097+
0220d1b8b8e5644e3b5258e4df2fcaf90ac00b70,5338,4097+
ededdedfaf2b08735c946ad7a979ec04f6b95831,4868,4097+
85648eadb648f2f15adf2fe7cacf60101ec861cb,12740,4097+
afdd29c9db24b9170193decde1aeec6cf0989a20,4223,4097+
54205667c1f65a320f667d73c354ed8e86f1b9d9,15980,4097+
3b889bd9c4f04b8419dcf408e3c1941b91c3a252,6326,4097+
94f1cbb8e88f524efe2a9034e25c1f83a6b2abf3,7721,4097+
af8d81f43ea661762b5c1debda4320afe2c28265,4903,4097+
162d958ff885f1462aeda91cd72582323fd6a1f4,55477,4097+
5ded2b8c64491b4a67f6d39ce473d4b9347a672e,4580,4097+
b9da812b7b3e43b13842b3386bb4a09524c55e00,27297,4097+
08962fc3feba2970d18491973d7eafaf4ec275dd,4346,4097+
f45dce9b51785e2daa9939c1bd00febf1bd787d0,4490,4097+
adb7c53c6928789cd5accf9ab5d0cec3fd32590d,5497,4097+
2f5102ec3f70d0dea98c957cc2cab4d15d83a2da,7376,4097+
6a385bcb6fbd042654c6db12b9a0939f45da5597,9342,4097+
d7f0d01711855d236a8683cae11307da1610efc7,20185,4097+
ce02302a7f055be76bc99c343584c804c1b1201c,26254,4097+
09eddb58f13248942f2578aa1ff19572d46e9e4f,8493,4097+
02a1dcd844957332341b7537ad1d9b445ff6ae32,4539,4097+
326df75dc92fc325904cf1a920d54fe067fe9f60,5235,4097+
f2b196ffd931dfde6f021ab9ad67297147c2e0e3,7047,4097+
c8a51c04d39bbd568c1295eb5ea18c27f640091f,5397,4097+
17d17fd8b90d2a9afdc877901090c9b3ab2afa37,5321,4097+
13a70a59884a54788ca9f7105555ba812d027d49,4925,4097+
7494a3c88adeae87f48d20927aac72c67bcf9eb1,18796,4097+
05018954ec8b2c1add86bae8f9932ea5908c0c52,6094,4097+
b80d426948e5300bdf7dc4cb688a66972d7f4582,4358,4097+
6a6818950eced9e1e4f257f4e0b4317beadc1f7f,4319,4097+
cd309ca6d59e8ddfc6f24933f1a56a4197e27bb1,6617,4097+
91245acb047f3fe6a7668bba8adae111e5dc1034,5508,4097+
5a94cedb709e7c7e005f16297a4a3f134b79fcf9,4464,4097+
263d8ef6980f7a3d80df3bbda522a8758867c10f,7266,4097+
cb9e29db0b631e61cf2d1bf088c34963c3468b9b,5108,4097+
b8f1a18759945b0f1629f94df254b1ff52669451,5088,4097+
bfa035c0e723f8f540500db038ca6e26d599029d,5431,4097+
07bd17af25acb7e0eabc34e058e0578fd1b53d3c,10426,4097+
c73ad76698d323191f994de40ef118c1e67f745d,11605,4097+
de9c571038aff78c1fd374b23dd8112998ddd090,4357,4097+
7455f65a1a23cbcb83a527c41dfc030ddaf79e5c,30392,4097+
f0b3633483fc82521b22592da8ab61bc88ddfa01,9719,4097+
1d30caae87de22a1c5547a702ed3290a6a878271,8218,4097+
3f16ca5c709c32b727b4fae6231763cc020e61e5,10180,4097+
e7e7123b9a70b19222f1d0597268900ff17ee8b6,10442,4097+
06c0b79e6d7acb2c3645cbd9e4218fb95aa37a2f,5244,4097+
fa3b7f641c922ac46d4cbf471b8cd534a866e4b6,4284,4097+
834fe5cc816c182506c20f9e71237ad5c7530f0e,4306,4097+
2cc257b0c7db92f90c3224c35df7b8e85f57a090,9953,4097+
a73f9e6e5fb92c521a7160ceab935e8986c1499c,5161,4097+
b354a7a471e810b11f3d9ea5ecabfc51e0c54f9c,4781,4097+
f73ce8b20c451e88e9eeac0e55478fae2063bfbb,5956,4097+
876a19480fb44199db610896f75c1ecf379f3f14,14301,4097+
e4a20ef52960856754a2e60da733ca07ef368135,5649,4097+
4ff4f24dc250887ccb278893cd26252585bf7e64,6799,4097+
48626e9ebe6ea9f907228bf044a8fac20c71b32c,4939,4097+
00a2249192736123bfe0118e8c0dfa76af974e70,4477,4097+
bb01353f818ca226b53433163893efc56c3df32d,8968,4097+
239f602e0e86d882b6f940e194bb5f653f13b822,5123,4097+
60eb5b02285e89211554be2e89674e739c7dd537,5232,4097+
123f02d832df6dd3ea6647e4d235b9f0a95c11ba,5893,4097+
78a9b31d5c2544c5d3d519e4df0f938ed53196f8,6969,4097+
17cc1d6be6ed398af518fef32ba4e37a389c9dbb,4285,4097+
63116ca22d65d15a178091ed5b20d89482d7b3db,14416,4097+
baf822e8e772853e88170a37f1c3d32018adf7f1,8452,4097+
788a6c10cd839f74a846b9b745b661d10b21f35b,5097,4097+
b522db52c4c13aebd1ee468edf6654d919d147b4,4476,4097+
d09acd197db53bc983ab9124701148832770612a,4407,4097+
ee652f0f63ed5b0cfe0af4cb4ea76b2ecf790c8d,9152,4097+
b7d94f5fd9a6c512ba53d3a6398acc5782083c99,10669,4097+
e5fed6365d051b980322a39f1ebc390da1b2ba2b,9812,4097+
7c6ba6433e863b83700122071d9b564bac5b322f,5249,4097+
c1203ff7582cf15a160591f6d29e434e27db4e97,28489,4097+
88f713b166f061d3490cd245d341e56c0b94e3d2,6162,4097+
6270baedeba28001cd1b563a199335720d6e0fe0,4969,4097+
fb4161d563ee0430a2088464beb2c280c323fe39,6345,4097+
784f972682a958d65a6d48b2c8025736caa45fb4,4770,4097+
44afbb73424b4027e7153786847aa2300cf1eddc,5846,4097+
6f20e254e3993538c79e0ff2b9b8f198d3359cb3,4766,4097+
217c2da9f9e77834acad4e1dbde9c8ed49a193a1,5627,4097+
f975d07095607778474ccb2873f2342e69087d26,7162,4097+
b64cd77dafe839d5b8665f66645a2a4434954c2f,7484,4097+
796f87021518c0bff851ff1ade5f780e3569e4ae,6706,4097+
22f4c7bf7fc9f16f0cacfaaa4437a4abc8316fec,4136,4097+
b69ff04a9ef94a8f9530fa3d9a3a2aaafd69eb82,5313,4097+
a7f6dc8dcae663de3d2bf86e3f77a3b0518ec314,9041,4097+
238422dc26dc6a78cb2b03fad835d7d1f1f95edb,4724,4097+
6b9d83c086ea962b6e7ef5caaaf2c241a4d47ff8,10082,4097+
64073b19c89115bf95b23d73a571239cfbd193a0,5410,4097+
22d6adc931b2ddd07a738ce43edbae404a345573,16911,4097+
e1077944f6a4ca988f3635708cb23b92fb99ccd7,24183,4097+
6efa98ec8421da6c7274e154ac528612ef591041,6094,4097+
df40ce107a71b770c9d0354b78fdd8989da80d2f,8784,4097+
b357bde18afdda7a48e28f095a83465b4cc482c6,4232,4097+
0ccc82b74890478854505cd95ddd30e51c6cf661,6391,4097+
13bfdf45f347869eaeab73b80902a0c41f5913c2,4199,4097+
261a056f8b21918e8616a429b2df6e1d5d33be41,4473,4097+
06d8f432b434b866b06629c60cea47dc3c9884c9,4179,4097+
e48d9038c9149ceafc2a145f66eaa4dcc979e254,4269,4097+
9b6fb2c075831ddb4e83b5b69e8c1e96437e192a,12788,4097+
9056bacde3b06af0081f316fda19a45f61fcf695,8190,4097+
5c28b24b0ecb610c6a527b32c3acb2c03b1bc184,4445,4097+
4177ec52d1b80ed57f2e72b0f9a42365f1a8598d,8587,4097+
d5c225b8dea7f54004b1f4461f051da05ab7b796,7182,4097+
