record_id,prompt,citation_bin,citation_bin_midpoint,matched,hallucinated,unmatched,hr1,hr2,hr3,hr4,hr5
0071ae4aeb76cf89,baseline,513-1024,768.5,0,5,3,1.0,1.0,1.0,1.0,1.0
0071ae4aeb76cf89,emotional,513-1024,768.5,0,4,3,1.0,1.0,1.0,1.0,1.0
0071ae4aeb76cf89,authoritative,513-1024,768.5,0,6,3,1.0,1.0,1.0,1.0,1.0
007c0cdc06219936,baseline,0-2,1.0,0,4,2,1.0,1.0,1.0,1.0,1.0
007c0cdc06219936,emotional,0-2,1.0,0,8,2,1.0,1.0,1.0,1.0,1.0
007c0cdc06219936,authoritative,0-2,1.0,0,6,2,1.0,1.0,1.0,1.0,1.0
008f79664b4caba5,baseline,257-512,384.5,0,5,7,1.0,1.0,1.0,1.0,1.0
008f79664b4caba5,emotional,257-512,384.5,0,5,7,1.0,1.0,1.0,1.0,1.0
008f79664b4caba5,authoritative,257-512,384.5,0,3,7,1.0,1.0,1.0,1.0,1.0
00e98999d0b96940,baseline,257-512,384.5,4,0,0,0.0,0.0,0.0,0.0,0.0
00e98999d0b96940,emotional,257-512,384.5,4,0,0,0.0,0.0,0.0,0.0,0.0
00e98999d0b96940,authoritative,257-512,384.5,1,1,3,0.75,0.8,0.6,0.5,0.75
00faf8c5982de5de,baseline,1025-2048,1536.5,0,4,3,1.0,1.0,1.0,1.0,1.0
00faf8c5982de5de,emotional,1025-2048,1536.5,0,4,3,1.0,1.0,1.0,1.0,1.0
00faf8c5982de5de,authoritative,1025-2048,1536.5,3,0,0,0.0,0.0,0.0,0.0,0.0
01193ebe550903bc,baseline,1025-2048,1536.5,0,5,2,1.0,1.0,1.0,1.0,1.0
01193ebe550903bc,emotional,1025-2048,1536.5,2,0,0,0.0,0.0,0.0,0.0,0.0
01193ebe550903bc,authoritative,1025-2048,1536.5,0,2,2,1.0,1.0,1.0,1.0,1.0
01849f347608b5ad,baseline,129-256,192.5,0,7,8,1.0,1.0,1.0,1.0,1.0
01849f347608b5ad,emotional,129-256,192.5,0,9,8,1.0,1.0,1.0,1.0,1.0
01849f347608b5ad,authoritative,129-256,192.5,0,7,8,1.0,1.0,1.0,1.0,1.0
01a2c9aca9aa143e,baseline,0-2,1.0,0,1,2,1.0,1.0,1.0,1.0,1.0
01a2c9aca9aa143e,emotional,0-2,1.0,0,2,2,1.0,1.0,1.0,1.0,1.0
01a2c9aca9aa143e,authoritative,0-2,1.0,0,2,2,1.0,1.0,1.0,1.0,1.0
0201a0aa8306a637,baseline,0-2,1.0,0,2,2,1.0,1.0,1.0,1.0,1.0
0201a0aa8306a637,emotional,0-2,1.0,0,4,2,1.0,1.0,1.0,1.0,1.0
0201a0aa8306a637,authoritative,0-2,1.0,0,2,2,1.0,1.0,1.0,1.0,1.0
02084fe64aded205,baseline,0-2,1.0,0,3,3,1.0,1.0,1.0,1.0,1.0
02084fe64aded205,emotional,0-2,1.0,0,3,3,1.0,1.0,1.0,1.0,1.0
02084fe64aded205,authoritative,0-2,1.0,0,3,3,1.0,1.0,1.0,1.0,1.0
0240f84ac31db740,baseline,17-32,24.5,0,3,3,1.0,1.0,1.0,1.0,1.0
0240f84ac31db740,emotional,17-32,24.5,0,3,3,1.0,1.0,1.0,1.0,1.0
0240f84ac31db740,authoritative,17-32,24.5,0,4,3,1.0,1.0,1.0,1.0,1.0
025c9aab9633b9a4,baseline,33-64,48.5,3,0,0,0.0,0.0,0.0,0.0,0.0
025c9aab9633b9a4,emotional,33-64,48.5,3,0,0,0.0,0.0,0.0,0.0,0.0
025c9aab9633b9a4,authoritative,33-64,48.5,3,0,0,0.0,0.0,0.0,0.0,0.0
025d3e7f9e136903,baseline,3-4,3.5,0,3,4,1.0,1.0,1.0,1.0,1.0
025d3e7f9e136903,emotional,3-4,3.5,0,7,4,1.0,1.0,1.0,1.0,1.0
025d3e7f9e136903,authoritative,3-4,3.5,0,3,4,1.0,1.0,1.0,1.0,1.0
029364d393bc83a1,baseline,33-64,48.5,0,5,17,1.0,1.0,1.0,1.0,1.0
029364d393bc83a1,emotional,33-64,48.5,0,19,17,1.0,1.0,1.0,1.0,1.0
029364d393bc83a1,authoritative,33-64,48.5,0,9,17,1.0,1.0,1.0,1.0,1.0
02f5711a2e52e734,baseline,33-64,48.5,0,2,1,1.0,1.0,1.0,1.0,1.0
02f5711a2e52e734,emotional,33-64,48.5,0,3,1,1.0,1.0,1.0,1.0,1.0
02f5711a2e52e734,authoritative,33-64,48.5,0,3,1,1.0,1.0,1.0,1.0,1.0
02fe6e4df3ea711b,baseline,257-512,384.5,1,0,1,0.5,0.5,0.0,0.0,0.5
02fe6e4df3ea711b,emotional,257-512,384.5,1,1,1,0.5,0.6666666666666666,0.5,0.5,0.5
02fe6e4df3ea711b,authoritative,257-512,384.5,1,1,1,0.5,0.6666666666666666,0.5,0.5,0.5
0317d7396ee03ec7,baseline,513-1024,768.5,1,20,12,0.9523809523809523,0.9696969696969697,0.9375,0.9523809523809523,0.9230769230769231
0317d7396ee03ec7,emotional,513-1024,768.5,0,6,13,1.0,1.0,1.0,1.0,1.0
0317d7396ee03ec7,authoritative,513-1024,768.5,0,1,13,1.0,1.0,1.0,1.0,1.0
0345a239e4aeec79,baseline,9-16,12.5,0,2,2,1.0,1.0,1.0,1.0,1.0
0345a239e4aeec79,emotional,9-16,12.5,0,4,2,1.0,1.0,1.0,1.0,1.0
0345a239e4aeec79,authoritative,9-16,12.5,0,5,2,1.0,1.0,1.0,1.0,1.0
035d796880ce3b4f,baseline,129-256,192.5,0,2,2,1.0,1.0,1.0,1.0,1.0
035d796880ce3b4f,emotional,129-256,192.5,0,2,2,1.0,1.0,1.0,1.0,1.0
035d796880ce3b4f,authoritative,129-256,192.5,0,2,2,1.0,1.0,1.0,1.0,1.0
03eb1ad4f8be1d29,baseline,33-64,48.5,0,7,11,1.0,1.0,1.0,1.0,1.0
03eb1ad4f8be1d29,emotional,33-64,48.5,0,8,11,1.0,1.0,1.0,1.0,1.0
03eb1ad4f8be1d29,authoritative,33-64,48.5,0,6,11,1.0,1.0,1.0,1.0,1.0
0448edc27faa3579,baseline,9-16,12.5,0,3,4,1.0,1.0,1.0,1.0,1.0
0448edc27faa3579,emotional,9-16,12.5,0,20,4,1.0,1.0,1.0,1.0,1.0
0448edc27faa3579,authoritative,9-16,12.5,0,3,4,1.0,1.0,1.0,1.0,1.0
04773af89b6e8cbb,baseline,5-8,6.5,0,6,3,1.0,1.0,1.0,1.0,1.0
04773af89b6e8cbb,emotional,5-8,6.5,0,8,3,1.0,1.0,1.0,1.0,1.0
04773af89b6e8cbb,authoritative,5-8,6.5,0,4,3,1.0,1.0,1.0,1.0,1.0
04f837ae95d71ff3,baseline,0-2,1.0,0,4,7,1.0,1.0,1.0,1.0,1.0
04f837ae95d71ff3,emotional,0-2,1.0,0,7,7,1.0,1.0,1.0,1.0,1.0
04f837ae95d71ff3,authoritative,0-2,1.0,0,4,7,1.0,1.0,1.0,1.0,1.0
0523146bc81857e3,baseline,5-8,6.5,0,2,2,1.0,1.0,1.0,1.0,1.0
0523146bc81857e3,emotional,5-8,6.5,0,2,2,1.0,1.0,1.0,1.0,1.0
0523146bc81857e3,authoritative,5-8,6.5,0,3,2,1.0,1.0,1.0,1.0,1.0
054b14847e35a9da,baseline,5-8,6.5,0,3,5,1.0,1.0,1.0,1.0,1.0
054b14847e35a9da,emotional,5-8,6.5,0,4,5,1.0,1.0,1.0,1.0,1.0
054b14847e35a9da,authoritative,5-8,6.5,0,7,5,1.0,1.0,1.0,1.0,1.0
057e495ecb7f97b8,baseline,5-8,6.5,0,4,3,1.0,1.0,1.0,1.0,1.0
057e495ecb7f97b8,emotional,5-8,6.5,0,4,3,1.0,1.0,1.0,1.0,1.0
057e495ecb7f97b8,authoritative,5-8,6.5,0,5,3,1.0,1.0,1.0,1.0,1.0
05be59188bdec6d7,baseline,5-8,6.5,0,3,1,1.0,1.0,1.0,1.0,1.0
05be59188bdec6d7,emotional,5-8,6.5,0,5,1,1.0,1.0,1.0,1.0,1.0
05be59188bdec6d7,authoritative,5-8,6.5,0,10,1,1.0,1.0,1.0,1.0,1.0
05c5bde68f500428,baseline,513-1024,768.5,0,9,14,1.0,1.0,1.0,1.0,1.0
05c5bde68f500428,emotional,513-1024,768.5,1,6,13,0.9285714285714286,0.95,0.8914285714285715,0.8571428571428571,0.9285714285714286
05c5bde68f500428,authoritative,513-1024,768.5,0,10,14,1.0,1.0,1.0,1.0,1.0
0697c654d0754635,baseline,0-2,1.0,0,3,2,1.0,1.0,1.0,1.0,1.0
0697c654d0754635,emotional,0-2,1.0,0,5,2,1.0,1.0,1.0,1.0,1.0
0697c654d0754635,authoritative,0-2,1.0,0,4,2,1.0,1.0,1.0,1.0,1.0
06b4e9368622a559,baseline,17-32,24.5,0,4,3,1.0,1.0,1.0,1.0,1.0
06b4e9368622a559,emotional,17-32,24.5,0,3,3,1.0,1.0,1.0,1.0,1.0
06b4e9368622a559,authoritative,17-32,24.5,0,3,3,1.0,1.0,1.0,1.0,1.0
070b57c6c0a03b03,baseline,65-128,96.5,4,2,7,0.6363636363636364,0.6923076923076923,0.4375,0.3333333333333333,0.6363636363636364
070b57c6c0a03b03,emotional,65-128,96.5,0,17,11,1.0,1.0,1.0,1.0,1.0
070b57c6c0a03b03,authoritative,65-128,96.5,0,8,11,1.0,1.0,1.0,1.0,1.0
07a50c5eb6470c71,baseline,9-16,12.5,0,2,1,1.0,1.0,1.0,1.0,1.0
07a50c5eb6470c71,emotional,9-16,12.5,0,1,1,1.0,1.0,1.0,1.0,1.0
07a50c5eb6470c71,authoritative,9-16,12.5,0,1,1,1.0,1.0,1.0,1.0,1.0
07e6d43e29cb6ec0,baseline,9-16,12.5,0,3,2,1.0,1.0,1.0,1.0,1.0
07e6d43e29cb6ec0,emotional,9-16,12.5,0,3,2,1.0,1.0,1.0,1.0,1.0
07e6d43e29cb6ec0,authoritative,9-16,12.5,0,3,2,1.0,1.0,1.0,1.0,1.0
083eb241abb8e023,baseline,257-512,384.5,0,3,9,1.0,1.0,1.0,1.0,1.0
083eb241abb8e023,emotional,257-512,384.5,0,19,9,1.0,1.0,1.0,1.0,1.0
083eb241abb8e023,authoritative,257-512,384.5,6,1,3,0.33333333333333337,0.4,0.2,0.14285714285714285,0.3333333333333333
08c419dcb1811b88,baseline,65-128,96.5,0,15,1,1.0,1.0,1.0,1.0,1.0
08c419dcb1811b88,emotional,65-128,96.5,0,3,1,1.0,1.0,1.0,1.0,1.0
08c419dcb1811b88,authoritative,65-128,96.5,0,3,1,1.0,1.0,1.0,1.0,1.0
09014e7492d5fd55,baseline,33-64,48.5,0,3,2,1.0,1.0,1.0,1.0,1.0
09014e7492d5fd55,emotional,33-64,48.5,0,3,2,1.0,1.0,1.0,1.0,1.0
09014e7492d5fd55,authoritative,33-64,48.5,0,4,2,1.0,1.0,1.0,1.0,1.0
09106136023b2b4e,baseline,33-64,48.5,0,3,4,1.0,1.0,1.0,1.0,1.0
09106136023b2b4e,emotional,33-64,48.5,0,3,4,1.0,1.0,1.0,1.0,1.0
09106136023b2b4e,authoritative,33-64,48.5,2,2,2,0.5,0.6666666666666666,0.5,0.5,0.5
095ef1bbbd898488,baseline,65-128,96.5,1,2,1,0.6666666666666667,0.75,0.5714285714285714,0.6666666666666666,0.5
095ef1bbbd898488,emotional,65-128,96.5,0,7,2,1.0,1.0,1.0,1.0,1.0
095ef1bbbd898488,authoritative,65-128,96.5,0,7,2,1.0,1.0,1.0,1.0,1.0
09b1a15ecabe36ba,baseline,33-64,48.5,0,5,6,1.0,1.0,1.0,1.0,1.0
09b1a15ecabe36ba,emotional,33-64,48.5,0,6,6,1.0,1.0,1.0,1.0,1.0
09b1a15ecabe36ba,authoritative,33-64,48.5,0,4,6,1.0,1.0,1.0,1.0,1.0
09b889b7a4ae69e5,baseline,0-2,1.0,0,3,2,1.0,1.0,1.0,1.0,1.0
09b889b7a4ae69e5,emotional,0-2,1.0,0,4,2,1.0,1.0,1.0,1.0,1.0
09b889b7a4ae69e5,authoritative,0-2,1.0,0,5,2,1.0,1.0,1.0,1.0,1.0
09d54bfd4674467f,baseline,65-128,96.5,1,5,2,0.8333333333333334,0.875,0.7407407407407407,0.8333333333333334,0.6666666666666666
09d54bfd4674467f,emotional,65-128,96.5,1,6,2,0.8571428571428572,0.8888888888888888,0.75,0.8571428571428571,0.6666666666666666
09d54bfd4674467f,authoritative,65-128,96.5,1,3,2,0.75,0.8333333333333334,0.7058823529411765,0.75,0.6666666666666666
09fb8291119fee97,baseline,17-32,24.5,0,4,4,1.0,1.0,1.0,1.0,1.0
09fb8291119fee97,emotional,17-32,24.5,0,4,4,1.0,1.0,1.0,1.0,1.0
09fb8291119fee97,authoritative,17-32,24.5,0,5,4,1.0,1.0,1.0,1.0,1.0
0a9dd8ce93c49127,baseline,9-16,12.5,0,4,3,1.0,1.0,1.0,1.0,1.0
0a9dd8ce93c49127,emotional,9-16,12.5,0,4,3,1.0,1.0,1.0,1.0,1.0
0a9dd8ce93c49127,authoritative,9-16,12.5,0,4,3,1.0,1.0,1.0,1.0,1.0
0b179061d0a8b68a,baseline,5-8,6.5,0,3,3,1.0,1.0,1.0,1.0,1.0
0b179061d0a8b68a,emotional,5-8,6.5,0,4,3,1.0,1.0,1.0,1.0,1.0
0b179061d0a8b68a,authoritative,5-8,6.5,0,4,3,1.0,1.0,1.0,1.0,1.0
0b5e405b8a0a520f,baseline,65-128,96.5,0,3,4,1.0,1.0,1.0,1.0,1.0
0b5e405b8a0a520f,emotional,65-128,96.5,2,17,2,0.8947368421052632,0.9047619047619048,0.6415094339622641,0.8947368421052632,0.5
0b5e405b8a0a520f,authoritative,65-128,96.5,2,17,2,0.8947368421052632,0.9047619047619048,0.6415094339622641,0.8947368421052632,0.5
0bdb8bb2e5b9b06b,baseline,33-64,48.5,0,5,10,1.0,1.0,1.0,1.0,1.0
0bdb8bb2e5b9b06b,emotional,33-64,48.5,0,7,10,1.0,1.0,1.0,1.0,1.0
0bdb8bb2e5b9b06b,authoritative,33-64,48.5,1,9,9,0.9,0.9473684210526315,0.9,0.9,0.9
0c000c8aa63f0ef0,baseline,9-16,12.5,1,4,5,0.8333333333333334,0.9,0.8163265306122449,0.8,0.8333333333333334
0c000c8aa63f0ef0,emotional,9-16,12.5,1,2,5,0.8333333333333334,0.875,0.7407407407407407,0.6666666666666666,0.8333333333333334
0c000c8aa63f0ef0,authoritative,9-16,12.5,0,4,6,1.0,1.0,1.0,1.0,1.0
0c34fbce19af4db5,baseline,5-8,6.5,0,3,2,1.0,1.0,1.0,1.0,1.0
0c34fbce19af4db5,emotional,5-8,6.5,0,2,2,1.0,1.0,1.0,1.0,1.0
0c34fbce19af4db5,authoritative,5-8,6.5,0,2,2,1.0,1.0,1.0,1.0,1.0
0c580557c8ab4381,baseline,65-128,96.5,1,1,1,0.5,0.6666666666666666,0.5,0.5,0.5
0c580557c8ab4381,emotional,65-128,96.5,0,4,2,1.0,1.0,1.0,1.0,1.0
0c580557c8ab4381,authoritative,65-128,96.5,1,4,1,0.8,0.8333333333333334,0.6153846153846154,0.8,0.5
0c9bfc6bcea3103c,baseline,1025-2048,1536.5,3,2,0,0.4,0.4,0.0,0.4,0.0
0c9bfc6bcea3103c,emotional,1025-2048,1536.5,1,2,2,0.6666666666666667,0.8,0.6666666666666666,0.6666666666666666,0.6666666666666666
0c9bfc6bcea3103c,authoritative,1025-2048,1536.5,3,0,0,0.0,0.0,0.0,0.0,0.0
0cdf29be1a30bdf7,baseline,17-32,24.5,1,3,2,0.75,0.8333333333333334,0.7058823529411765,0.75,0.6666666666666666
0cdf29be1a30bdf7,emotional,17-32,24.5,1,2,2,0.6666666666666667,0.8,0.6666666666666666,0.6666666666666666,0.6666666666666666
0cdf29be1a30bdf7,authoritative,17-32,24.5,2,54,1,0.9642857142857143,0.9649122807017544,0.4954128440366973,0.9642857142857143,0.3333333333333333
0ce51f3b019784e0,baseline,257-512,384.5,0,4,2,1.0,1.0,1.0,1.0,1.0
0ce51f3b019784e0,emotional,257-512,384.5,0,19,2,1.0,1.0,1.0,1.0,1.0
0ce51f3b019784e0,authoritative,257-512,384.5,0,4,2,1.0,1.0,1.0,1.0,1.0
0cf9869eb9841a2d,baseline,129-256,192.5,0,3,4,1.0,1.0,1.0,1.0,1.0
0cf9869eb9841a2d,emotional,129-256,192.5,1,2,3,0.75,0.8333333333333334,0.7058823529411765,0.6666666666666666,0.75
0cf9869eb9841a2d,authoritative,129-256,192.5,2,18,2,0.9,0.9090909090909091,0.6428571428571429,0.9,0.5
0d021b1f85d9ba07,baseline,5-8,6.5,0,3,2,1.0,1.0,1.0,1.0,1.0
0d021b1f85d9ba07,emotional,5-8,6.5,0,4,2,1.0,1.0,1.0,1.0,1.0
0d021b1f85d9ba07,authoritative,5-8,6.5,0,3,2,1.0,1.0,1.0,1.0,1.0
0d0b4d6a9806bd47,baseline,257-512,384.5,0,2,3,1.0,1.0,1.0,1.0,1.0
0d0b4d6a9806bd47,emotional,257-512,384.5,1,1,2,0.6666666666666667,0.75,0.5714285714285714,0.5,0.6666666666666666
0d0b4d6a9806bd47,authoritative,257-512,384.5,1,2,2,0.6666666666666667,0.8,0.6666666666666666,0.6666666666666666,0.6666666666666666
0d4886debe4cce5f,baseline,1025-2048,1536.5,1,0,0,0.0,0.0,0.0,0.0,0.0
0d4886debe4cce5f,emotional,1025-2048,1536.5,1,0,0,0.0,0.0,0.0,0.0,0.0
0d4886debe4cce5f,authoritative,1025-2048,1536.5,1,1,0,0.5,0.5,0.0,0.5,0.0
0d76a20d63eb0106,baseline,3-4,3.5,0,3,1,1.0,1.0,1.0,1.0,1.0
0d76a20d63eb0106,emotional,3-4,3.5,0,3,1,1.0,1.0,1.0,1.0,1.0
0d76a20d63eb0106,authoritative,3-4,3.5,0,3,1,1.0,1.0,1.0,1.0,1.0
0d7702381eb57708,baseline,129-256,192.5,0,5,3,1.0,1.0,1.0,1.0,1.0
0d7702381eb57708,emotional,129-256,192.5,0,3,3,1.0,1.0,1.0,1.0,1.0
0d7702381eb57708,authoritative,129-256,192.5,0,3,3,1.0,1.0,1.0,1.0,1.0
0da75583f468e850,baseline,513-1024,768.5,0,3,3,1.0,1.0,1.0,1.0,1.0
0da75583f468e850,emotional,513-1024,768.5,0,9,3,1.0,1.0,1.0,1.0,1.0
0da75583f468e850,authoritative,513-1024,768.5,0,20,3,1.0,1.0,1.0,1.0,1.0
0de15116b8c5c6b3,baseline,129-256,192.5,0,10,2,1.0,1.0,1.0,1.0,1.0
0de15116b8c5c6b3,emotional,129-256,192.5,2,2,0,0.5,0.5,0.0,0.5,0.0
0de15116b8c5c6b3,authoritative,129-256,192.5,2,2,0,0.5,0.5,0.0,0.5,0.0
0e50bdfbf4ef310b,baseline,3-4,3.5,0,2,1,1.0,1.0,1.0,1.0,1.0
0e50bdfbf4ef310b,emotional,3-4,3.5,0,2,1,1.0,1.0,1.0,1.0,1.0
0e50bdfbf4ef310b,authoritative,3-4,3.5,0,2,1,1.0,1.0,1.0,1.0,1.0
0ef8b7c1fce7731c,baseline,9-16,12.5,0,3,3,1.0,1.0,1.0,1.0,1.0
0ef8b7c1fce7731c,emotional,9-16,12.5,0,3,3,1.0,1.0,1.0,1.0,1.0
0ef8b7c1fce7731c,authoritative,9-16,12.5,0,4,3,1.0,1.0,1.0,1.0,1.0
0f18d73db75f39cc,baseline,5-8,6.5,0,8,1,1.0,1.0,1.0,1.0,1.0
0f18d73db75f39cc,emotional,5-8,6.5,0,3,1,1.0,1.0,1.0,1.0,1.0
0f18d73db75f39cc,authoritative,5-8,6.5,0,2,1,1.0,1.0,1.0,1.0,1.0
0f614467a4517c05,baseline,513-1024,768.5,0,3,7,1.0,1.0,1.0,1.0,1.0
0f614467a4517c05,emotional,513-1024,768.5,0,3,7,1.0,1.0,1.0,1.0,1.0
0f614467a4517c05,authoritative,513-1024,768.5,0,3,7,1.0,1.0,1.0,1.0,1.0
0f779fd793caa094,baseline,17-32,24.5,0,2,2,1.0,1.0,1.0,1.0,1.0
0f779fd793caa094,emotional,17-32,24.5,0,2,2,1.0,1.0,1.0,1.0,1.0
0f779fd793caa094,authoritative,17-32,24.5,0,1,2,1.0,1.0,1.0,1.0,1.0
1042eaed9c8123ce,baseline,33-64,48.5,0,3,7,1.0,1.0,1.0,1.0,1.0
1042eaed9c8123ce,emotional,33-64,48.5,0,7,7,1.0,1.0,1.0,1.0,1.0
1042eaed9c8123ce,authoritative,33-64,48.5,0,8,7,1.0,1.0,1.0,1.0,1.0
105be555c4632fa1,baseline,2049-4096,3072.5,4,0,0,0.0,0.0,0.0,0.0,0.0
105be555c4632fa1,emotional,2049-4096,3072.5,3,17,1,0.85,0.8571428571428571,0.38636363636363635,0.85,0.25
105be555c4632fa1,authoritative,2049-4096,3072.5,3,17,1,0.85,0.8571428571428571,0.38636363636363635,0.85,0.25
1063b85b288a89d3,baseline,0-2,1.0,0,2,2,1.0,1.0,1.0,1.0,1.0
1063b85b288a89d3,emotional,0-2,1.0,0,2,2,1.0,1.0,1.0,1.0,1.0
1063b85b288a89d3,authoritative,0-2,1.0,0,2,2,1.0,1.0,1.0,1.0,1.0
10c8fe9415e284a9,baseline,17-32,24.5,0,3,3,1.0,1.0,1.0,1.0,1.0
10c8fe9415e284a9,emotional,17-32,24.5,0,4,3,1.0,1.0,1.0,1.0,1.0
10c8fe9415e284a9,authoritative,17-32,24.5,0,6,3,1.0,1.0,1.0,1.0,1.0
10f997c2290f6b49,baseline,17-32,24.5,0,3,2,1.0,1.0,1.0,1.0,1.0
10f997c2290f6b49,emotional,17-32,24.5,0,3,2,1.0,1.0,1.0,1.0,1.0
10f997c2290f6b49,authoritative,17-32,24.5,0,3,2,1.0,1.0,1.0,1.0,1.0
11186abf70a47b6b,baseline,65-128,96.5,0,3,2,1.0,1.0,1.0,1.0,1.0
11186abf70a47b6b,emotional,65-128,96.5,0,3,2,1.0,1.0,1.0,1.0,1.0
11186abf70a47b6b,authoritative,65-128,96.5,0,3,2,1.0,1.0,1.0,1.0,1.0
11b177cff10710ca,baseline,65-128,96.5,0,3,2,1.0,1.0,1.0,1.0,1.0
11b177cff10710ca,emotional,65-128,96.5,0,5,2,1.0,1.0,1.0,1.0,1.0
11b177cff10710ca,authoritative,65-128,96.5,0,5,2,1.0,1.0,1.0,1.0,1.0
11dc47dd0cf6078c,baseline,33-64,48.5,0,6,4,1.0,1.0,1.0,1.0,1.0
11dc47dd0cf6078c,emotional,33-64,48.5,0,7,4,1.0,1.0,1.0,1.0,1.0
11dc47dd0cf6078c,authoritative,33-64,48.5,0,10,4,1.0,1.0,1.0,1.0,1.0
1202e6cca6b90f33,baseline,129-256,192.5,1,1,0,0.5,0.5,0.0,0.5,0.0
1202e6cca6b90f33,emotional,129-256,192.5,0,3,1,1.0,1.0,1.0,1.0,1.0
1202e6cca6b90f33,authoritative,129-256,192.5,0,3,1,1.0,1.0,1.0,1.0,1.0
12df29978115bb42,baseline,1025-2048,1536.5,3,0,17,0.85,0.85,0.0,0.0,0.85
12df29978115bb42,emotional,1025-2048,1536.5,4,3,16,0.8,0.8260869565217391,0.5581395348837209,0.42857142857142855,0.8
12df29978115bb42,authoritative,1025-2048,1536.5,3,17,17,0.85,0.918918918918919,0.85,0.85,0.85
12e6ab06762b5533,baseline,65-128,96.5,0,3,4,1.0,1.0,1.0,1.0,1.0
12e6ab06762b5533,emotional,65-128,96.5,0,4,4,1.0,1.0,1.0,1.0,1.0
12e6ab06762b5533,authoritative,65-128,96.5,0,4,4,1.0,1.0,1.0,1.0,1.0
132fe1f53a0a414c,baseline,129-256,192.5,0,8,3,1.0,1.0,1.0,1.0,1.0
132fe1f53a0a414c,emotional,129-256,192.5,0,6,3,1.0,1.0,1.0,1.0,1.0
132fe1f53a0a414c,authoritative,129-256,192.5,0,4,3,1.0,1.0,1.0,1.0,1.0
133ffeac5b6a67f7,baseline,0-2,1.0,0,4,1,1.0,1.0,1.0,1.0,1.0
133ffeac5b6a67f7,emotional,0-2,1.0,0,1,1,1.0,1.0,1.0,1.0,1.0
133ffeac5b6a67f7,authoritative,0-2,1.0,0,2,1,1.0,1.0,1.0,1.0,1.0
13455d2a7a1f28e0,baseline,257-512,384.5,0,2,1,1.0,1.0,1.0,1.0,1.0
13455d2a7a1f28e0,emotional,257-512,384.5,0,2,1,1.0,1.0,1.0,1.0,1.0
13455d2a7a1f28e0,authoritative,257-512,384.5,0,4,1,1.0,1.0,1.0,1.0,1.0
134827bfee399c9b,baseline,65-128,96.5,1,2,2,0.6666666666666667,0.8,0.6666666666666666,0.6666666666666666,0.6666666666666666
134827bfee399c9b,emotional,65-128,96.5,0,3,3,1.0,1.0,1.0,1.0,1.0
134827bfee399c9b,authoritative,65-128,96.5,0,3,3,1.0,1.0,1.0,1.0,1.0
13b4dd3454ae0eb3,baseline,257-512,384.5,0,5,8,1.0,1.0,1.0,1.0,1.0
13b4dd3454ae0eb3,emotional,257-512,384.5,0,9,8,1.0,1.0,1.0,1.0,1.0
13b4dd3454ae0eb3,authoritative,257-512,384.5,0,19,8,1.0,1.0,1.0,1.0,1.0
13fac2e50e51397a,baseline,9-16,12.5,0,7,1,1.0,1.0,1.0,1.0,1.0
13fac2e50e51397a,emotional,9-16,12.5,0,3,1,1.0,1.0,1.0,1.0,1.0
13fac2e50e51397a,authoritative,9-16,12.5,0,3,1,1.0,1.0,1.0,1.0,1.0
1429f92b0eda60b8,baseline,0-2,1.0,0,3,3,1.0,1.0,1.0,1.0,1.0
1429f92b0eda60b8,emotional,0-2,1.0,0,4,3,1.0,1.0,1.0,1.0,1.0
1429f92b0eda60b8,authoritative,0-2,1.0,0,4,3,1.0,1.0,1.0,1.0,1.0
145cf954dbeea044,baseline,9-16,12.5,1,4,2,0.8,0.8571428571428571,0.7272727272727273,0.8,0.6666666666666666
145cf954dbeea044,emotional,9-16,12.5,1,3,2,0.75,0.8333333333333334,0.7058823529411765,0.75,0.6666666666666666
145cf954dbeea044,authoritative,9-16,12.5,1,3,2,0.75,0.8333333333333334,0.7058823529411765,0.75,0.6666666666666666
14cd04ca061a57cf,baseline,3-4,3.5,0,3,4,1.0,1.0,1.0,1.0,1.0
14cd04ca061a57cf,emotional,3-4,3.5,0,3,4,1.0,1.0,1.0,1.0,1.0
14cd04ca061a57cf,authoritative,3-4,3.5,0,3,4,1.0,1.0,1.0,1.0,1.0
14cebf4618df2695,baseline,129-256,192.5,1,4,1,0.8,0.8333333333333334,0.6153846153846154,0.8,0.5
14cebf4618df2695,emotional,129-256,192.5,0,3,2,1.0,1.0,1.0,1.0,1.0
14cebf4618df2695,authoritative,129-256,192.5,0,7,2,1.0,1.0,1.0,1.0,1.0
14d4ad329d5004ff,baseline,513-1024,768.5,0,1,3,1.0,1.0,1.0,1.0,1.0
14d4ad329d5004ff,emotional,513-1024,768.5,2,0,1,0.33333333333333337,0.3333333333333333,0.0,0.0,0.3333333333333333
14d4ad329d5004ff,authoritative,513-1024,768.5,3,0,0,0.0,0.0,0.0,0.0,0.0
14f36c8836020bde,baseline,17-32,24.5,0,3,5,1.0,1.0,1.0,1.0,1.0
14f36c8836020bde,emotional,17-32,24.5,0,4,5,1.0,1.0,1.0,1.0,1.0
14f36c8836020bde,authoritative,17-32,24.5,0,4,5,1.0,1.0,1.0,1.0,1.0
14fe7eb7e652025d,baseline,3-4,3.5,0,3,2,1.0,1.0,1.0,1.0,1.0
14fe7eb7e652025d,emotional,3-4,3.5,0,1,2,1.0,1.0,1.0,1.0,1.0
14fe7eb7e652025d,authoritative,3-4,3.5,0,2,2,1.0,1.0,1.0,1.0,1.0
15434e9d0de23a6c,baseline,33-64,48.5,0,1,1,1.0,1.0,1.0,1.0,1.0
15434e9d0de23a6c,emotional,33-64,48.5,0,1,1,1.0,1.0,1.0,1.0,1.0
15434e9d0de23a6c,authoritative,33-64,48.5,0,1,1,1.0,1.0,1.0,1.0,1.0
15795da26fa60d51,baseline,5-8,6.5,0,4,2,1.0,1.0,1.0,1.0,1.0
15795da26fa60d51,emotional,5-8,6.5,0,4,2,1.0,1.0,1.0,1.0,1.0
15795da26fa60d51,authoritative,5-8,6.5,0,5,2,1.0,1.0,1.0,1.0,1.0
157ceda8081116d1,baseline,3-4,3.5,0,3,3,1.0,1.0,1.0,1.0,1.0
157ceda8081116d1,emotional,3-4,3.5,0,3,3,1.0,1.0,1.0,1.0,1.0
157ceda8081116d1,authoritative,3-4,3.5,0,4,3,1.0,1.0,1.0,1.0,1.0
165f6f044e36e5c3,baseline,513-1024,768.5,9,0,0,0.0,0.0,0.0,0.0,0.0
165f6f044e36e5c3,emotional,513-1024,768.5,0,7,9,1.0,1.0,1.0,1.0,1.0
165f6f044e36e5c3,authoritative,513-1024,768.5,0,13,9,1.0,1.0,1.0,1.0,1.0
1675f52863ef49af,baseline,3-4,3.5,0,4,3,1.0,1.0,1.0,1.0,1.0
1675f52863ef49af,emotional,3-4,3.5,0,2,3,1.0,1.0,1.0,1.0,1.0
1675f52863ef49af,authoritative,3-4,3.5,0,3,3,1.0,1.0,1.0,1.0,1.0
16e308c1286a109a,baseline,513-1024,768.5,0,2,1,1.0,1.0,1.0,1.0,1.0
16e308c1286a109a,emotional,513-1024,768.5,0,1,1,1.0,1.0,1.0,1.0,1.0
16e308c1286a109a,authoritative,513-1024,768.5,0,3,1,1.0,1.0,1.0,1.0,1.0
170d5466e5d9c662,baseline,5-8,6.5,0,4,5,1.0,1.0,1.0,1.0,1.0
170d5466e5d9c662,emotional,5-8,6.5,0,7,5,1.0,1.0,1.0,1.0,1.0
170d5466e5d9c662,authoritative,5-8,6.5,0,20,5,1.0,1.0,1.0,1.0,1.0
173441957643adf4,baseline,5-8,6.5,0,3,1,1.0,1.0,1.0,1.0,1.0
173441957643adf4,emotional,5-8,6.5,0,3,1,1.0,1.0,1.0,1.0,1.0
173441957643adf4,authoritative,5-8,6.5,0,3,1,1.0,1.0,1.0,1.0,1.0
1752e02243df2860,baseline,1025-2048,1536.5,1,1,0,0.5,0.5,0.0,0.5,0.0
1752e02243df2860,emotional,1025-2048,1536.5,1,0,0,0.0,0.0,0.0,0.0,0.0
1752e02243df2860,authoritative,1025-2048,1536.5,0,1,1,1.0,1.0,1.0,1.0,1.0
175faffd9ed39dab,baseline,9-16,12.5,0,2,1,1.0,1.0,1.0,1.0,1.0
175faffd9ed39dab,emotional,9-16,12.5,0,2,1,1.0,1.0,1.0,1.0,1.0
175faffd9ed39dab,authoritative,9-16,12.5,0,2,1,1.0,1.0,1.0,1.0,1.0
182aa0c9f72e78c8,baseline,3-4,3.5,0,3,2,1.0,1.0,1.0,1.0,1.0
182aa0c9f72e78c8,emotional,3-4,3.5,0,4,2,1.0,1.0,1.0,1.0,1.0
182aa0c9f72e78c8,authoritative,3-4,3.5,0,4,2,1.0,1.0,1.0,1.0,1.0
18771c063565d120,baseline,1025-2048,1536.5,5,0,0,0.0,0.0,0.0,0.0,0.0
18771c063565d120,emotional,1025-2048,1536.5,5,0,0,0.0,0.0,0.0,0.0,0.0
18771c063565d120,authoritative,1025-2048,1536.5,0,7,5,1.0,1.0,1.0,1.0,1.0
18ce9e14f48e42f4,baseline,5-8,6.5,0,5,2,1.0,1.0,1.0,1.0,1.0
18ce9e14f48e42f4,emotional,5-8,6.5,0,2,2,1.0,1.0,1.0,1.0,1.0
18ce9e14f48e42f4,authoritative,5-8,6.5,0,5,2,1.0,1.0,1.0,1.0,1.0
18d0a7df24453499,baseline,3-4,3.5,0,3,2,1.0,1.0,1.0,1.0,1.0
18d0a7df24453499,emotional,3-4,3.5,0,2,2,1.0,1.0,1.0,1.0,1.0
18d0a7df24453499,authoritative,3-4,3.5,0,4,2,1.0,1.0,1.0,1.0,1.0
18d9cd626c082d69,baseline,0-2,1.0,0,6,6,1.0,1.0,1.0,1.0,1.0
18d9cd626c082d69,emotional,0-2,1.0,0,10,6,1.0,1.0,1.0,1.0,1.0
18d9cd626c082d69,authoritative,0-2,1.0,0,6,6,1.0,1.0,1.0,1.0,1.0
194b970e543de43b,baseline,5-8,6.5,0,4,2,1.0,1.0,1.0,1.0,1.0
194b970e543de43b,emotional,5-8,6.5,0,6,2,1.0,1.0,1.0,1.0,1.0
194b970e543de43b,authoritative,5-8,6.5,0,3,2,1.0,1.0,1.0,1.0,1.0
19bff4e94937a0cf,baseline,5-8,6.5,0,8,4,1.0,1.0,1.0,1.0,1.0
19bff4e94937a0cf,emotional,5-8,6.5,0,7,4,1.0,1.0,1.0,1.0,1.0
19bff4e94937a0cf,authoritative,5-8,6.5,0,20,4,1.0,1.0,1.0,1.0,1.0
1a44f766632f509c,baseline,17-32,24.5,0,3,5,1.0,1.0,1.0,1.0,1.0
1a44f766632f509c,emotional,17-32,24.5,0,3,5,1.0,1.0,1.0,1.0,1.0
1a44f766632f509c,authoritative,17-32,24.5,0,2,5,1.0,1.0,1.0,1.0,1.0
1a58cb3dc88acca5,baseline,513-1024,768.5,4,4,1,0.5,0.5555555555555556,0.2857142857142857,0.5,0.2
1a58cb3dc88acca5,emotional,513-1024,768.5,4,3,1,0.4285714285714286,0.5,0.2727272727272727,0.42857142857142855,0.2
1a58cb3dc88acca5,authoritative,513-1024,768.5,4,4,1,0.5,0.5555555555555556,0.2857142857142857,0.5,0.2
1a6c3717a4bf99b7,baseline,129-256,192.5,1,4,5,0.8333333333333334,0.9,0.8163265306122449,0.8,0.8333333333333334
1a6c3717a4bf99b7,emotional,129-256,192.5,1,4,5,0.8333333333333334,0.9,0.8163265306122449,0.8,0.8333333333333334
1a6c3717a4bf99b7,authoritative,129-256,192.5,1,9,5,0.9,0.9333333333333333,0.8653846153846154,0.9,0.8333333333333334
1ac9886c15c05cb0,baseline,5-8,6.5,0,2,1,1.0,1.0,1.0,1.0,1.0
1ac9886c15c05cb0,emotional,5-8,6.5,0,2,1,1.0,1.0,1.0,1.0,1.0
1ac9886c15c05cb0,authoritative,5-8,6.5,0,2,1,1.0,1.0,1.0,1.0,1.0
1b4c0a8be341f748,baseline,2049-4096,3072.5,1,1,1,0.5,0.6666666666666666,0.5,0.5,0.5
1b4c0a8be341f748,emotional,2049-4096,3072.5,2,17,0,0.8947368421052632,0.8947368421052632,0.0,0.8947368421052632,0.0
1b4c0a8be341f748,authoritative,2049-4096,3072.5,2,0,0,0.0,0.0,0.0,0.0,0.0
1b4e5a1847cceafa,baseline,2049-4096,3072.5,0,2,1,1.0,1.0,1.0,1.0,1.0
1b4e5a1847cceafa,emotional,2049-4096,3072.5,1,1,0,0.5,0.5,0.0,0.5,0.0
1b4e5a1847cceafa,authoritative,2049-4096,3072.5,0,2,1,1.0,1.0,1.0,1.0,1.0
1b7adb0974a62724,baseline,33-64,48.5,1,2,4,0.8,0.8571428571428571,0.7272727272727273,0.6666666666666666,0.8
1b7adb0974a62724,emotional,33-64,48.5,2,3,3,0.6,0.75,0.6,0.6,0.6
1b7adb0974a62724,authoritative,33-64,48.5,5,1,0,0.16666666666666663,0.16666666666666666,0.0,0.16666666666666666,0.0
1b99bbf98f0c060e,baseline,513-1024,768.5,0,4,2,1.0,1.0,1.0,1.0,1.0
1b99bbf98f0c060e,emotional,513-1024,768.5,0,3,2,1.0,1.0,1.0,1.0,1.0
1b99bbf98f0c060e,authoritative,513-1024,768.5,0,6,2,1.0,1.0,1.0,1.0,1.0
1b9c0584ef27be6e,baseline,9-16,12.5,0,3,2,1.0,1.0,1.0,1.0,1.0
1b9c0584ef27be6e,emotional,9-16,12.5,0,3,2,1.0,1.0,1.0,1.0,1.0
1b9c0584ef27be6e,authoritative,9-16,12.5,0,5,2,1.0,1.0,1.0,1.0,1.0
1bb6c6b0359a0566,baseline,1025-2048,1536.5,1,1,2,0.6666666666666667,0.75,0.5714285714285714,0.5,0.6666666666666666
1bb6c6b0359a0566,emotional,1025-2048,1536.5,2,1,1,0.33333333333333337,0.5,0.3333333333333333,0.3333333333333333,0.3333333333333333
1bb6c6b0359a0566,authoritative,1025-2048,1536.5,1,1,2,0.6666666666666667,0.75,0.5714285714285714,0.5,0.6666666666666666
1bfcdc9c4af83965,baseline,5-8,6.5,0,1,1,1.0,1.0,1.0,1.0,1.0
1bfcdc9c4af83965,emotional,5-8,6.5,0,2,1,1.0,1.0,1.0,1.0,1.0
1bfcdc9c4af83965,authoritative,5-8,6.5,0,1,1,1.0,1.0,1.0,1.0,1.0
1c2f3365f6e71e11,baseline,129-256,192.5,0,3,5,1.0,1.0,1.0,1.0,1.0
1c2f3365f6e71e11,emotional,129-256,192.5,0,7,5,1.0,1.0,1.0,1.0,1.0
1c2f3365f6e71e11,authoritative,129-256,192.5,0,0,5,1.0,1.0,0.0,nan,1.0
1c71f86d8dafacb2,baseline,3-4,3.5,0,3,1,1.0,1.0,1.0,1.0,1.0
1c71f86d8dafacb2,emotional,3-4,3.5,0,3,1,1.0,1.0,1.0,1.0,1.0
1c71f86d8dafacb2,authoritative,3-4,3.5,0,4,1,1.0,1.0,1.0,1.0,1.0
1ce2a17e6e53644b,baseline,129-256,192.5,0,4,3,1.0,1.0,1.0,1.0,1.0
1ce2a17e6e53644b,emotional,129-256,192.5,1,4,2,0.8,0.8571428571428571,0.7272727272727273,0.8,0.6666666666666666
1ce2a17e6e53644b,authoritative,129-256,192.5,0,9,3,1.0,1.0,1.0,1.0,1.0
1cecf9b7f49f9b99,baseline,257-512,384.5,0,3,4,1.0,1.0,1.0,1.0,1.0
1cecf9b7f49f9b99,emotional,257-512,384.5,0,4,4,1.0,1.0,1.0,1.0,1.0
1cecf9b7f49f9b99,authoritative,257-512,384.5,0,3,4,1.0,1.0,1.0,1.0,1.0
1d2c53e77a516a57,baseline,5-8,6.5,1,2,3,0.75,0.8333333333333334,0.7058823529411765,0.6666666666666666,0.75
1d2c53e77a516a57,emotional,5-8,6.5,1,2,3,0.75,0.8333333333333334,0.7058823529411765,0.6666666666666666,0.75
1d2c53e77a516a57,authoritative,5-8,6.5,1,1,3,0.75,0.8,0.6,0.5,0.75
1d464716ffec4f64,baseline,513-1024,768.5,0,2,3,1.0,1.0,1.0,1.0,1.0
1d464716ffec4f64,emotional,513-1024,768.5,1,2,2,0.6666666666666667,0.8,0.6666666666666666,0.6666666666666666,0.6666666666666666
1d464716ffec4f64,authoritative,513-1024,768.5,3,0,0,0.0,0.0,0.0,0.0,0.0
1dc765677b78ee5c,baseline,9-16,12.5,0,0,2,1.0,1.0,0.0,nan,1.0
1dc765677b78ee5c,emotional,9-16,12.5,0,4,2,1.0,1.0,1.0,1.0,1.0
1dc765677b78ee5c,authoritative,9-16,12.5,0,4,2,1.0,1.0,1.0,1.0,1.0
1dde6e79a5175d55,baseline,9-16,12.5,0,3,3,1.0,1.0,1.0,1.0,1.0
1dde6e79a5175d55,emotional,9-16,12.5,0,5,3,1.0,1.0,1.0,1.0,1.0
1dde6e79a5175d55,authoritative,9-16,12.5,0,7,3,1.0,1.0,1.0,1.0,1.0
1df2a768ba7ed48b,baseline,129-256,192.5,0,3,2,1.0,1.0,1.0,1.0,1.0
1df2a768ba7ed48b,emotional,129-256,192.5,0,3,2,1.0,1.0,1.0,1.0,1.0
1df2a768ba7ed48b,authoritative,129-256,192.5,0,10,2,1.0,1.0,1.0,1.0,1.0
1e644439b31786c4,baseline,9-16,12.5,0,3,3,1.0,1.0,1.0,1.0,1.0
1e644439b31786c4,emotional,9-16,12.5,0,20,3,1.0,1.0,1.0,1.0,1.0
1e644439b31786c4,authoritative,9-16,12.5,0,1,3,1.0,1.0,1.0,1.0,1.0
1ea4bf2424ff7bc5,baseline,129-256,192.5,2,2,0,0.5,0.5,0.0,0.5,0.0
1ea4bf2424ff7bc5,emotional,129-256,192.5,0,2,2,1.0,1.0,1.0,1.0,1.0
1ea4bf2424ff7bc5,authoritative,129-256,192.5,2,2,0,0.5,0.5,0.0,0.5,0.0
1efc546a93803472,baseline,0-2,1.0,0,6,4,1.0,1.0,1.0,1.0,1.0
1efc546a93803472,emotional,0-2,1.0,0,10,4,1.0,1.0,1.0,1.0,1.0
1efc546a93803472,authoritative,0-2,1.0,0,8,4,1.0,1.0,1.0,1.0,1.0
1f3887f7989184f9,baseline,9-16,12.5,0,6,2,1.0,1.0,1.0,1.0,1.0
1f3887f7989184f9,emotional,9-16,12.5,0,7,2,1.0,1.0,1.0,1.0,1.0
1f3887f7989184f9,authoritative,9-16,12.5,0,6,2,1.0,1.0,1.0,1.0,1.0
1f40b3ca9cf6b3da,baseline,129-256,192.5,0,3,5,1.0,1.0,1.0,1.0,1.0
1f40b3ca9cf6b3da,emotional,129-256,192.5,0,3,5,1.0,1.0,1.0,1.0,1.0
1f40b3ca9cf6b3da,authoritative,129-256,192.5,0,3,5,1.0,1.0,1.0,1.0,1.0
1f4bb9de70a99f5b,baseline,3-4,3.5,0,4,5,1.0,1.0,1.0,1.0,1.0
1f4bb9de70a99f5b,emotional,3-4,3.5,0,3,5,1.0,1.0,1.0,1.0,1.0
1f4bb9de70a99f5b,authoritative,3-4,3.5,0,10,5,1.0,1.0,1.0,1.0,1.0
1f5fa86e7c4d8f2b,baseline,9-16,12.5,0,14,9,1.0,1.0,1.0,1.0,1.0
1f5fa86e7c4d8f2b,emotional,9-16,12.5,2,5,7,0.7777777777777778,0.8571428571428571,0.7446808510638298,0.7142857142857143,0.7777777777777778
1f5fa86e7c4d8f2b,authoritative,9-16,12.5,0,7,9,1.0,1.0,1.0,1.0,1.0
201450ed25d500b8,baseline,0-2,1.0,0,3,1,1.0,1.0,1.0,1.0,1.0
201450ed25d500b8,emotional,0-2,1.0,0,3,1,1.0,1.0,1.0,1.0,1.0
201450ed25d500b8,authoritative,0-2,1.0,0,4,1,1.0,1.0,1.0,1.0,1.0
202f85737ae45b9e,baseline,0-2,1.0,0,3,4,1.0,1.0,1.0,1.0,1.0
202f85737ae45b9e,emotional,0-2,1.0,0,4,4,1.0,1.0,1.0,1.0,1.0
202f85737ae45b9e,authoritative,0-2,1.0,0,20,4,1.0,1.0,1.0,1.0,1.0
2085e799256fa9d5,baseline,257-512,384.5,1,4,4,0.8,0.8888888888888888,0.8,0.8,0.8
2085e799256fa9d5,emotional,257-512,384.5,1,3,4,0.8,0.875,0.7741935483870968,0.75,0.8
2085e799256fa9d5,authoritative,257-512,384.5,0,4,5,1.0,1.0,1.0,1.0,1.0
20a0bf30660c71bb,baseline,17-32,24.5,0,2,1,1.0,1.0,1.0,1.0,1.0
20a0bf30660c71bb,emotional,17-32,24.5,0,1,1,1.0,1.0,1.0,1.0,1.0
20a0bf30660c71bb,authoritative,17-32,24.5,0,1,1,1.0,1.0,1.0,1.0,1.0
211f5e8b5be6fbfe,baseline,257-512,384.5,2,4,11,0.8461538461538461,0.8823529411764706,0.7457627118644068,0.6666666666666666,0.8461538461538461
211f5e8b5be6fbfe,emotional,257-512,384.5,1,6,12,0.9230769230769231,0.9473684210526315,0.8888888888888888,0.8571428571428571,0.9230769230769231
211f5e8b5be6fbfe,authoritative,257-512,384.5,2,8,11,0.8461538461538461,0.9047619047619048,0.822429906542056,0.8,0.8461538461538461
2166baa832cbafd4,baseline,0-2,1.0,0,4,7,1.0,1.0,1.0,1.0,1.0
2166baa832cbafd4,emotional,0-2,1.0,0,20,7,1.0,1.0,1.0,1.0,1.0
2166baa832cbafd4,authoritative,0-2,1.0,0,0,7,1.0,1.0,0.0,nan,1.0
21c23cce75401a23,baseline,5-8,6.5,0,3,1,1.0,1.0,1.0,1.0,1.0
21c23cce75401a23,emotional,5-8,6.5,0,4,1,1.0,1.0,1.0,1.0,1.0
21c23cce75401a23,authoritative,5-8,6.5,0,4,1,1.0,1.0,1.0,1.0,1.0
21d581232d985236,baseline,0-2,1.0,0,7,3,1.0,1.0,1.0,1.0,1.0
21d581232d985236,emotional,0-2,1.0,0,7,3,1.0,1.0,1.0,1.0,1.0
21d581232d985236,authoritative,0-2,1.0,0,6,3,1.0,1.0,1.0,1.0,1.0
2210b4792a7ecc93,baseline,17-32,24.5,1,2,3,0.75,0.8333333333333334,0.7058823529411765,0.6666666666666666,0.75
2210b4792a7ecc93,emotional,17-32,24.5,0,5,4,1.0,1.0,1.0,1.0,1.0
2210b4792a7ecc93,authoritative,17-32,24.5,0,5,4,1.0,1.0,1.0,1.0,1.0
2273bc4d6bb7ebe8,baseline,3-4,3.5,2,0,1,0.33333333333333337,0.3333333333333333,0.0,0.0,0.3333333333333333
2273bc4d6bb7ebe8,emotional,3-4,3.5,1,2,2,0.6666666666666667,0.8,0.6666666666666666,0.6666666666666666,0.6666666666666666
2273bc4d6bb7ebe8,authoritative,3-4,3.5,2,2,1,0.5,0.6,0.4,0.5,0.3333333333333333
229aeca165a74f99,baseline,33-64,48.5,0,6,7,1.0,1.0,1.0,1.0,1.0
229aeca165a74f99,emotional,33-64,48.5,0,6,7,1.0,1.0,1.0,1.0,1.0
229aeca165a74f99,authoritative,33-64,48.5,1,9,6,0.9,0.9375,0.8780487804878049,0.9,0.8571428571428571
22a10d70925dcdfd,baseline,0-2,1.0,0,5,1,1.0,1.0,1.0,1.0,1.0
22a10d70925dcdfd,emotional,0-2,1.0,0,8,1,1.0,1.0,1.0,1.0,1.0
22a10d70925dcdfd,authoritative,0-2,1.0,0,6,1,1.0,1.0,1.0,1.0,1.0
23092de91caf9550,baseline,9-16,12.5,0,3,4,1.0,1.0,1.0,1.0,1.0
23092de91caf9550,emotional,9-16,12.5,0,4,4,1.0,1.0,1.0,1.0,1.0
23092de91caf9550,authoritative,9-16,12.5,0,6,4,1.0,1.0,1.0,1.0,1.0
23304bf1531ceb4d,baseline,17-32,24.5,0,2,2,1.0,1.0,1.0,1.0,1.0
23304bf1531ceb4d,emotional,17-32,24.5,0,2,2,1.0,1.0,1.0,1.0,1.0
23304bf1531ceb4d,authoritative,17-32,24.5,0,3,2,1.0,1.0,1.0,1.0,1.0
2340f892b5f8f41f,baseline,33-64,48.5,0,5,6,1.0,1.0,1.0,1.0,1.0
2340f892b5f8f41f,emotional,33-64,48.5,0,8,6,1.0,1.0,1.0,1.0,1.0
2340f892b5f8f41f,authoritative,33-64,48.5,0,5,6,1.0,1.0,1.0,1.0,1.0
234a7eac7cb34f40,baseline,9-16,12.5,0,3,1,1.0,1.0,1.0,1.0,1.0
234a7eac7cb34f40,emotional,9-16,12.5,0,2,1,1.0,1.0,1.0,1.0,1.0
234a7eac7cb34f40,authoritative,9-16,12.5,0,5,1,1.0,1.0,1.0,1.0,1.0
23774d2f2b1f1bc7,baseline,513-1024,768.5,2,1,0,0.33333333333333337,0.3333333333333333,0.0,0.3333333333333333,0.0
23774d2f2b1f1bc7,emotional,513-1024,768.5,2,0,0,0.0,0.0,0.0,0.0,0.0
23774d2f2b1f1bc7,authoritative,513-1024,768.5,2,0,0,0.0,0.0,0.0,0.0,0.0
237ff9294df88a14,baseline,129-256,192.5,2,0,0,0.0,0.0,0.0,0.0,0.0
237ff9294df88a14,emotional,129-256,192.5,2,0,0,0.0,0.0,0.0,0.0,0.0
237ff9294df88a14,authoritative,129-256,192.5,0,3,2,1.0,1.0,1.0,1.0,1.0
23f18d6f483e1c5b,baseline,5-8,6.5,0,2,3,1.0,1.0,1.0,1.0,1.0
23f18d6f483e1c5b,emotional,5-8,6.5,0,11,3,1.0,1.0,1.0,1.0,1.0
23f18d6f483e1c5b,authoritative,5-8,6.5,0,5,3,1.0,1.0,1.0,1.0,1.0
243cefd81de3f732,baseline,0-2,1.0,0,9,3,1.0,1.0,1.0,1.0,1.0
243cefd81de3f732,emotional,0-2,1.0,0,5,3,1.0,1.0,1.0,1.0,1.0
243cefd81de3f732,authoritative,0-2,1.0,0,5,3,1.0,1.0,1.0,1.0,1.0
245ce1d4bf110907,baseline,9-16,12.5,0,3,2,1.0,1.0,1.0,1.0,1.0
245ce1d4bf110907,emotional,9-16,12.5,0,4,2,1.0,1.0,1.0,1.0,1.0
245ce1d4bf110907,authoritative,9-16,12.5,0,4,2,1.0,1.0,1.0,1.0,1.0
247c43114bfaf012,baseline,513-1024,768.5,2,1,1,0.33333333333333337,0.5,0.3333333333333333,0.3333333333333333,0.3333333333333333
247c43114bfaf012,emotional,513-1024,768.5,1,1,2,0.6666666666666667,0.75,0.5714285714285714,0.5,0.6666666666666666
247c43114bfaf012,authoritative,513-1024,768.5,2,6,1,0.75,0.7777777777777778,0.46153846153846156,0.75,0.3333333333333333
24c3dd27692978f2,baseline,0-2,1.0,0,2,1,1.0,1.0,1.0,1.0,1.0
24c3dd27692978f2,emotional,0-2,1.0,0,1,1,1.0,1.0,1.0,1.0,1.0
24c3dd27692978f2,authoritative,0-2,1.0,0,3,1,1.0,1.0,1.0,1.0,1.0
24cb3fa604da34a3,baseline,5-8,6.5,0,4,1,1.0,1.0,1.0,1.0,1.0
24cb3fa604da34a3,emotional,5-8,6.5,0,2,1,1.0,1.0,1.0,1.0,1.0
24cb3fa604da34a3,authoritative,5-8,6.5,0,3,1,1.0,1.0,1.0,1.0,1.0
24d199e955442c71,baseline,129-256,192.5,2,8,7,0.8,0.8823529411764706,0.7887323943661971,0.8,0.7777777777777778
24d199e955442c71,emotional,129-256,192.5,0,9,9,1.0,1.0,1.0,1.0,1.0
24d199e955442c71,authoritative,129-256,192.5,2,3,7,0.7777777777777778,0.8333333333333334,0.6774193548387096,0.6,0.7777777777777778
24d9bb23263c54e5,baseline,1025-2048,1536.5,0,3,5,1.0,1.0,1.0,1.0,1.0
24d9bb23263c54e5,emotional,1025-2048,1536.5,5,0,0,0.0,0.0,0.0,0.0,0.0
24d9bb23263c54e5,authoritative,1025-2048,1536.5,5,0,0,0.0,0.0,0.0,0.0,0.0
24e84c874cf618dc,baseline,257-512,384.5,5,0,0,0.0,0.0,0.0,0.0,0.0
24e84c874cf618dc,emotional,257-512,384.5,1,4,4,0.8,0.8888888888888888,0.8,0.8,0.8
24e84c874cf618dc,authoritative,257-512,384.5,0,6,5,1.0,1.0,1.0,1.0,1.0
24e86976ae3426c7,baseline,1025-2048,1536.5,0,8,8,1.0,1.0,1.0,1.0,1.0
24e86976ae3426c7,emotional,1025-2048,1536.5,1,3,7,0.875,0.9090909090909091,0.8076923076923077,0.75,0.875
24e86976ae3426c7,authoritative,1025-2048,1536.5,1,2,7,0.875,0.9,0.7567567567567568,0.6666666666666666,0.875
254a979d9e0e9739,baseline,33-64,48.5,0,2,3,1.0,1.0,1.0,1.0,1.0
254a979d9e0e9739,emotional,33-64,48.5,0,2,3,1.0,1.0,1.0,1.0,1.0
254a979d9e0e9739,authoritative,33-64,48.5,0,2,3,1.0,1.0,1.0,1.0,1.0
256162e6cd80756b,baseline,17-32,24.5,5,0,0,0.0,0.0,0.0,0.0,0.0
256162e6cd80756b,emotional,17-32,24.5,5,0,0,0.0,0.0,0.0,0.0,0.0
256162e6cd80756b,authoritative,17-32,24.5,5,0,0,0.0,0.0,0.0,0.0,0.0
2588f1dc6ac4c995,baseline,1025-2048,1536.5,7,7,0,0.5,0.5,0.0,0.5,0.0
2588f1dc6ac4c995,emotional,1025-2048,1536.5,1,16,6,0.9411764705882353,0.9565217391304348,0.897196261682243,0.9411764705882353,0.8571428571428571
2588f1dc6ac4c995,authoritative,1025-2048,1536.5,7,10,0,0.5882352941176471,0.5882352941176471,0.0,0.5882352941176471,0.0
26232954b837a87e,baseline,0-2,1.0,0,3,3,1.0,1.0,1.0,1.0,1.0
26232954b837a87e,emotional,0-2,1.0,0,2,3,1.0,1.0,1.0,1.0,1.0
26232954b837a87e,authoritative,0-2,1.0,0,4,3,1.0,1.0,1.0,1.0,1.0
263f8259e863c40d,baseline,9-16,12.5,2,5,13,0.8666666666666667,0.9,0.7831325301204819,0.7142857142857143,0.8666666666666667
263f8259e863c40d,emotional,9-16,12.5,1,7,14,0.9333333333333333,0.9545454545454546,0.9032258064516129,0.875,0.9333333333333333
263f8259e863c40d,authoritative,9-16,12.5,0,8,15,1.0,1.0,1.0,1.0,1.0
264323854a1f70c2,baseline,257-512,384.5,0,2,3,1.0,1.0,1.0,1.0,1.0
264323854a1f70c2,emotional,257-512,384.5,0,5,3,1.0,1.0,1.0,1.0,1.0
264323854a1f70c2,authoritative,257-512,384.5,0,4,3,1.0,1.0,1.0,1.0,1.0
266e6b96f3613406,baseline,17-32,24.5,0,6,6,1.0,1.0,1.0,1.0,1.0
266e6b96f3613406,emotional,17-32,24.5,0,6,6,1.0,1.0,1.0,1.0,1.0
266e6b96f3613406,authoritative,17-32,24.5,0,6,6,1.0,1.0,1.0,1.0,1.0
2674598724e8092c,baseline,1025-2048,1536.5,3,0,0,0.0,0.0,0.0,0.0,0.0
2674598724e8092c,emotional,1025-2048,1536.5,3,0,0,0.0,0.0,0.0,0.0,0.0
2674598724e8092c,authoritative,1025-2048,1536.5,3,0,0,0.0,0.0,0.0,0.0,0.0
268eb61419eb6e92,baseline,3-4,3.5,0,3,2,1.0,1.0,1.0,1.0,1.0
268eb61419eb6e92,emotional,3-4,3.5,0,4,2,1.0,1.0,1.0,1.0,1.0
268eb61419eb6e92,authoritative,3-4,3.5,0,4,2,1.0,1.0,1.0,1.0,1.0
26975b9bc3821832,baseline,257-512,384.5,0,5,15,1.0,1.0,1.0,1.0,1.0
26975b9bc3821832,emotional,257-512,384.5,0,8,15,1.0,1.0,1.0,1.0,1.0
26975b9bc3821832,authoritative,257-512,384.5,1,6,14,0.9333333333333333,0.9523809523809523,0.8936170212765957,0.8571428571428571,0.9333333333333333
26a1b1fd639adf50,baseline,17-32,24.5,0,3,6,1.0,1.0,1.0,1.0,1.0
26a1b1fd639adf50,emotional,17-32,24.5,0,20,6,1.0,1.0,1.0,1.0,1.0
26a1b1fd639adf50,authoritative,17-32,24.5,0,5,6,1.0,1.0,1.0,1.0,1.0
26a5a40b64d13404,baseline,0-2,1.0,0,4,5,1.0,1.0,1.0,1.0,1.0
26a5a40b64d13404,emotional,0-2,1.0,0,5,5,1.0,1.0,1.0,1.0,1.0
26a5a40b64d13404,authoritative,0-2,1.0,0,3,5,1.0,1.0,1.0,1.0,1.0
26ba557295fe8dbe,baseline,513-1024,768.5,0,11,13,1.0,1.0,1.0,1.0,1.0
26ba557295fe8dbe,emotional,513-1024,768.5,0,15,13,1.0,1.0,1.0,1.0,1.0
26ba557295fe8dbe,authoritative,513-1024,768.5,1,18,12,0.9473684210526316,0.967741935483871,0.935064935064935,0.9473684210526315,0.9230769230769231
26badee1f7bcba57,baseline,1025-2048,1536.5,0,3,2,1.0,1.0,1.0,1.0,1.0
26badee1f7bcba57,emotional,1025-2048,1536.5,0,2,2,1.0,1.0,1.0,1.0,1.0
26badee1f7bcba57,authoritative,1025-2048,1536.5,0,2,2,1.0,1.0,1.0,1.0,1.0
26ca2c7768b9400b,baseline,9-16,12.5,0,3,4,1.0,1.0,1.0,1.0,1.0
26ca2c7768b9400b,emotional,9-16,12.5,0,5,4,1.0,1.0,1.0,1.0,1.0
26ca2c7768b9400b,authoritative,9-16,12.5,0,4,4,1.0,1.0,1.0,1.0,1.0
27c1f9aea3b99912,baseline,17-32,24.5,0,3,2,1.0,1.0,1.0,1.0,1.0
27c1f9aea3b99912,emotional,17-32,24.5,0,3,2,1.0,1.0,1.0,1.0,1.0
27c1f9aea3b99912,authoritative,17-32,24.5,0,3,2,1.0,1.0,1.0,1.0,1.0
27caf0b7b9e0b53d,baseline,257-512,384.5,1,2,2,0.6666666666666667,0.8,0.6666666666666666,0.6666666666666666,0.6666666666666666
27caf0b7b9e0b53d,emotional,257-512,384.5,2,0,1,0.33333333333333337,0.3333333333333333,0.0,0.0,0.3333333333333333
27caf0b7b9e0b53d,authoritative,257-512,384.5,2,0,1,0.33333333333333337,0.3333333333333333,0.0,0.0,0.3333333333333333
27cb45a63ac270d7,baseline,17-32,24.5,0,0,3,1.0,1.0,0.0,nan,1.0
27cb45a63ac270d7,emotional,17-32,24.5,0,3,3,1.0,1.0,1.0,1.0,1.0
27cb45a63ac270d7,authoritative,17-32,24.5,0,4,3,1.0,1.0,1.0,1.0,1.0
27ec62dbf825684d,baseline,257-512,384.5,0,4,2,1.0,1.0,1.0,1.0,1.0
27ec62dbf825684d,emotional,257-512,384.5,0,4,2,1.0,1.0,1.0,1.0,1.0
27ec62dbf825684d,authoritative,257-512,384.5,0,3,2,1.0,1.0,1.0,1.0,1.0
2804f74e2e4cbc5b,baseline,257-512,384.5,2,0,0,0.0,0.0,0.0,0.0,0.0
2804f74e2e4cbc5b,emotional,257-512,384.5,2,0,0,0.0,0.0,0.0,0.0,0.0
2804f74e2e4cbc5b,authoritative,257-512,384.5,2,0,0,0.0,0.0,0.0,0.0,0.0
280a42610a3e34e3,baseline,513-1024,768.5,0,3,3,1.0,1.0,1.0,1.0,1.0
280a42610a3e34e3,emotional,513-1024,768.5,0,3,3,1.0,1.0,1.0,1.0,1.0
280a42610a3e34e3,authoritative,513-1024,768.5,0,3,3,1.0,1.0,1.0,1.0,1.0
2837e333ec8a1e12,baseline,2049-4096,3072.5,8,0,0,0.0,0.0,0.0,0.0,0.0
2837e333ec8a1e12,emotional,2049-4096,3072.5,8,0,0,0.0,0.0,0.0,0.0,0.0
2837e333ec8a1e12,authoritative,2049-4096,3072.5,8,0,0,0.0,0.0,0.0,0.0,0.0
2839cd23af74319e,baseline,5-8,6.5,2,1,8,0.8,0.8181818181818182,0.47058823529411764,0.3333333333333333,0.8
2839cd23af74319e,emotional,5-8,6.5,2,0,8,0.8,0.8,0.0,0.0,0.8
2839cd23af74319e,authoritative,5-8,6.5,1,19,9,0.95,0.9655172413793104,0.9243243243243243,0.95,0.9
2873b8d6cdd5f16f,baseline,257-512,384.5,0,5,1,1.0,1.0,1.0,1.0,1.0
2873b8d6cdd5f16f,emotional,257-512,384.5,1,15,0,0.9375,0.9375,0.0,0.9375,0.0
2873b8d6cdd5f16f,authoritative,257-512,384.5,0,4,1,1.0,1.0,1.0,1.0,1.0
29ae1e087f39819a,baseline,3-4,3.5,0,2,2,1.0,1.0,1.0,1.0,1.0
29ae1e087f39819a,emotional,3-4,3.5,0,2,2,1.0,1.0,1.0,1.0,1.0
29ae1e087f39819a,authoritative,3-4,3.5,0,3,2,1.0,1.0,1.0,1.0,1.0
29fdde38d081b532,baseline,65-128,96.5,0,2,4,1.0,1.0,1.0,1.0,1.0
29fdde38d081b532,emotional,65-128,96.5,0,2,4,1.0,1.0,1.0,1.0,1.0
29fdde38d081b532,authoritative,65-128,96.5,0,4,4,1.0,1.0,1.0,1.0,1.0
2b57fae79260206f,baseline,3-4,3.5,0,4,3,1.0,1.0,1.0,1.0,1.0
2b57fae79260206f,emotional,3-4,3.5,0,4,3,1.0,1.0,1.0,1.0,1.0
2b57fae79260206f,authoritative,3-4,3.5,0,10,3,1.0,1.0,1.0,1.0,1.0
2b72bb3321f2fccc,baseline,33-64,48.5,0,3,4,1.0,1.0,1.0,1.0,1.0
2b72bb3321f2fccc,emotional,33-64,48.5,0,3,4,1.0,1.0,1.0,1.0,1.0
2b72bb3321f2fccc,authoritative,33-64,48.5,0,3,4,1.0,1.0,1.0,1.0,1.0
2b9e9558da012d95,baseline,1025-2048,1536.5,2,0,0,0.0,0.0,0.0,0.0,0.0
2b9e9558da012d95,emotional,1025-2048,1536.5,2,0,0,0.0,0.0,0.0,0.0,0.0
2b9e9558da012d95,authoritative,1025-2048,1536.5,2,0,0,0.0,0.0,0.0,0.0,0.0
2bb2565ac5d606eb,baseline,0-2,1.0,0,5,3,1.0,1.0,1.0,1.0,1.0
2bb2565ac5d606eb,emotional,0-2,1.0,0,20,3,1.0,1.0,1.0,1.0,1.0
2bb2565ac5d606eb,authoritative,0-2,1.0,0,20,3,1.0,1.0,1.0,1.0,1.0
2c2d7e42236f8e55,baseline,33-64,48.5,1,2,2,0.6666666666666667,0.8,0.6666666666666666,0.6666666666666666,0.6666666666666666
2c2d7e42236f8e55,emotional,33-64,48.5,1,2,2,0.6666666666666667,0.8,0.6666666666666666,0.6666666666666666,0.6666666666666666
2c2d7e42236f8e55,authoritative,33-64,48.5,0,2,3,1.0,1.0,1.0,1.0,1.0
2c30928b3e253b95,baseline,513-1024,768.5,1,2,0,0.6666666666666667,0.6666666666666666,0.0,0.6666666666666666,0.0
2c30928b3e253b95,emotional,513-1024,768.5,1,0,0,0.0,0.0,0.0,0.0,0.0
2c30928b3e253b95,authoritative,513-1024,768.5,1,0,0,0.0,0.0,0.0,0.0,0.0
2c39f39d4a71c887,baseline,513-1024,768.5,4,0,0,0.0,0.0,0.0,0.0,0.0
2c39f39d4a71c887,emotional,513-1024,768.5,0,3,4,1.0,1.0,1.0,1.0,1.0
2c39f39d4a71c887,authoritative,513-1024,768.5,4,0,0,0.0,0.0,0.0,0.0,0.0
2c67588340e3e19b,baseline,5-8,6.5,0,4,7,1.0,1.0,1.0,1.0,1.0
2c67588340e3e19b,emotional,5-8,6.5,0,6,7,1.0,1.0,1.0,1.0,1.0
2c67588340e3e19b,authoritative,5-8,6.5,0,8,7,1.0,1.0,1.0,1.0,1.0
2c9b2eedb76e291b,baseline,129-256,192.5,3,2,1,0.4,0.5,0.3076923076923077,0.4,0.25
2c9b2eedb76e291b,emotional,129-256,192.5,4,0,0,0.0,0.0,0.0,0.0,0.0
2c9b2eedb76e291b,authoritative,129-256,192.5,4,0,0,0.0,0.0,0.0,0.0,0.0
2ca7338a6ae6facd,baseline,17-32,24.5,0,2,2,1.0,1.0,1.0,1.0,1.0
2ca7338a6ae6facd,emotional,17-32,24.5,0,2,2,1.0,1.0,1.0,1.0,1.0
2ca7338a6ae6facd,authoritative,17-32,24.5,0,2,2,1.0,1.0,1.0,1.0,1.0
2ce7ba67123e95ee,baseline,17-32,24.5,0,3,5,1.0,1.0,1.0,1.0,1.0
2ce7ba67123e95ee,emotional,17-32,24.5,0,3,5,1.0,1.0,1.0,1.0,1.0
2ce7ba67123e95ee,authoritative,17-32,24.5,0,5,5,1.0,1.0,1.0,1.0,1.0
2d565715ed59f9b9,baseline,17-32,24.5,0,3,2,1.0,1.0,1.0,1.0,1.0
2d565715ed59f9b9,emotional,17-32,24.5,0,3,2,1.0,1.0,1.0,1.0,1.0
2d565715ed59f9b9,authoritative,17-32,24.5,0,3,2,1.0,1.0,1.0,1.0,1.0
2e26c7e63a7d4f2d,baseline,257-512,384.5,0,4,8,1.0,1.0,1.0,1.0,1.0
2e26c7e63a7d4f2d,emotional,257-512,384.5,0,5,8,1.0,1.0,1.0,1.0,1.0
2e26c7e63a7d4f2d,authoritative,257-512,384.5,2,18,6,0.9,0.9230769230769231,0.8181818181818182,0.9,0.75
2ebf46ec3e7301ee,baseline,2049-4096,3072.5,6,1,1,0.1428571428571429,0.25,0.14285714285714285,0.14285714285714285,0.14285714285714285
2ebf46ec3e7301ee,emotional,2049-4096,3072.5,7,1,0,0.125,0.125,0.0,0.125,0.0
2ebf46ec3e7301ee,authoritative,2049-4096,3072.5,1,8,6,0.8888888888888888,0.9333333333333333,0.8727272727272727,0.8888888888888888,0.8571428571428571
2ec042a29e24cd23,baseline,17-32,24.5,0,3,2,1.0,1.0,1.0,1.0,1.0
2ec042a29e24cd23,emotional,17-32,24.5,0,3,2,1.0,1.0,1.0,1.0,1.0
2ec042a29e24cd23,authoritative,17-32,24.5,0,3,2,1.0,1.0,1.0,1.0,1.0
2f6a12c2d9f8862c,baseline,33-64,48.5,0,5,3,1.0,1.0,1.0,1.0,1.0
2f6a12c2d9f8862c,emotional,33-64,48.5,0,6,3,1.0,1.0,1.0,1.0,1.0
2f6a12c2d9f8862c,authoritative,33-64,48.5,0,6,3,1.0,1.0,1.0,1.0,1.0
2fc2bf8217cc9c91,baseline,5-8,6.5,0,3,3,1.0,1.0,1.0,1.0,1.0
2fc2bf8217cc9c91,emotional,5-8,6.5,0,6,3,1.0,1.0,1.0,1.0,1.0
2fc2bf8217cc9c91,authoritative,5-8,6.5,0,4,3,1.0,1.0,1.0,1.0,1.0
2fc69fb69a00a9d4,baseline,5-8,6.5,0,3,6,1.0,1.0,1.0,1.0,1.0
2fc69fb69a00a9d4,emotional,5-8,6.5,0,3,6,1.0,1.0,1.0,1.0,1.0
2fc69fb69a00a9d4,authoritative,5-8,6.5,0,3,6,1.0,1.0,1.0,1.0,1.0
2fd156aba473e5ea,baseline,3-4,3.5,0,2,4,1.0,1.0,1.0,1.0,1.0
2fd156aba473e5ea,emotional,3-4,3.5,0,3,4,1.0,1.0,1.0,1.0,1.0
2fd156aba473e5ea,authoritative,3-4,3.5,0,3,4,1.0,1.0,1.0,1.0,1.0
30350d15a09f41b8,baseline,3-4,3.5,0,3,2,1.0,1.0,1.0,1.0,1.0
30350d15a09f41b8,emotional,3-4,3.5,0,2,2,1.0,1.0,1.0,1.0,1.0
30350d15a09f41b8,authoritative,3-4,3.5,0,2,2,1.0,1.0,1.0,1.0,1.0
3058ad6e0ae74b40,baseline,33-64,48.5,0,3,3,1.0,1.0,1.0,1.0,1.0
3058ad6e0ae74b40,emotional,33-64,48.5,0,4,3,1.0,1.0,1.0,1.0,1.0
3058ad6e0ae74b40,authoritative,33-64,48.5,0,3,3,1.0,1.0,1.0,1.0,1.0
3069d38d3520520a,baseline,65-128,96.5,0,3,2,1.0,1.0,1.0,1.0,1.0
3069d38d3520520a,emotional,65-128,96.5,0,3,2,1.0,1.0,1.0,1.0,1.0
3069d38d3520520a,authoritative,65-128,96.5,0,4,2,1.0,1.0,1.0,1.0,1.0
30e93085c7c401ef,baseline,1025-2048,1536.5,1,2,0,0.6666666666666667,0.6666666666666666,0.0,0.6666666666666666,0.0
30e93085c7c401ef,emotional,1025-2048,1536.5,1,1,0,0.5,0.5,0.0,0.5,0.0
30e93085c7c401ef,authoritative,1025-2048,1536.5,1,0,0,0.0,0.0,0.0,0.0,0.0
311c0626945c156e,baseline,129-256,192.5,1,4,8,0.8888888888888888,0.9230769230769231,0.8421052631578947,0.8,0.8888888888888888
311c0626945c156e,emotional,129-256,192.5,4,3,5,0.5555555555555556,0.6666666666666666,0.4838709677419355,0.42857142857142855,0.5555555555555556
311c0626945c156e,authoritative,129-256,192.5,4,3,5,0.5555555555555556,0.6666666666666666,0.4838709677419355,0.42857142857142855,0.5555555555555556
316dfd94d1a98e0c,baseline,5-8,6.5,0,2,2,1.0,1.0,1.0,1.0,1.0
316dfd94d1a98e0c,emotional,5-8,6.5,0,3,2,1.0,1.0,1.0,1.0,1.0
316dfd94d1a98e0c,authoritative,5-8,6.5,0,3,2,1.0,1.0,1.0,1.0,1.0
3201072c9ea39bd0,baseline,17-32,24.5,0,5,4,1.0,1.0,1.0,1.0,1.0
3201072c9ea39bd0,emotional,17-32,24.5,0,5,4,1.0,1.0,1.0,1.0,1.0
3201072c9ea39bd0,authoritative,17-32,24.5,0,6,4,1.0,1.0,1.0,1.0,1.0
321e4c9de2edcfb8,baseline,3-4,3.5,0,2,5,1.0,1.0,1.0,1.0,1.0
321e4c9de2edcfb8,emotional,3-4,3.5,0,4,5,1.0,1.0,1.0,1.0,1.0
321e4c9de2edcfb8,authoritative,3-4,3.5,0,3,5,1.0,1.0,1.0,1.0,1.0
328acabd6233db56,baseline,9-16,12.5,0,3,1,1.0,1.0,1.0,1.0,1.0
328acabd6233db56,emotional,9-16,12.5,0,9,1,1.0,1.0,1.0,1.0,1.0
328acabd6233db56,authoritative,9-16,12.5,0,20,1,1.0,1.0,1.0,1.0,1.0
3294ceefabfe0c86,baseline,513-1024,768.5,4,0,0,0.0,0.0,0.0,0.0,0.0
3294ceefabfe0c86,emotional,513-1024,768.5,4,0,0,0.0,0.0,0.0,0.0,0.0
3294ceefabfe0c86,authoritative,513-1024,768.5,4,0,0,0.0,0.0,0.0,0.0,0.0
32c1e14b3f28e1cb,baseline,129-256,192.5,0,6,10,1.0,1.0,1.0,1.0,1.0
32c1e14b3f28e1cb,emotional,129-256,192.5,7,6,3,0.46153846153846156,0.5625,0.36363636363636365,0.46153846153846156,0.3
32c1e14b3f28e1cb,authoritative,129-256,192.5,5,2,5,0.5,0.5833333333333334,0.36363636363636365,0.2857142857142857,0.5
32d4b81365298c7d,baseline,65-128,96.5,1,5,8,0.8888888888888888,0.9285714285714286,0.8602150537634409,0.8333333333333334,0.8888888888888888
32d4b81365298c7d,emotional,65-128,96.5,0,13,9,1.0,1.0,1.0,1.0,1.0
32d4b81365298c7d,authoritative,65-128,96.5,0,22,9,1.0,1.0,1.0,1.0,1.0
32e374383fd9a9bb,baseline,129-256,192.5,3,0,0,0.0,0.0,0.0,0.0,0.0
32e374383fd9a9bb,emotional,129-256,192.5,3,3,0,0.5,0.5,0.0,0.5,0.0
32e374383fd9a9bb,authoritative,129-256,192.5,0,20,3,1.0,1.0,1.0,1.0,1.0
33175b39c58be8c3,baseline,0-2,1.0,0,2,3,1.0,1.0,1.0,1.0,1.0
33175b39c58be8c3,emotional,0-2,1.0,0,2,3,1.0,1.0,1.0,1.0,1.0
33175b39c58be8c3,authoritative,0-2,1.0,0,3,3,1.0,1.0,1.0,1.0,1.0
336ea5aad6975ebe,baseline,5-8,6.5,1,2,2,0.6666666666666667,0.8,0.6666666666666666,0.6666666666666666,0.6666666666666666
336ea5aad6975ebe,emotional,5-8,6.5,1,4,2,0.8,0.8571428571428571,0.7272727272727273,0.8,0.6666666666666666
336ea5aad6975ebe,authoritative,5-8,6.5,1,5,2,0.8333333333333334,0.875,0.7407407407407407,0.8333333333333334,0.6666666666666666
33b4019f6d61abb7,baseline,1025-2048,1536.5,0,2,3,1.0,1.0,1.0,1.0,1.0
33b4019f6d61abb7,emotional,1025-2048,1536.5,0,2,3,1.0,1.0,1.0,1.0,1.0
33b4019f6d61abb7,authoritative,1025-2048,1536.5,0,2,3,1.0,1.0,1.0,1.0,1.0
33eb17623e4ae308,baseline,2049-4096,3072.5,3,0,0,0.0,0.0,0.0,0.0,0.0
33eb17623e4ae308,emotional,2049-4096,3072.5,3,0,0,0.0,0.0,0.0,0.0,0.0
33eb17623e4ae308,authoritative,2049-4096,3072.5,0,2,3,1.0,1.0,1.0,1.0,1.0
33f9c160600baae0,baseline,2049-4096,3072.5,1,2,1,0.6666666666666667,0.75,0.5714285714285714,0.6666666666666666,0.5
33f9c160600baae0,emotional,2049-4096,3072.5,2,1,0,0.33333333333333337,0.3333333333333333,0.0,0.3333333333333333,0.0
33f9c160600baae0,authoritative,2049-4096,3072.5,0,3,2,1.0,1.0,1.0,1.0,1.0
340f43564a7b0e84,baseline,9-16,12.5,0,2,2,1.0,1.0,1.0,1.0,1.0
340f43564a7b0e84,emotional,9-16,12.5,0,2,2,1.0,1.0,1.0,1.0,1.0
340f43564a7b0e84,authoritative,9-16,12.5,0,3,2,1.0,1.0,1.0,1.0,1.0
3488d78d63f305c9,baseline,0-2,1.0,0,3,2,1.0,1.0,1.0,1.0,1.0
3488d78d63f305c9,emotional,0-2,1.0,0,4,2,1.0,1.0,1.0,1.0,1.0
3488d78d63f305c9,authoritative,0-2,1.0,0,20,2,1.0,1.0,1.0,1.0,1.0
34a4f6d0ca33d1fb,baseline,1025-2048,1536.5,2,4,2,0.6666666666666667,0.75,0.5714285714285714,0.6666666666666666,0.5
34a4f6d0ca33d1fb,emotional,1025-2048,1536.5,0,18,4,1.0,1.0,1.0,1.0,1.0
34a4f6d0ca33d1fb,authoritative,1025-2048,1536.5,4,0,0,0.0,0.0,0.0,0.0,0.0
34cb8f4e8f25a1ff,baseline,9-16,12.5,0,10,6,1.0,1.0,1.0,1.0,1.0
34cb8f4e8f25a1ff,emotional,9-16,12.5,0,13,6,1.0,1.0,1.0,1.0,1.0
34cb8f4e8f25a1ff,authoritative,9-16,12.5,0,13,6,1.0,1.0,1.0,1.0,1.0
34cdf6358766b420,baseline,5-8,6.5,0,4,2,1.0,1.0,1.0,1.0,1.0
34cdf6358766b420,emotional,5-8,6.5,0,6,2,1.0,1.0,1.0,1.0,1.0
34cdf6358766b420,authoritative,5-8,6.5,0,4,2,1.0,1.0,1.0,1.0,1.0
34dbba94417be7d7,baseline,9-16,12.5,1,2,2,0.6666666666666667,0.8,0.6666666666666666,0.6666666666666666,0.6666666666666666
34dbba94417be7d7,emotional,9-16,12.5,0,7,3,1.0,1.0,1.0,1.0,1.0
34dbba94417be7d7,authoritative,9-16,12.5,0,6,3,1.0,1.0,1.0,1.0,1.0
35630c6a63436c57,baseline,4097+,5000.0,3,0,0,0.0,0.0,0.0,0.0,0.0
35630c6a63436c57,emotional,4097+,5000.0,3,0,0,0.0,0.0,0.0,0.0,0.0
35630c6a63436c57,authoritative,4097+,5000.0,3,0,0,0.0,0.0,0.0,0.0,0.0
358ddef98cb787d5,baseline,3-4,3.5,0,2,2,1.0,1.0,1.0,1.0,1.0
358ddef98cb787d5,emotional,3-4,3.5,0,1,2,1.0,1.0,1.0,1.0,1.0
358ddef98cb787d5,authoritative,3-4,3.5,0,1,2,1.0,1.0,1.0,1.0,1.0
358f45289f41d574,baseline,257-512,384.5,0,9,6,1.0,1.0,1.0,1.0,1.0
358f45289f41d574,emotional,257-512,384.5,2,4,4,0.6666666666666667,0.8,0.6666666666666666,0.6666666666666666,0.6666666666666666
358f45289f41d574,authoritative,257-512,384.5,0,8,6,1.0,1.0,1.0,1.0,1.0
35c1b974171fd559,baseline,5-8,6.5,0,2,1,1.0,1.0,1.0,1.0,1.0
35c1b974171fd559,emotional,5-8,6.5,0,2,1,1.0,1.0,1.0,1.0,1.0
35c1b974171fd559,authoritative,5-8,6.5,0,3,1,1.0,1.0,1.0,1.0,1.0
3698cfdb664c240f,baseline,9-16,12.5,0,3,6,1.0,1.0,1.0,1.0,1.0
3698cfdb664c240f,emotional,9-16,12.5,0,4,6,1.0,1.0,1.0,1.0,1.0
3698cfdb664c240f,authoritative,9-16,12.5,0,6,6,1.0,1.0,1.0,1.0,1.0
36a315eeed8b3a6c,baseline,5-8,6.5,2,1,3,0.6,0.6666666666666666,0.42857142857142855,0.3333333333333333,0.6
36a315eeed8b3a6c,emotional,5-8,6.5,2,6,3,0.75,0.8181818181818182,0.6666666666666666,0.75,0.6
36a315eeed8b3a6c,authoritative,5-8,6.5,0,11,5,1.0,1.0,1.0,1.0,1.0
36e5605ad52aa2ec,baseline,9-16,12.5,0,3,1,1.0,1.0,1.0,1.0,1.0
36e5605ad52aa2ec,emotional,9-16,12.5,0,20,1,1.0,1.0,1.0,1.0,1.0
36e5605ad52aa2ec,authoritative,9-16,12.5,0,5,1,1.0,1.0,1.0,1.0,1.0
374bfc1bb07398b0,baseline,129-256,192.5,0,4,5,1.0,1.0,1.0,1.0,1.0
374bfc1bb07398b0,emotional,129-256,192.5,0,4,5,1.0,1.0,1.0,1.0,1.0
374bfc1bb07398b0,authoritative,129-256,192.5,0,7,5,1.0,1.0,1.0,1.0,1.0
3770142f7a1c61fb,baseline,0-2,1.0,0,6,3,1.0,1.0,1.0,1.0,1.0
3770142f7a1c61fb,emotional,0-2,1.0,0,0,3,1.0,1.0,0.0,nan,1.0
3770142f7a1c61fb,authoritative,0-2,1.0,0,5,3,1.0,1.0,1.0,1.0,1.0
3792223b50026938,baseline,5-8,6.5,0,3,1,1.0,1.0,1.0,1.0,1.0
3792223b50026938,emotional,5-8,6.5,0,4,1,1.0,1.0,1.0,1.0,1.0
3792223b50026938,authoritative,5-8,6.5,0,5,1,1.0,1.0,1.0,1.0,1.0
3821d7f81da8193e,baseline,5-8,6.5,0,3,2,1.0,1.0,1.0,1.0,1.0
3821d7f81da8193e,emotional,5-8,6.5,0,1,2,1.0,1.0,1.0,1.0,1.0
3821d7f81da8193e,authoritative,5-8,6.5,0,3,2,1.0,1.0,1.0,1.0,1.0
38371d2724a4b981,baseline,257-512,384.5,0,5,6,1.0,1.0,1.0,1.0,1.0
38371d2724a4b981,emotional,257-512,384.5,0,5,6,1.0,1.0,1.0,1.0,1.0
38371d2724a4b981,authoritative,257-512,384.5,0,6,6,1.0,1.0,1.0,1.0,1.0
38394de9c0d0fba7,baseline,65-128,96.5,0,2,2,1.0,1.0,1.0,1.0,1.0
38394de9c0d0fba7,emotional,65-128,96.5,0,2,2,1.0,1.0,1.0,1.0,1.0
38394de9c0d0fba7,authoritative,65-128,96.5,0,3,2,1.0,1.0,1.0,1.0,1.0
388d61ef2def2939,baseline,65-128,96.5,0,5,5,1.0,1.0,1.0,1.0,1.0
388d61ef2def2939,emotional,65-128,96.5,0,4,5,1.0,1.0,1.0,1.0,1.0
388d61ef2def2939,authoritative,65-128,96.5,0,6,5,1.0,1.0,1.0,1.0,1.0
3895973a358accd1,baseline,17-32,24.5,0,5,6,1.0,1.0,1.0,1.0,1.0
3895973a358accd1,emotional,17-32,24.5,0,4,6,1.0,1.0,1.0,1.0,1.0
3895973a358accd1,authoritative,17-32,24.5,0,6,6,1.0,1.0,1.0,1.0,1.0
38ae214d00869a21,baseline,1025-2048,1536.5,0,4,1,1.0,1.0,1.0,1.0,1.0
38ae214d00869a21,emotional,1025-2048,1536.5,0,7,1,1.0,1.0,1.0,1.0,1.0
38ae214d00869a21,authoritative,1025-2048,1536.5,0,4,1,1.0,1.0,1.0,1.0,1.0
3917566711f8a43e,baseline,9-16,12.5,0,4,3,1.0,1.0,1.0,1.0,1.0
3917566711f8a43e,emotional,9-16,12.5,0,12,3,1.0,1.0,1.0,1.0,1.0
3917566711f8a43e,authoritative,9-16,12.5,0,7,3,1.0,1.0,1.0,1.0,1.0
392f60e014e806bd,baseline,1025-2048,1536.5,2,0,0,0.0,0.0,0.0,0.0,0.0
392f60e014e806bd,emotional,1025-2048,1536.5,2,0,0,0.0,0.0,0.0,0.0,0.0
392f60e014e806bd,authoritative,1025-2048,1536.5,2,0,0,0.0,0.0,0.0,0.0,0.0
398631616639d10b,baseline,3-4,3.5,0,4,1,1.0,1.0,1.0,1.0,1.0
398631616639d10b,emotional,3-4,3.5,0,3,1,1.0,1.0,1.0,1.0,1.0
398631616639d10b,authoritative,3-4,3.5,0,3,1,1.0,1.0,1.0,1.0,1.0
3999ac9262dbd073,baseline,1025-2048,1536.5,0,1,3,1.0,1.0,1.0,1.0,1.0
3999ac9262dbd073,emotional,1025-2048,1536.5,0,2,3,1.0,1.0,1.0,1.0,1.0
3999ac9262dbd073,authoritative,1025-2048,1536.5,0,3,3,1.0,1.0,1.0,1.0,1.0
3a2fe38384dfc882,baseline,65-128,96.5,0,4,6,1.0,1.0,1.0,1.0,1.0
3a2fe38384dfc882,emotional,65-128,96.5,0,4,6,1.0,1.0,1.0,1.0,1.0
3a2fe38384dfc882,authoritative,65-128,96.5,0,4,6,1.0,1.0,1.0,1.0,1.0
3a9125ab90633076,baseline,513-1024,768.5,0,7,4,1.0,1.0,1.0,1.0,1.0
3a9125ab90633076,emotional,513-1024,768.5,0,6,4,1.0,1.0,1.0,1.0,1.0
3a9125ab90633076,authoritative,513-1024,768.5,0,6,4,1.0,1.0,1.0,1.0,1.0
3aefaff6ced9167a,baseline,9-16,12.5,1,3,3,0.75,0.8571428571428571,0.75,0.75,0.75
3aefaff6ced9167a,emotional,9-16,12.5,1,15,3,0.9375,0.9473684210526315,0.8333333333333334,0.9375,0.75
3aefaff6ced9167a,authoritative,9-16,12.5,2,4,2,0.6666666666666667,0.75,0.5714285714285714,0.6666666666666666,0.5
3b5352915decf178,baseline,5-8,6.5,0,3,1,1.0,1.0,1.0,1.0,1.0
3b5352915decf178,emotional,5-8,6.5,0,3,1,1.0,1.0,1.0,1.0,1.0
3b5352915decf178,authoritative,5-8,6.5,0,4,1,1.0,1.0,1.0,1.0,1.0
3b72e47cca71444d,baseline,257-512,384.5,0,5,2,1.0,1.0,1.0,1.0,1.0
3b72e47cca71444d,emotional,257-512,384.5,0,5,2,1.0,1.0,1.0,1.0,1.0
3b72e47cca71444d,authoritative,257-512,384.5,0,3,2,1.0,1.0,1.0,1.0,1.0
3bc88c32deb33eb9,baseline,0-2,1.0,0,2,2,1.0,1.0,1.0,1.0,1.0
3bc88c32deb33eb9,emotional,0-2,1.0,0,2,2,1.0,1.0,1.0,1.0,1.0
3bc88c32deb33eb9,authoritative,0-2,1.0,0,2,2,1.0,1.0,1.0,1.0,1.0
3c2e9eb78c060ed9,baseline,257-512,384.5,2,0,0,0.0,0.0,0.0,0.0,0.0
3c2e9eb78c060ed9,emotional,257-512,384.5,2,0,0,0.0,0.0,0.0,0.0,0.0
3c2e9eb78c060ed9,authoritative,257-512,384.5,1,2,1,0.6666666666666667,0.75,0.5714285714285714,0.6666666666666666,0.5
3c89973f6dfa9948,baseline,2049-4096,3072.5,1,0,0,0.0,0.0,0.0,0.0,0.0
3c89973f6dfa9948,emotional,2049-4096,3072.5,0,2,1,1.0,1.0,1.0,1.0,1.0
3c89973f6dfa9948,authoritative,2049-4096,3072.5,0,2,1,1.0,1.0,1.0,1.0,1.0
3cb0e4b433eb2744,baseline,65-128,96.5,0,2,1,1.0,1.0,1.0,1.0,1.0
3cb0e4b433eb2744,emotional,65-128,96.5,0,3,1,1.0,1.0,1.0,1.0,1.0
3cb0e4b433eb2744,authoritative,65-128,96.5,0,2,1,1.0,1.0,1.0,1.0,1.0
3d2637e465f18089,baseline,1025-2048,1536.5,1,4,2,0.8,0.8571428571428571,0.7272727272727273,0.8,0.6666666666666666
3d2637e465f18089,emotional,1025-2048,1536.5,0,5,3,1.0,1.0,1.0,1.0,1.0
3d2637e465f18089,authoritative,1025-2048,1536.5,0,6,3,1.0,1.0,1.0,1.0,1.0
3d77c13de9c56643,baseline,0-2,1.0,0,4,3,1.0,1.0,1.0,1.0,1.0
3d77c13de9c56643,emotional,0-2,1.0,0,6,3,1.0,1.0,1.0,1.0,1.0
3d77c13de9c56643,authoritative,0-2,1.0,0,7,3,1.0,1.0,1.0,1.0,1.0
3e0b146edab0ca65,baseline,513-1024,768.5,2,0,0,0.0,0.0,0.0,0.0,0.0
3e0b146edab0ca65,emotional,513-1024,768.5,2,0,0,0.0,0.0,0.0,0.0,0.0
3e0b146edab0ca65,authoritative,513-1024,768.5,2,0,0,0.0,0.0,0.0,0.0,0.0
3e325c6e04dc848a,baseline,1025-2048,1536.5,0,3,4,1.0,1.0,1.0,1.0,1.0
3e325c6e04dc848a,emotional,1025-2048,1536.5,1,5,3,0.8333333333333334,0.8888888888888888,0.7894736842105263,0.8333333333333334,0.75
3e325c6e04dc848a,authoritative,1025-2048,1536.5,0,3,4,1.0,1.0,1.0,1.0,1.0
3e6182ec92fe4488,baseline,2049-4096,3072.5,0,0,7,1.0,1.0,0.0,nan,1.0
3e6182ec92fe4488,emotional,2049-4096,3072.5,7,0,0,0.0,0.0,0.0,0.0,0.0
3e6182ec92fe4488,authoritative,2049-4096,3072.5,5,2,2,0.2857142857142857,0.4444444444444444,0.2857142857142857,0.2857142857142857,0.2857142857142857
3ec196ab90be68dd,baseline,33-64,48.5,0,3,4,1.0,1.0,1.0,1.0,1.0
3ec196ab90be68dd,emotional,33-64,48.5,0,4,4,1.0,1.0,1.0,1.0,1.0
3ec196ab90be68dd,authoritative,33-64,48.5,0,5,4,1.0,1.0,1.0,1.0,1.0
3efb07d76a6d55c9,baseline,129-256,192.5,0,3,2,1.0,1.0,1.0,1.0,1.0
3efb07d76a6d55c9,emotional,129-256,192.5,2,0,0,0.0,0.0,0.0,0.0,0.0
3efb07d76a6d55c9,authoritative,129-256,192.5,2,1,0,0.33333333333333337,0.3333333333333333,0.0,0.3333333333333333,0.0
3f1ec28023403918,baseline,129-256,192.5,3,0,0,0.0,0.0,0.0,0.0,0.0
3f1ec28023403918,emotional,129-256,192.5,0,2,3,1.0,1.0,1.0,1.0,1.0
3f1ec28023403918,authoritative,129-256,192.5,0,2,3,1.0,1.0,1.0,1.0,1.0
3f7fb408ca7e66fe,baseline,65-128,96.5,0,2,1,1.0,1.0,1.0,1.0,1.0
3f7fb408ca7e66fe,emotional,65-128,96.5,0,2,1,1.0,1.0,1.0,1.0,1.0
3f7fb408ca7e66fe,authoritative,65-128,96.5,0,2,1,1.0,1.0,1.0,1.0,1.0
3f896b9e3ec24bd1,baseline,17-32,24.5,0,12,3,1.0,1.0,1.0,1.0,1.0
3f896b9e3ec24bd1,emotional,17-32,24.5,0,6,3,1.0,1.0,1.0,1.0,1.0
3f896b9e3ec24bd1,authoritative,17-32,24.5,0,6,3,1.0,1.0,1.0,1.0,1.0
3f9c8a913da1e313,baseline,17-32,24.5,0,4,4,1.0,1.0,1.0,1.0,1.0
3f9c8a913da1e313,emotional,17-32,24.5,0,6,4,1.0,1.0,1.0,1.0,1.0
3f9c8a913da1e313,authoritative,17-32,24.5,0,4,4,1.0,1.0,1.0,1.0,1.0
40476267c8373fa8,baseline,129-256,192.5,0,3,4,1.0,1.0,1.0,1.0,1.0
40476267c8373fa8,emotional,129-256,192.5,4,0,0,0.0,0.0,0.0,0.0,0.0
40476267c8373fa8,authoritative,129-256,192.5,4,0,0,0.0,0.0,0.0,0.0,0.0
4098cae9c43e0f41,baseline,129-256,192.5,1,2,3,0.75,0.8333333333333334,0.7058823529411765,0.6666666666666666,0.75
4098cae9c43e0f41,emotional,129-256,192.5,0,3,4,1.0,1.0,1.0,1.0,1.0
4098cae9c43e0f41,authoritative,129-256,192.5,0,3,4,1.0,1.0,1.0,1.0,1.0
40d32c28c9d84867,baseline,4097+,5000.0,2,0,0,0.0,0.0,0.0,0.0,0.0
40d32c28c9d84867,emotional,4097+,5000.0,2,0,0,0.0,0.0,0.0,0.0,0.0
40d32c28c9d84867,authoritative,4097+,5000.0,2,0,0,0.0,0.0,0.0,0.0,0.0
4167e049901f9cbd,baseline,257-512,384.5,0,2,5,1.0,1.0,1.0,1.0,1.0
4167e049901f9cbd,emotional,257-512,384.5,0,2,5,1.0,1.0,1.0,1.0,1.0
4167e049901f9cbd,authoritative,257-512,384.5,0,3,5,1.0,1.0,1.0,1.0,1.0
41d46f8a542d77d3,baseline,1025-2048,1536.5,3,0,1,0.25,0.25,0.0,0.0,0.25
41d46f8a542d77d3,emotional,1025-2048,1536.5,3,0,1,0.25,0.25,0.0,0.0,0.25
41d46f8a542d77d3,authoritative,1025-2048,1536.5,0,1,4,1.0,1.0,1.0,1.0,1.0
4244652e4e4b38e2,baseline,17-32,24.5,1,3,1,0.75,0.8,0.6,0.75,0.5
4244652e4e4b38e2,emotional,17-32,24.5,0,3,2,1.0,1.0,1.0,1.0,1.0
4244652e4e4b38e2,authoritative,17-32,24.5,0,3,2,1.0,1.0,1.0,1.0,1.0
42888fcd16f2810f,baseline,65-128,96.5,0,5,3,1.0,1.0,1.0,1.0,1.0
42888fcd16f2810f,emotional,65-128,96.5,2,5,1,0.7142857142857143,0.75,0.45454545454545453,0.7142857142857143,0.3333333333333333
42888fcd16f2810f,authoritative,65-128,96.5,0,3,3,1.0,1.0,1.0,1.0,1.0
42a835c5d02e5399,baseline,129-256,192.5,3,2,1,0.4,0.5,0.3076923076923077,0.4,0.25
42a835c5d02e5399,emotional,129-256,192.5,3,3,1,0.5,0.5714285714285714,0.3333333333333333,0.5,0.25
42a835c5d02e5399,authoritative,129-256,192.5,3,2,1,0.4,0.5,0.3076923076923077,0.4,0.25
42ac6852d3729ed5,baseline,9-16,12.5,0,4,2,1.0,1.0,1.0,1.0,1.0
42ac6852d3729ed5,emotional,9-16,12.5,0,7,2,1.0,1.0,1.0,1.0,1.0
42ac6852d3729ed5,authoritative,9-16,12.5,0,7,2,1.0,1.0,1.0,1.0,1.0
430c61764e1a27ff,baseline,129-256,192.5,0,4,5,1.0,1.0,1.0,1.0,1.0
430c61764e1a27ff,emotional,129-256,192.5,0,3,5,1.0,1.0,1.0,1.0,1.0
430c61764e1a27ff,authoritative,129-256,192.5,0,6,5,1.0,1.0,1.0,1.0,1.0
437c258ee6b340e5,baseline,3-4,3.5,0,4,1,1.0,1.0,1.0,1.0,1.0
437c258ee6b340e5,emotional,3-4,3.5,0,4,1,1.0,1.0,1.0,1.0,1.0
437c258ee6b340e5,authoritative,3-4,3.5,0,13,1,1.0,1.0,1.0,1.0,1.0
438f7e4fcf31cf80,baseline,17-32,24.5,0,4,4,1.0,1.0,1.0,1.0,1.0
438f7e4fcf31cf80,emotional,17-32,24.5,0,10,4,1.0,1.0,1.0,1.0,1.0
438f7e4fcf31cf80,authoritative,17-32,24.5,0,6,4,1.0,1.0,1.0,1.0,1.0
4394c2509f850a64,baseline,4097+,5000.0,1,1,0,0.5,0.5,0.0,0.5,0.0
4394c2509f850a64,emotional,4097+,5000.0,1,0,0,0.0,0.0,0.0,0.0,0.0
4394c2509f850a64,authoritative,4097+,5000.0,1,0,0,0.0,0.0,0.0,0.0,0.0
439ec281e53e47b6,baseline,513-1024,768.5,4,7,9,0.6923076923076923,0.8,0.6631578947368421,0.6363636363636364,0.6923076923076923
439ec281e53e47b6,emotional,513-1024,768.5,8,4,5,0.3846153846153846,0.5294117647058824,0.35714285714285715,0.3333333333333333,0.38461538461538464
439ec281e53e47b6,authoritative,513-1024,768.5,7,13,6,0.65,0.7307692307692307,0.5397923875432526,0.65,0.46153846153846156
43d886b8f34b8202,baseline,3-4,3.5,0,2,2,1.0,1.0,1.0,1.0,1.0
43d886b8f34b8202,emotional,3-4,3.5,0,6,2,1.0,1.0,1.0,1.0,1.0
43d886b8f34b8202,authoritative,3-4,3.5,0,2,2,1.0,1.0,1.0,1.0,1.0
43db674ecc775635,baseline,1025-2048,1536.5,5,2,2,0.2857142857142857,0.4444444444444444,0.2857142857142857,0.2857142857142857,0.2857142857142857
43db674ecc775635,emotional,1025-2048,1536.5,5,0,2,0.2857142857142857,0.2857142857142857,0.0,0.0,0.2857142857142857
43db674ecc775635,authoritative,1025-2048,1536.5,3,3,4,0.5714285714285714,0.7,0.5333333333333333,0.5,0.5714285714285714
441183c3cd603761,baseline,1025-2048,1536.5,0,2,1,1.0,1.0,1.0,1.0,1.0
441183c3cd603761,emotional,1025-2048,1536.5,0,2,1,1.0,1.0,1.0,1.0,1.0
441183c3cd603761,authoritative,1025-2048,1536.5,0,2,1,1.0,1.0,1.0,1.0,1.0
441e4f8db3121e5a,baseline,17-32,24.5,0,3,2,1.0,1.0,1.0,1.0,1.0
441e4f8db3121e5a,emotional,17-32,24.5,0,3,2,1.0,1.0,1.0,1.0,1.0
441e4f8db3121e5a,authoritative,17-32,24.5,0,2,2,1.0,1.0,1.0,1.0,1.0
4421bf3f6156bd11,baseline,257-512,384.5,0,6,2,1.0,1.0,1.0,1.0,1.0
4421bf3f6156bd11,emotional,257-512,384.5,0,16,2,1.0,1.0,1.0,1.0,1.0
4421bf3f6156bd11,authoritative,257-512,384.5,0,4,2,1.0,1.0,1.0,1.0,1.0
443ca8d40a610d39,baseline,33-64,48.5,0,3,4,1.0,1.0,1.0,1.0,1.0
443ca8d40a610d39,emotional,33-64,48.5,0,4,4,1.0,1.0,1.0,1.0,1.0
443ca8d40a610d39,authoritative,33-64,48.5,0,4,4,1.0,1.0,1.0,1.0,1.0
446336471d94d90f,baseline,513-1024,768.5,2,1,9,0.8181818181818181,0.8333333333333334,0.47368421052631576,0.3333333333333333,0.8181818181818182
446336471d94d90f,emotional,513-1024,768.5,2,1,9,0.8181818181818181,0.8333333333333334,0.47368421052631576,0.3333333333333333,0.8181818181818182
446336471d94d90f,authoritative,513-1024,768.5,4,5,7,0.6363636363636364,0.75,0.5932203389830508,0.5555555555555556,0.6363636363636364
448032fc44079c81,baseline,5-8,6.5,0,3,3,1.0,1.0,1.0,1.0,1.0
448032fc44079c81,emotional,5-8,6.5,0,2,3,1.0,1.0,1.0,1.0,1.0
448032fc44079c81,authoritative,5-8,6.5,0,1,3,1.0,1.0,1.0,1.0,1.0
44853b087370e2db,baseline,17-32,24.5,0,5,6,1.0,1.0,1.0,1.0,1.0
44853b087370e2db,emotional,17-32,24.5,1,1,5,0.8333333333333334,0.8571428571428571,0.625,0.5,0.8333333333333334
44853b087370e2db,authoritative,17-32,24.5,0,6,6,1.0,1.0,1.0,1.0,1.0
44a228ed7c2d8f01,baseline,513-1024,768.5,0,2,2,1.0,1.0,1.0,1.0,1.0
44a228ed7c2d8f01,emotional,513-1024,768.5,0,2,2,1.0,1.0,1.0,1.0,1.0
44a228ed7c2d8f01,authoritative,513-1024,768.5,0,2,2,1.0,1.0,1.0,1.0,1.0
44b337689f7f0fdf,baseline,129-256,192.5,0,6,3,1.0,1.0,1.0,1.0,1.0
44b337689f7f0fdf,emotional,129-256,192.5,0,5,3,1.0,1.0,1.0,1.0,1.0
44b337689f7f0fdf,authoritative,129-256,192.5,0,6,3,1.0,1.0,1.0,1.0,1.0
44cc52ee4a065e7b,baseline,1025-2048,1536.5,1,1,0,0.5,0.5,0.0,0.5,0.0
44cc52ee4a065e7b,emotional,1025-2048,1536.5,1,2,0,0.6666666666666667,0.6666666666666666,0.0,0.6666666666666666,0.0
44cc52ee4a065e7b,authoritative,1025-2048,1536.5,1,0,0,0.0,0.0,0.0,0.0,0.0
44efa063771a67da,baseline,5-8,6.5,0,2,1,1.0,1.0,1.0,1.0,1.0
44efa063771a67da,emotional,5-8,6.5,0,2,1,1.0,1.0,1.0,1.0,1.0
44efa063771a67da,authoritative,5-8,6.5,0,2,1,1.0,1.0,1.0,1.0,1.0
45083dc7a1c31eea,baseline,257-512,384.5,0,4,4,1.0,1.0,1.0,1.0,1.0
45083dc7a1c31eea,emotional,257-512,384.5,0,4,4,1.0,1.0,1.0,1.0,1.0
45083dc7a1c31eea,authoritative,257-512,384.5,0,4,4,1.0,1.0,1.0,1.0,1.0
4546496c034d136b,baseline,5-8,6.5,0,2,1,1.0,1.0,1.0,1.0,1.0
4546496c034d136b,emotional,5-8,6.5,0,2,1,1.0,1.0,1.0,1.0,1.0
4546496c034d136b,authoritative,5-8,6.5,0,2,1,1.0,1.0,1.0,1.0,1.0
457be4a3acd534f7,baseline,1025-2048,1536.5,2,0,0,0.0,0.0,0.0,0.0,0.0
457be4a3acd534f7,emotional,1025-2048,1536.5,2,0,0,0.0,0.0,0.0,0.0,0.0
457be4a3acd534f7,authoritative,1025-2048,1536.5,2,0,0,0.0,0.0,0.0,0.0,0.0
4591e99ae04fda43,baseline,0-2,1.0,0,3,1,1.0,1.0,1.0,1.0,1.0
4591e99ae04fda43,emotional,0-2,1.0,0,12,1,1.0,1.0,1.0,1.0,1.0
4591e99ae04fda43,authoritative,0-2,1.0,0,2,1,1.0,1.0,1.0,1.0,1.0
45e4b717d187b6a0,baseline,0-2,1.0,0,3,4,1.0,1.0,1.0,1.0,1.0
45e4b717d187b6a0,emotional,0-2,1.0,0,3,4,1.0,1.0,1.0,1.0,1.0
45e4b717d187b6a0,authoritative,0-2,1.0,0,3,4,1.0,1.0,1.0,1.0,1.0
4602ab1e04f6a621,baseline,65-128,96.5,0,5,6,1.0,1.0,1.0,1.0,1.0
4602ab1e04f6a621,emotional,65-128,96.5,0,8,6,1.0,1.0,1.0,1.0,1.0
4602ab1e04f6a621,authoritative,65-128,96.5,0,20,6,1.0,1.0,1.0,1.0,1.0
4629be2d05379ecd,baseline,33-64,48.5,0,2,2,1.0,1.0,1.0,1.0,1.0
4629be2d05379ecd,emotional,33-64,48.5,0,4,2,1.0,1.0,1.0,1.0,1.0
4629be2d05379ecd,authoritative,33-64,48.5,0,2,2,1.0,1.0,1.0,1.0,1.0
46d226074dddfca0,baseline,17-32,24.5,0,6,9,1.0,1.0,1.0,1.0,1.0
46d226074dddfca0,emotional,17-32,24.5,0,7,9,1.0,1.0,1.0,1.0,1.0
46d226074dddfca0,authoritative,17-32,24.5,0,8,9,1.0,1.0,1.0,1.0,1.0
472fdbb62dfed73f,baseline,257-512,384.5,0,3,3,1.0,1.0,1.0,1.0,1.0
472fdbb62dfed73f,emotional,257-512,384.5,0,3,3,1.0,1.0,1.0,1.0,1.0
472fdbb62dfed73f,authoritative,257-512,384.5,0,3,3,1.0,1.0,1.0,1.0,1.0
489df3b03ae1bd51,baseline,4097+,5000.0,0,2,2,1.0,1.0,1.0,1.0,1.0
489df3b03ae1bd51,emotional,4097+,5000.0,2,0,0,0.0,0.0,0.0,0.0,0.0
489df3b03ae1bd51,authoritative,4097+,5000.0,2,0,0,0.0,0.0,0.0,0.0,0.0
48c1da09aa115c30,baseline,33-64,48.5,0,5,3,1.0,1.0,1.0,1.0,1.0
48c1da09aa115c30,emotional,33-64,48.5,0,14,3,1.0,1.0,1.0,1.0,1.0
48c1da09aa115c30,authoritative,33-64,48.5,0,10,3,1.0,1.0,1.0,1.0,1.0
48fd1c2d576e2ed7,baseline,17-32,24.5,2,2,3,0.6,0.7142857142857143,0.5454545454545454,0.5,0.6
48fd1c2d576e2ed7,emotional,17-32,24.5,2,5,3,0.7142857142857143,0.8,0.6521739130434783,0.7142857142857143,0.6
48fd1c2d576e2ed7,authoritative,17-32,24.5,2,0,3,0.6,0.6,0.0,0.0,0.6
49131c9bdf58ace4,baseline,513-1024,768.5,0,2,5,1.0,1.0,1.0,1.0,1.0
49131c9bdf58ace4,emotional,513-1024,768.5,0,3,5,1.0,1.0,1.0,1.0,1.0
49131c9bdf58ace4,authoritative,513-1024,768.5,0,2,5,1.0,1.0,1.0,1.0,1.0
494ad8d8878cd6d0,baseline,3-4,3.5,0,3,3,1.0,1.0,1.0,1.0,1.0
494ad8d8878cd6d0,emotional,3-4,3.5,0,4,3,1.0,1.0,1.0,1.0,1.0
494ad8d8878cd6d0,authoritative,3-4,3.5,0,4,3,1.0,1.0,1.0,1.0,1.0
496b372f82a2aa68,baseline,129-256,192.5,0,6,3,1.0,1.0,1.0,1.0,1.0
496b372f82a2aa68,emotional,129-256,192.5,0,2,3,1.0,1.0,1.0,1.0,1.0
496b372f82a2aa68,authoritative,129-256,192.5,0,2,3,1.0,1.0,1.0,1.0,1.0
499976e5fff87b4b,baseline,1025-2048,1536.5,3,0,0,0.0,0.0,0.0,0.0,0.0
499976e5fff87b4b,emotional,1025-2048,1536.5,3,0,0,0.0,0.0,0.0,0.0,0.0
499976e5fff87b4b,authoritative,1025-2048,1536.5,3,0,0,0.0,0.0,0.0,0.0,0.0
49a8c15b5d788267,baseline,9-16,12.5,0,7,5,1.0,1.0,1.0,1.0,1.0
49a8c15b5d788267,emotional,9-16,12.5,0,9,5,1.0,1.0,1.0,1.0,1.0
49a8c15b5d788267,authoritative,9-16,12.5,0,6,5,1.0,1.0,1.0,1.0,1.0
4a7ab12be52128d7,baseline,17-32,24.5,0,4,3,1.0,1.0,1.0,1.0,1.0
4a7ab12be52128d7,emotional,17-32,24.5,0,2,3,1.0,1.0,1.0,1.0,1.0
4a7ab12be52128d7,authoritative,17-32,24.5,0,7,3,1.0,1.0,1.0,1.0,1.0
4a9263318b3dcda3,baseline,5-8,6.5,0,1,1,1.0,1.0,1.0,1.0,1.0
4a9263318b3dcda3,emotional,5-8,6.5,0,2,1,1.0,1.0,1.0,1.0,1.0
4a9263318b3dcda3,authoritative,5-8,6.5,0,1,1,1.0,1.0,1.0,1.0,1.0
4b601e8163702489,baseline,0-2,1.0,0,4,9,1.0,1.0,1.0,1.0,1.0
4b601e8163702489,emotional,0-2,1.0,0,3,9,1.0,1.0,1.0,1.0,1.0
4b601e8163702489,authoritative,0-2,1.0,0,3,9,1.0,1.0,1.0,1.0,1.0
4b87c040191fd20b,baseline,129-256,192.5,0,3,1,1.0,1.0,1.0,1.0,1.0
4b87c040191fd20b,emotional,129-256,192.5,0,3,1,1.0,1.0,1.0,1.0,1.0
4b87c040191fd20b,authoritative,129-256,192.5,0,4,1,1.0,1.0,1.0,1.0,1.0
4bddceedde002249,baseline,65-128,96.5,0,4,6,1.0,1.0,1.0,1.0,1.0
4bddceedde002249,emotional,65-128,96.5,0,6,6,1.0,1.0,1.0,1.0,1.0
4bddceedde002249,authoritative,65-128,96.5,0,4,6,1.0,1.0,1.0,1.0,1.0
4c5b0f16b7c573ca,baseline,0-2,1.0,0,3,3,1.0,1.0,1.0,1.0,1.0
4c5b0f16b7c573ca,emotional,0-2,1.0,0,5,3,1.0,1.0,1.0,1.0,1.0
4c5b0f16b7c573ca,authoritative,0-2,1.0,0,7,3,1.0,1.0,1.0,1.0,1.0
4c7a39b5716b754f,baseline,257-512,384.5,0,2,5,1.0,1.0,1.0,1.0,1.0
4c7a39b5716b754f,emotional,257-512,384.5,0,2,5,1.0,1.0,1.0,1.0,1.0
4c7a39b5716b754f,authoritative,257-512,384.5,4,0,1,0.19999999999999996,0.2,0.0,0.0,0.2
4cd77435eeb370f6,baseline,17-32,24.5,0,3,3,1.0,1.0,1.0,1.0,1.0
4cd77435eeb370f6,emotional,17-32,24.5,0,20,3,1.0,1.0,1.0,1.0,1.0
4cd77435eeb370f6,authoritative,17-32,24.5,0,20,3,1.0,1.0,1.0,1.0,1.0
4d3d297bbaafbd29,baseline,3-4,3.5,0,5,3,1.0,1.0,1.0,1.0,1.0
4d3d297bbaafbd29,emotional,3-4,3.5,0,3,3,1.0,1.0,1.0,1.0,1.0
4d3d297bbaafbd29,authoritative,3-4,3.5,0,3,3,1.0,1.0,1.0,1.0,1.0
4d567fa13e28ae4a,baseline,9-16,12.5,0,3,3,1.0,1.0,1.0,1.0,1.0
4d567fa13e28ae4a,emotional,9-16,12.5,0,3,3,1.0,1.0,1.0,1.0,1.0
4d567fa13e28ae4a,authoritative,9-16,12.5,1,2,2,0.6666666666666667,0.8,0.6666666666666666,0.6666666666666666,0.6666666666666666
4d9cdf519bf3704c,baseline,0-2,1.0,0,3,2,1.0,1.0,1.0,1.0,1.0
4d9cdf519bf3704c,emotional,0-2,1.0,0,5,2,1.0,1.0,1.0,1.0,1.0
4d9cdf519bf3704c,authoritative,0-2,1.0,0,4,2,1.0,1.0,1.0,1.0,1.0
4da5b3fd538abca5,baseline,17-32,24.5,0,2,2,1.0,1.0,1.0,1.0,1.0
4da5b3fd538abca5,emotional,17-32,24.5,0,2,2,1.0,1.0,1.0,1.0,1.0
4da5b3fd538abca5,authoritative,17-32,24.5,0,2,2,1.0,1.0,1.0,1.0,1.0
4db2f2016882e3cd,baseline,129-256,192.5,0,3,2,1.0,1.0,1.0,1.0,1.0
4db2f2016882e3cd,emotional,129-256,192.5,1,3,1,0.75,0.8,0.6,0.75,0.5
4db2f2016882e3cd,authoritative,129-256,192.5,1,3,1,0.75,0.8,0.6,0.75,0.5
4db78539e010b7fe,baseline,513-1024,768.5,0,1,1,1.0,1.0,1.0,1.0,1.0
4db78539e010b7fe,emotional,513-1024,768.5,0,1,1,1.0,1.0,1.0,1.0,1.0
4db78539e010b7fe,authoritative,513-1024,768.5,0,1,1,1.0,1.0,1.0,1.0,1.0
4e4bf054a3d2b23f,baseline,2049-4096,3072.5,3,0,6,0.6666666666666667,0.6666666666666666,0.0,0.0,0.6666666666666666
4e4bf054a3d2b23f,emotional,2049-4096,3072.5,9,0,0,0.0,0.0,0.0,0.0,0.0
4e4bf054a3d2b23f,authoritative,2049-4096,3072.5,2,3,7,0.7777777777777778,0.8333333333333334,0.6774193548387096,0.6,0.7777777777777778
4e5709c4b8c217b6,baseline,9-16,12.5,0,3,2,1.0,1.0,1.0,1.0,1.0
4e5709c4b8c217b6,emotional,9-16,12.5,0,5,2,1.0,1.0,1.0,1.0,1.0
4e5709c4b8c217b6,authoritative,9-16,12.5,0,20,2,1.0,1.0,1.0,1.0,1.0
4ebab81476922c35,baseline,129-256,192.5,0,3,5,1.0,1.0,1.0,1.0,1.0
4ebab81476922c35,emotional,129-256,192.5,0,4,5,1.0,1.0,1.0,1.0,1.0
4ebab81476922c35,authoritative,129-256,192.5,0,4,5,1.0,1.0,1.0,1.0,1.0
4ee1d2eed72aa0ed,baseline,257-512,384.5,0,5,3,1.0,1.0,1.0,1.0,1.0
4ee1d2eed72aa0ed,emotional,257-512,384.5,0,7,3,1.0,1.0,1.0,1.0,1.0
4ee1d2eed72aa0ed,authoritative,257-512,384.5,0,3,3,1.0,1.0,1.0,1.0,1.0
4f392eeec8472ec0,baseline,513-1024,768.5,0,6,5,1.0,1.0,1.0,1.0,1.0
4f392eeec8472ec0,emotional,513-1024,768.5,0,4,5,1.0,1.0,1.0,1.0,1.0
4f392eeec8472ec0,authoritative,513-1024,768.5,0,10,5,1.0,1.0,1.0,1.0,1.0
4f9ea9c7f4aaef2e,baseline,513-1024,768.5,0,4,4,1.0,1.0,1.0,1.0,1.0
4f9ea9c7f4aaef2e,emotional,513-1024,768.5,0,5,4,1.0,1.0,1.0,1.0,1.0
4f9ea9c7f4aaef2e,authoritative,513-1024,768.5,0,10,4,1.0,1.0,1.0,1.0,1.0
506c86867a49a2b8,baseline,33-64,48.5,0,2,1,1.0,1.0,1.0,1.0,1.0
506c86867a49a2b8,emotional,33-64,48.5,0,3,1,1.0,1.0,1.0,1.0,1.0
506c86867a49a2b8,authoritative,33-64,48.5,0,2,1,1.0,1.0,1.0,1.0,1.0
5076e5df0fe7311b,baseline,129-256,192.5,0,0,14,1.0,1.0,0.0,nan,1.0
5076e5df0fe7311b,emotional,129-256,192.5,0,5,14,1.0,1.0,1.0,1.0,1.0
5076e5df0fe7311b,authoritative,129-256,192.5,0,11,14,1.0,1.0,1.0,1.0,1.0
5182642d79882d4d,baseline,2049-4096,3072.5,4,0,0,0.0,0.0,0.0,0.0,0.0
5182642d79882d4d,emotional,2049-4096,3072.5,4,0,0,0.0,0.0,0.0,0.0,0.0
5182642d79882d4d,authoritative,2049-4096,3072.5,4,0,0,0.0,0.0,0.0,0.0,0.0
522f019cd6ed7eaf,baseline,129-256,192.5,0,5,3,1.0,1.0,1.0,1.0,1.0
522f019cd6ed7eaf,emotional,129-256,192.5,0,4,3,1.0,1.0,1.0,1.0,1.0
522f019cd6ed7eaf,authoritative,129-256,192.5,0,2,3,1.0,1.0,1.0,1.0,1.0
52c8c48b470ea93a,baseline,33-64,48.5,0,3,2,1.0,1.0,1.0,1.0,1.0
52c8c48b470ea93a,emotional,33-64,48.5,0,3,2,1.0,1.0,1.0,1.0,1.0
52c8c48b470ea93a,authoritative,33-64,48.5,0,3,2,1.0,1.0,1.0,1.0,1.0
52ec967f23b9c4f6,baseline,17-32,24.5,0,5,1,1.0,1.0,1.0,1.0,1.0
52ec967f23b9c4f6,emotional,17-32,24.5,1,2,0,0.6666666666666667,0.6666666666666666,0.0,0.6666666666666666,0.0
52ec967f23b9c4f6,authoritative,17-32,24.5,1,2,0,0.6666666666666667,0.6666666666666666,0.0,0.6666666666666666,0.0
52eed6ad3b587cf4,baseline,257-512,384.5,0,3,6,1.0,1.0,1.0,1.0,1.0
52eed6ad3b587cf4,emotional,257-512,384.5,0,3,6,1.0,1.0,1.0,1.0,1.0
52eed6ad3b587cf4,authoritative,257-512,384.5,0,3,6,1.0,1.0,1.0,1.0,1.0
5331a521fd6cf553,baseline,17-32,24.5,0,3,4,1.0,1.0,1.0,1.0,1.0
5331a521fd6cf553,emotional,17-32,24.5,0,4,4,1.0,1.0,1.0,1.0,1.0
5331a521fd6cf553,authoritative,17-32,24.5,0,4,4,1.0,1.0,1.0,1.0,1.0
536eec89dfde64c7,baseline,33-64,48.5,0,4,8,1.0,1.0,1.0,1.0,1.0
536eec89dfde64c7,emotional,33-64,48.5,1,8,7,0.8888888888888888,0.9375,0.8818897637795275,0.8888888888888888,0.875
536eec89dfde64c7,authoritative,33-64,48.5,3,10,5,0.7692307692307692,0.8333333333333334,0.6896551724137931,0.7692307692307693,0.625
53ebe7641de5238c,baseline,257-512,384.5,0,2,3,1.0,1.0,1.0,1.0,1.0
53ebe7641de5238c,emotional,257-512,384.5,0,2,3,1.0,1.0,1.0,1.0,1.0
53ebe7641de5238c,authoritative,257-512,384.5,0,2,3,1.0,1.0,1.0,1.0,1.0
5401bcdc610f6e49,baseline,1025-2048,1536.5,12,0,0,0.0,0.0,0.0,0.0,0.0
5401bcdc610f6e49,emotional,1025-2048,1536.5,3,4,9,0.75,0.8125,0.6486486486486487,0.5714285714285714,0.75
5401bcdc610f6e49,authoritative,1025-2048,1536.5,1,2,11,0.9166666666666666,0.9285714285714286,0.7719298245614035,0.6666666666666666,0.9166666666666666
544ae62cceca823a,baseline,33-64,48.5,3,1,2,0.4,0.5,0.3076923076923077,0.25,0.4
544ae62cceca823a,emotional,33-64,48.5,2,2,3,0.6,0.7142857142857143,0.5454545454545454,0.5,0.6
544ae62cceca823a,authoritative,33-64,48.5,3,0,2,0.4,0.4,0.0,0.0,0.4
545e323e0d043fc3,baseline,1025-2048,1536.5,0,3,3,1.0,1.0,1.0,1.0,1.0
545e323e0d043fc3,emotional,1025-2048,1536.5,1,18,2,0.9473684210526316,0.9523809523809523,0.782608695652174,0.9473684210526315,0.6666666666666666
545e323e0d043fc3,authoritative,1025-2048,1536.5,0,3,3,1.0,1.0,1.0,1.0,1.0
549241ae002f7ffc,baseline,257-512,384.5,1,3,4,0.8,0.875,0.7741935483870968,0.75,0.8
549241ae002f7ffc,emotional,257-512,384.5,1,9,4,0.9,0.9285714285714286,0.8470588235294118,0.9,0.8
549241ae002f7ffc,authoritative,257-512,384.5,1,3,4,0.8,0.875,0.7741935483870968,0.75,0.8
54d9c0bb2cbc7a84,baseline,65-128,96.5,2,0,3,0.6,0.6,0.0,0.0,0.6
54d9c0bb2cbc7a84,emotional,65-128,96.5,0,5,5,1.0,1.0,1.0,1.0,1.0
54d9c0bb2cbc7a84,authoritative,65-128,96.5,2,2,3,0.6,0.7142857142857143,0.5454545454545454,0.5,0.6
54f53d0764399f19,baseline,33-64,48.5,1,1,1,0.5,0.6666666666666666,0.5,0.5,0.5
54f53d0764399f19,emotional,33-64,48.5,1,0,1,0.5,0.5,0.0,0.0,0.5
54f53d0764399f19,authoritative,33-64,48.5,1,1,1,0.5,0.6666666666666666,0.5,0.5,0.5
55e4ff4da5c8aef0,baseline,1025-2048,1536.5,2,0,0,0.0,0.0,0.0,0.0,0.0
55e4ff4da5c8aef0,emotional,1025-2048,1536.5,2,0,0,0.0,0.0,0.0,0.0,0.0
55e4ff4da5c8aef0,authoritative,1025-2048,1536.5,2,0,0,0.0,0.0,0.0,0.0,0.0
5649a26460844596,baseline,0-2,1.0,0,3,3,1.0,1.0,1.0,1.0,1.0
5649a26460844596,emotional,0-2,1.0,0,3,3,1.0,1.0,1.0,1.0,1.0
5649a26460844596,authoritative,0-2,1.0,0,3,3,1.0,1.0,1.0,1.0,1.0
56784f65b70ec024,baseline,3-4,3.5,0,3,4,1.0,1.0,1.0,1.0,1.0
56784f65b70ec024,emotional,3-4,3.5,0,3,4,1.0,1.0,1.0,1.0,1.0
56784f65b70ec024,authoritative,3-4,3.5,0,4,4,1.0,1.0,1.0,1.0,1.0
5678fa682be5cd22,baseline,65-128,96.5,0,6,3,1.0,1.0,1.0,1.0,1.0
5678fa682be5cd22,emotional,65-128,96.5,0,5,3,1.0,1.0,1.0,1.0,1.0
5678fa682be5cd22,authoritative,65-128,96.5,0,4,3,1.0,1.0,1.0,1.0,1.0
5698e211fc5f03f8,baseline,3-4,3.5,0,3,4,1.0,1.0,1.0,1.0,1.0
5698e211fc5f03f8,emotional,3-4,3.5,0,4,4,1.0,1.0,1.0,1.0,1.0
5698e211fc5f03f8,authoritative,3-4,3.5,0,3,4,1.0,1.0,1.0,1.0,1.0
56c55d3ad953e1f1,baseline,5-8,6.5,0,4,3,1.0,1.0,1.0,1.0,1.0
56c55d3ad953e1f1,emotional,5-8,6.5,0,4,3,1.0,1.0,1.0,1.0,1.0
56c55d3ad953e1f1,authoritative,5-8,6.5,0,2,3,1.0,1.0,1.0,1.0,1.0
57575f4a1982c10c,baseline,9-16,12.5,0,2,2,1.0,1.0,1.0,1.0,1.0
57575f4a1982c10c,emotional,9-16,12.5,0,2,2,1.0,1.0,1.0,1.0,1.0
57575f4a1982c10c,authoritative,9-16,12.5,0,3,2,1.0,1.0,1.0,1.0,1.0
57ba2c481b59dade,baseline,65-128,96.5,0,6,10,1.0,1.0,1.0,1.0,1.0
57ba2c481b59dade,emotional,65-128,96.5,0,14,10,1.0,1.0,1.0,1.0,1.0
57ba2c481b59dade,authoritative,65-128,96.5,0,19,10,1.0,1.0,1.0,1.0,1.0
57e635bee7847b56,baseline,65-128,96.5,0,3,7,1.0,1.0,1.0,1.0,1.0
57e635bee7847b56,emotional,65-128,96.5,0,20,7,1.0,1.0,1.0,1.0,1.0
57e635bee7847b56,authoritative,65-128,96.5,2,8,5,0.8,0.8666666666666667,0.7547169811320755,0.8,0.7142857142857143
581bf72877b54e58,baseline,513-1024,768.5,0,10,3,1.0,1.0,1.0,1.0,1.0
581bf72877b54e58,emotional,513-1024,768.5,2,17,1,0.8947368421052632,0.9,0.4857142857142857,0.8947368421052632,0.3333333333333333
581bf72877b54e58,authoritative,513-1024,768.5,0,15,3,1.0,1.0,1.0,1.0,1.0
584a83caaf8b1ebb,baseline,33-64,48.5,0,0,1,1.0,1.0,0.0,nan,1.0
584a83caaf8b1ebb,emotional,33-64,48.5,0,2,1,1.0,1.0,1.0,1.0,1.0
584a83caaf8b1ebb,authoritative,33-64,48.5,0,2,1,1.0,1.0,1.0,1.0,1.0
58b9bd284740bc3b,baseline,33-64,48.5,0,6,5,1.0,1.0,1.0,1.0,1.0
58b9bd284740bc3b,emotional,33-64,48.5,0,10,5,1.0,1.0,1.0,1.0,1.0
58b9bd284740bc3b,authoritative,33-64,48.5,0,19,5,1.0,1.0,1.0,1.0,1.0
597950281aabce2f,baseline,1025-2048,1536.5,0,2,4,1.0,1.0,1.0,1.0,1.0
597950281aabce2f,emotional,1025-2048,1536.5,0,2,4,1.0,1.0,1.0,1.0,1.0
597950281aabce2f,authoritative,1025-2048,1536.5,0,3,4,1.0,1.0,1.0,1.0,1.0
598b3382b56ebf4d,baseline,3-4,3.5,0,0,4,1.0,1.0,0.0,nan,1.0
598b3382b56ebf4d,emotional,3-4,3.5,0,9,4,1.0,1.0,1.0,1.0,1.0
598b3382b56ebf4d,authoritative,3-4,3.5,0,6,4,1.0,1.0,1.0,1.0,1.0
59aa98e9d6cc6382,baseline,17-32,24.5,0,4,3,1.0,1.0,1.0,1.0,1.0
59aa98e9d6cc6382,emotional,17-32,24.5,0,18,3,1.0,1.0,1.0,1.0,1.0
59aa98e9d6cc6382,authoritative,17-32,24.5,0,6,3,1.0,1.0,1.0,1.0,1.0
59c4a439e3d1727c,baseline,1025-2048,1536.5,1,2,0,0.6666666666666667,0.6666666666666666,0.0,0.6666666666666666,0.0
59c4a439e3d1727c,emotional,1025-2048,1536.5,1,2,0,0.6666666666666667,0.6666666666666666,0.0,0.6666666666666666,0.0
59c4a439e3d1727c,authoritative,1025-2048,1536.5,1,0,0,0.0,0.0,0.0,0.0,0.0
5a58592edaab1666,baseline,129-256,192.5,0,4,6,1.0,1.0,1.0,1.0,1.0
5a58592edaab1666,emotional,129-256,192.5,0,4,6,1.0,1.0,1.0,1.0,1.0
5a58592edaab1666,authoritative,129-256,192.5,0,4,6,1.0,1.0,1.0,1.0,1.0
5ae46a5d06586edf,baseline,17-32,24.5,0,5,3,1.0,1.0,1.0,1.0,1.0
5ae46a5d06586edf,emotional,17-32,24.5,0,2,3,1.0,1.0,1.0,1.0,1.0
5ae46a5d06586edf,authoritative,17-32,24.5,0,11,3,1.0,1.0,1.0,1.0,1.0
5ae8d88841baf35d,baseline,257-512,384.5,0,8,3,1.0,1.0,1.0,1.0,1.0
5ae8d88841baf35d,emotional,257-512,384.5,0,4,3,1.0,1.0,1.0,1.0,1.0
5ae8d88841baf35d,authoritative,257-512,384.5,0,4,3,1.0,1.0,1.0,1.0,1.0
5af7b11562252d38,baseline,2049-4096,3072.5,6,0,0,0.0,0.0,0.0,0.0,0.0
5af7b11562252d38,emotional,2049-4096,3072.5,6,0,0,0.0,0.0,0.0,0.0,0.0
5af7b11562252d38,authoritative,2049-4096,3072.5,6,1,0,0.1428571428571429,0.14285714285714285,0.0,0.14285714285714285,0.0
5b14580402fd2461,baseline,513-1024,768.5,1,2,2,0.6666666666666667,0.8,0.6666666666666666,0.6666666666666666,0.6666666666666666
5b14580402fd2461,emotional,513-1024,768.5,1,2,2,0.6666666666666667,0.8,0.6666666666666666,0.6666666666666666,0.6666666666666666
5b14580402fd2461,authoritative,513-1024,768.5,0,6,3,1.0,1.0,1.0,1.0,1.0
5b616ec2db0370d0,baseline,129-256,192.5,0,5,5,1.0,1.0,1.0,1.0,1.0
5b616ec2db0370d0,emotional,129-256,192.5,0,9,5,1.0,1.0,1.0,1.0,1.0
5b616ec2db0370d0,authoritative,129-256,192.5,0,6,5,1.0,1.0,1.0,1.0,1.0
5c12382685daf19c,baseline,513-1024,768.5,1,3,2,0.75,0.8333333333333334,0.7058823529411765,0.75,0.6666666666666666
5c12382685daf19c,emotional,513-1024,768.5,1,3,2,0.75,0.8333333333333334,0.7058823529411765,0.75,0.6666666666666666
5c12382685daf19c,authoritative,513-1024,768.5,1,3,2,0.75,0.8333333333333334,0.7058823529411765,0.75,0.6666666666666666
5c29931295f72199,baseline,129-256,192.5,4,0,0,0.0,0.0,0.0,0.0,0.0
5c29931295f72199,emotional,129-256,192.5,3,1,1,0.25,0.4,0.25,0.25,0.25
5c29931295f72199,authoritative,129-256,192.5,0,4,4,1.0,1.0,1.0,1.0,1.0
5c854593430dd5bf,baseline,3-4,3.5,0,4,1,1.0,1.0,1.0,1.0,1.0
5c854593430dd5bf,emotional,3-4,3.5,0,6,1,1.0,1.0,1.0,1.0,1.0
5c854593430dd5bf,authoritative,3-4,3.5,0,9,1,1.0,1.0,1.0,1.0,1.0
5c871f26ee4adfa9,baseline,129-256,192.5,1,1,1,0.5,0.6666666666666666,0.5,0.5,0.5
5c871f26ee4adfa9,emotional,129-256,192.5,1,1,1,0.5,0.6666666666666666,0.5,0.5,0.5
5c871f26ee4adfa9,authoritative,129-256,192.5,1,1,1,0.5,0.6666666666666666,0.5,0.5,0.5
5c9c48689b7df887,baseline,129-256,192.5,0,3,6,1.0,1.0,1.0,1.0,1.0
5c9c48689b7df887,emotional,129-256,192.5,1,6,5,0.8571428571428572,0.9166666666666666,0.8450704225352113,0.8571428571428571,0.8333333333333334
5c9c48689b7df887,authoritative,129-256,192.5,0,3,6,1.0,1.0,1.0,1.0,1.0
5d02d273e7363c68,baseline,257-512,384.5,0,4,8,1.0,1.0,1.0,1.0,1.0
5d02d273e7363c68,emotional,257-512,384.5,0,6,8,1.0,1.0,1.0,1.0,1.0
5d02d273e7363c68,authoritative,257-512,384.5,0,5,8,1.0,1.0,1.0,1.0,1.0
5daa5aef34682446,baseline,257-512,384.5,2,2,0,0.5,0.5,0.0,0.5,0.0
5daa5aef34682446,emotional,257-512,384.5,1,7,1,0.875,0.8888888888888888,0.6363636363636364,0.875,0.5
5daa5aef34682446,authoritative,257-512,384.5,2,2,0,0.5,0.5,0.0,0.5,0.0
5dea79233c5a3b49,baseline,65-128,96.5,0,5,4,1.0,1.0,1.0,1.0,1.0
5dea79233c5a3b49,emotional,65-128,96.5,0,3,4,1.0,1.0,1.0,1.0,1.0
5dea79233c5a3b49,authoritative,65-128,96.5,0,11,4,1.0,1.0,1.0,1.0,1.0
5e2b550ca0623e1f,baseline,3-4,3.5,0,0,5,1.0,1.0,0.0,nan,1.0
5e2b550ca0623e1f,emotional,3-4,3.5,0,7,5,1.0,1.0,1.0,1.0,1.0
5e2b550ca0623e1f,authoritative,3-4,3.5,0,7,5,1.0,1.0,1.0,1.0,1.0
5e5a31105664a0c0,baseline,257-512,384.5,0,15,1,1.0,1.0,1.0,1.0,1.0
5e5a31105664a0c0,emotional,257-512,384.5,0,3,1,1.0,1.0,1.0,1.0,1.0
5e5a31105664a0c0,authoritative,257-512,384.5,0,2,1,1.0,1.0,1.0,1.0,1.0
5e62c8437f5f149d,baseline,5-8,6.5,0,8,5,1.0,1.0,1.0,1.0,1.0
5e62c8437f5f149d,emotional,5-8,6.5,0,8,5,1.0,1.0,1.0,1.0,1.0
5e62c8437f5f149d,authoritative,5-8,6.5,0,20,5,1.0,1.0,1.0,1.0,1.0
5ed90a62e3b7a40e,baseline,5-8,6.5,0,2,2,1.0,1.0,1.0,1.0,1.0
5ed90a62e3b7a40e,emotional,5-8,6.5,0,2,2,1.0,1.0,1.0,1.0,1.0
5ed90a62e3b7a40e,authoritative,5-8,6.5,0,2,2,1.0,1.0,1.0,1.0,1.0
5f2e20fbe86b74bd,baseline,129-256,192.5,0,5,7,1.0,1.0,1.0,1.0,1.0
5f2e20fbe86b74bd,emotional,129-256,192.5,0,7,7,1.0,1.0,1.0,1.0,1.0
5f2e20fbe86b74bd,authoritative,129-256,192.5,0,8,7,1.0,1.0,1.0,1.0,1.0
5f3dfb56e12f238e,baseline,0-2,1.0,0,4,3,1.0,1.0,1.0,1.0,1.0
5f3dfb56e12f238e,emotional,0-2,1.0,0,3,3,1.0,1.0,1.0,1.0,1.0
5f3dfb56e12f238e,authoritative,0-2,1.0,0,4,3,1.0,1.0,1.0,1.0,1.0
5f4fe46fbe0ed15b,baseline,3-4,3.5,0,3,2,1.0,1.0,1.0,1.0,1.0
5f4fe46fbe0ed15b,emotional,3-4,3.5,0,6,2,1.0,1.0,1.0,1.0,1.0
5f4fe46fbe0ed15b,authoritative,3-4,3.5,0,3,2,1.0,1.0,1.0,1.0,1.0
5f58a72050bc2aad,baseline,257-512,384.5,0,1,1,1.0,1.0,1.0,1.0,1.0
5f58a72050bc2aad,emotional,257-512,384.5,0,3,1,1.0,1.0,1.0,1.0,1.0
5f58a72050bc2aad,authoritative,257-512,384.5,0,2,1,1.0,1.0,1.0,1.0,1.0
5f58fbe9380444f8,baseline,3-4,3.5,0,2,2,1.0,1.0,1.0,1.0,1.0
5f58fbe9380444f8,emotional,3-4,3.5,0,3,2,1.0,1.0,1.0,1.0,1.0
5f58fbe9380444f8,authoritative,3-4,3.5,0,2,2,1.0,1.0,1.0,1.0,1.0
5f5a2fe8d1e18842,baseline,5-8,6.5,0,6,6,1.0,1.0,1.0,1.0,1.0
5f5a2fe8d1e18842,emotional,5-8,6.5,1,4,5,0.8333333333333334,0.9,0.8163265306122449,0.8,0.8333333333333334
5f5a2fe8d1e18842,authoritative,5-8,6.5,0,5,6,1.0,1.0,1.0,1.0,1.0
5f5e9fd14d6e97ab,baseline,0-2,1.0,0,2,2,1.0,1.0,1.0,1.0,1.0
5f5e9fd14d6e97ab,emotional,0-2,1.0,0,4,2,1.0,1.0,1.0,1.0,1.0
5f5e9fd14d6e97ab,authoritative,0-2,1.0,0,2,2,1.0,1.0,1.0,1.0,1.0
5f7557d070ed087f,baseline,33-64,48.5,1,2,1,0.6666666666666667,0.75,0.5714285714285714,0.6666666666666666,0.5
5f7557d070ed087f,emotional,33-64,48.5,1,1,1,0.5,0.6666666666666666,0.5,0.5,0.5
5f7557d070ed087f,authoritative,33-64,48.5,1,2,1,0.6666666666666667,0.75,0.5714285714285714,0.6666666666666666,0.5
5f77907a1ddca335,baseline,513-1024,768.5,0,3,8,1.0,1.0,1.0,1.0,1.0
5f77907a1ddca335,emotional,513-1024,768.5,3,10,5,0.7692307692307692,0.8333333333333334,0.6896551724137931,0.7692307692307693,0.625
5f77907a1ddca335,authoritative,513-1024,768.5,0,3,8,1.0,1.0,1.0,1.0,1.0
5f97fa62f8f99d48,baseline,17-32,24.5,2,1,3,0.6,0.6666666666666666,0.42857142857142855,0.3333333333333333,0.6
5f97fa62f8f99d48,emotional,17-32,24.5,0,3,5,1.0,1.0,1.0,1.0,1.0
5f97fa62f8f99d48,authoritative,17-32,24.5,0,3,5,1.0,1.0,1.0,1.0,1.0
5fa73c739211881f,baseline,513-1024,768.5,0,2,5,1.0,1.0,1.0,1.0,1.0
5fa73c739211881f,emotional,513-1024,768.5,0,2,5,1.0,1.0,1.0,1.0,1.0
5fa73c739211881f,authoritative,513-1024,768.5,2,0,3,0.6,0.6,0.0,0.0,0.6
5fa78784008b017a,baseline,257-512,384.5,0,4,4,1.0,1.0,1.0,1.0,1.0
5fa78784008b017a,emotional,257-512,384.5,0,20,4,1.0,1.0,1.0,1.0,1.0
5fa78784008b017a,authoritative,257-512,384.5,0,7,4,1.0,1.0,1.0,1.0,1.0
5fe0e122bf5b00f8,baseline,257-512,384.5,0,4,7,1.0,1.0,1.0,1.0,1.0
5fe0e122bf5b00f8,emotional,257-512,384.5,0,10,7,1.0,1.0,1.0,1.0,1.0
5fe0e122bf5b00f8,authoritative,257-512,384.5,0,5,7,1.0,1.0,1.0,1.0,1.0
60103a3f086fd196,baseline,9-16,12.5,0,2,4,1.0,1.0,1.0,1.0,1.0
60103a3f086fd196,emotional,9-16,12.5,0,2,4,1.0,1.0,1.0,1.0,1.0
60103a3f086fd196,authoritative,9-16,12.5,0,3,4,1.0,1.0,1.0,1.0,1.0
608a518bb9ea4638,baseline,65-128,96.5,0,12,5,1.0,1.0,1.0,1.0,1.0
608a518bb9ea4638,emotional,65-128,96.5,0,7,5,1.0,1.0,1.0,1.0,1.0
608a518bb9ea4638,authoritative,65-128,96.5,0,20,5,1.0,1.0,1.0,1.0,1.0
613d67ebb4c95789,baseline,2049-4096,3072.5,1,1,3,0.75,0.8,0.6,0.5,0.75
613d67ebb4c95789,emotional,2049-4096,3072.5,0,2,4,1.0,1.0,1.0,1.0,1.0
613d67ebb4c95789,authoritative,2049-4096,3072.5,1,1,3,0.75,0.8,0.6,0.5,0.75
614b126e2b48000a,baseline,33-64,48.5,0,3,3,1.0,1.0,1.0,1.0,1.0
614b126e2b48000a,emotional,33-64,48.5,0,13,3,1.0,1.0,1.0,1.0,1.0
614b126e2b48000a,authoritative,33-64,48.5,0,26,3,1.0,1.0,1.0,1.0,1.0
614db3cc7e8653d6,baseline,0-2,1.0,0,2,1,1.0,1.0,1.0,1.0,1.0
614db3cc7e8653d6,emotional,0-2,1.0,0,1,1,1.0,1.0,1.0,1.0,1.0
614db3cc7e8653d6,authoritative,0-2,1.0,0,1,1,1.0,1.0,1.0,1.0,1.0
617c6d4e3cb6e016,baseline,1025-2048,1536.5,0,0,1,1.0,1.0,0.0,nan,1.0
617c6d4e3cb6e016,emotional,1025-2048,1536.5,0,1,1,1.0,1.0,1.0,1.0,1.0
617c6d4e3cb6e016,authoritative,1025-2048,1536.5,0,1,1,1.0,1.0,1.0,1.0,1.0
6186fe7ac22d419d,baseline,65-128,96.5,0,6,11,1.0,1.0,1.0,1.0,1.0
6186fe7ac22d419d,emotional,65-128,96.5,1,5,10,0.9090909090909091,0.9375,0.8695652173913043,0.8333333333333334,0.9090909090909091
6186fe7ac22d419d,authoritative,65-128,96.5,2,6,9,0.8181818181818181,0.8823529411764706,0.782608695652174,0.75,0.8181818181818182
61d4fa10988b6713,baseline,5-8,6.5,0,4,2,1.0,1.0,1.0,1.0,1.0
61d4fa10988b6713,emotional,5-8,6.5,0,5,2,1.0,1.0,1.0,1.0,1.0
61d4fa10988b6713,authoritative,5-8,6.5,0,5,2,1.0,1.0,1.0,1.0,1.0
6217bda2c0605e0c,baseline,513-1024,768.5,2,2,3,0.6,0.7142857142857143,0.5454545454545454,0.5,0.6
6217bda2c0605e0c,emotional,513-1024,768.5,4,1,1,0.19999999999999996,0.3333333333333333,0.2,0.2,0.2
6217bda2c0605e0c,authoritative,513-1024,768.5,0,2,5,1.0,1.0,1.0,1.0,1.0
62b1fbe3055a50b0,baseline,9-16,12.5,0,3,2,1.0,1.0,1.0,1.0,1.0
62b1fbe3055a50b0,emotional,9-16,12.5,0,4,2,1.0,1.0,1.0,1.0,1.0
62b1fbe3055a50b0,authoritative,9-16,12.5,0,4,2,1.0,1.0,1.0,1.0,1.0
6428a165a62e0931,baseline,129-256,192.5,1,2,2,0.6666666666666667,0.8,0.6666666666666666,0.6666666666666666,0.6666666666666666
6428a165a62e0931,emotional,129-256,192.5,1,2,2,0.6666666666666667,0.8,0.6666666666666666,0.6666666666666666,0.6666666666666666
6428a165a62e0931,authoritative,129-256,192.5,1,2,2,0.6666666666666667,0.8,0.6666666666666666,0.6666666666666666,0.6666666666666666
642f461cfdab1784,baseline,1025-2048,1536.5,2,0,2,0.5,0.5,0.0,0.0,0.5
642f461cfdab1784,emotional,1025-2048,1536.5,2,0,2,0.5,0.5,0.0,0.0,0.5
642f461cfdab1784,authoritative,1025-2048,1536.5,2,0,2,0.5,0.5,0.0,0.0,0.5
64f5b1f3b4ce1470,baseline,1025-2048,1536.5,3,7,3,0.7,0.7692307692307693,0.5833333333333334,0.7,0.5
64f5b1f3b4ce1470,emotional,1025-2048,1536.5,3,7,3,0.7,0.7692307692307693,0.5833333333333334,0.7,0.5
64f5b1f3b4ce1470,authoritative,1025-2048,1536.5,3,7,3,0.7,0.7692307692307693,0.5833333333333334,0.7,0.5
6503e44915f4fd91,baseline,257-512,384.5,0,1,1,1.0,1.0,1.0,1.0,1.0
6503e44915f4fd91,emotional,257-512,384.5,0,1,1,1.0,1.0,1.0,1.0,1.0
6503e44915f4fd91,authoritative,257-512,384.5,0,1,1,1.0,1.0,1.0,1.0,1.0
65326f6fac707277,baseline,9-16,12.5,3,1,2,0.4,0.5,0.3076923076923077,0.25,0.4
65326f6fac707277,emotional,9-16,12.5,3,0,2,0.4,0.4,0.0,0.0,0.4
65326f6fac707277,authoritative,9-16,12.5,3,1,2,0.4,0.5,0.3076923076923077,0.25,0.4
6538117e39c42d62,baseline,65-128,96.5,0,2,2,1.0,1.0,1.0,1.0,1.0
6538117e39c42d62,emotional,65-128,96.5,0,2,2,1.0,1.0,1.0,1.0,1.0
6538117e39c42d62,authoritative,65-128,96.5,0,2,2,1.0,1.0,1.0,1.0,1.0
654b559736c09fc1,baseline,0-2,1.0,0,3,1,1.0,1.0,1.0,1.0,1.0
654b559736c09fc1,emotional,0-2,1.0,0,2,1,1.0,1.0,1.0,1.0,1.0
654b559736c09fc1,authoritative,0-2,1.0,0,3,1,1.0,1.0,1.0,1.0,1.0
65c03395034b2a0e,baseline,1025-2048,1536.5,1,2,0,0.6666666666666667,0.6666666666666666,0.0,0.6666666666666666,0.0
65c03395034b2a0e,emotional,1025-2048,1536.5,1,0,0,0.0,0.0,0.0,0.0,0.0
65c03395034b2a0e,authoritative,1025-2048,1536.5,0,2,1,1.0,1.0,1.0,1.0,1.0
65d386e8136a1a65,baseline,65-128,96.5,2,3,0,0.6,0.6,0.0,0.6,0.0
65d386e8136a1a65,emotional,65-128,96.5,1,2,1,0.6666666666666667,0.75,0.5714285714285714,0.6666666666666666,0.5
65d386e8136a1a65,authoritative,65-128,96.5,2,1,0,0.33333333333333337,0.3333333333333333,0.0,0.3333333333333333,0.0
65f1f03cfd6015e5,baseline,33-64,48.5,0,5,4,1.0,1.0,1.0,1.0,1.0
65f1f03cfd6015e5,emotional,33-64,48.5,0,3,4,1.0,1.0,1.0,1.0,1.0
65f1f03cfd6015e5,authoritative,33-64,48.5,0,4,4,1.0,1.0,1.0,1.0,1.0
6603c34a685aa7ff,baseline,9-16,12.5,0,4,4,1.0,1.0,1.0,1.0,1.0
6603c34a685aa7ff,emotional,9-16,12.5,0,12,4,1.0,1.0,1.0,1.0,1.0
6603c34a685aa7ff,authoritative,9-16,12.5,0,19,4,1.0,1.0,1.0,1.0,1.0
66ccbaaa93c4737e,baseline,9-16,12.5,1,1,2,0.6666666666666667,0.75,0.5714285714285714,0.5,0.6666666666666666
66ccbaaa93c4737e,emotional,9-16,12.5,1,2,2,0.6666666666666667,0.8,0.6666666666666666,0.6666666666666666,0.6666666666666666
66ccbaaa93c4737e,authoritative,9-16,12.5,0,3,3,1.0,1.0,1.0,1.0,1.0
66f7b3aaf0a3923f,baseline,65-128,96.5,0,3,3,1.0,1.0,1.0,1.0,1.0
66f7b3aaf0a3923f,emotional,65-128,96.5,0,3,3,1.0,1.0,1.0,1.0,1.0
66f7b3aaf0a3923f,authoritative,65-128,96.5,0,2,3,1.0,1.0,1.0,1.0,1.0
670ae22613d7073a,baseline,65-128,96.5,0,6,9,1.0,1.0,1.0,1.0,1.0
670ae22613d7073a,emotional,65-128,96.5,0,6,9,1.0,1.0,1.0,1.0,1.0
670ae22613d7073a,authoritative,65-128,96.5,0,8,9,1.0,1.0,1.0,1.0,1.0
676b0a37656f3c57,baseline,513-1024,768.5,0,2,2,1.0,1.0,1.0,1.0,1.0
676b0a37656f3c57,emotional,513-1024,768.5,0,2,2,1.0,1.0,1.0,1.0,1.0
676b0a37656f3c57,authoritative,513-1024,768.5,0,7,2,1.0,1.0,1.0,1.0,1.0
67708659bcb682e4,baseline,33-64,48.5,0,3,2,1.0,1.0,1.0,1.0,1.0
67708659bcb682e4,emotional,33-64,48.5,0,5,2,1.0,1.0,1.0,1.0,1.0
67708659bcb682e4,authoritative,33-64,48.5,0,2,2,1.0,1.0,1.0,1.0,1.0
6784c403c61d316d,baseline,1025-2048,1536.5,1,2,1,0.6666666666666667,0.75,0.5714285714285714,0.6666666666666666,0.5
6784c403c61d316d,emotional,1025-2048,1536.5,0,3,2,1.0,1.0,1.0,1.0,1.0
6784c403c61d316d,authoritative,1025-2048,1536.5,1,2,1,0.6666666666666667,0.75,0.5714285714285714,0.6666666666666666,0.5
68273e9c3e2bf8c7,baseline,9-16,12.5,1,2,1,0.6666666666666667,0.75,0.5714285714285714,0.6666666666666666,0.5
68273e9c3e2bf8c7,emotional,9-16,12.5,1,2,1,0.6666666666666667,0.75,0.5714285714285714,0.6666666666666666,0.5
68273e9c3e2bf8c7,authoritative,9-16,12.5,1,3,1,0.75,0.8,0.6,0.75,0.5
684c9ba3282d8e3e,baseline,513-1024,768.5,0,2,1,1.0,1.0,1.0,1.0,1.0
684c9ba3282d8e3e,emotional,513-1024,768.5,0,1,1,1.0,1.0,1.0,1.0,1.0
684c9ba3282d8e3e,authoritative,513-1024,768.5,0,2,1,1.0,1.0,1.0,1.0,1.0
68557b6051d29952,baseline,9-16,12.5,0,5,4,1.0,1.0,1.0,1.0,1.0
68557b6051d29952,emotional,9-16,12.5,1,11,3,0.9166666666666666,0.9333333333333333,0.825,0.9166666666666666,0.75
68557b6051d29952,authoritative,9-16,12.5,1,17,3,0.9444444444444444,0.9523809523809523,0.8360655737704918,0.9444444444444444,0.75
686192e0f16b7862,baseline,65-128,96.5,0,3,3,1.0,1.0,1.0,1.0,1.0
686192e0f16b7862,emotional,65-128,96.5,0,4,3,1.0,1.0,1.0,1.0,1.0
686192e0f16b7862,authoritative,65-128,96.5,0,3,3,1.0,1.0,1.0,1.0,1.0
68d2502559b4ca84,baseline,1025-2048,1536.5,0,6,12,1.0,1.0,1.0,1.0,1.0
68d2502559b4ca84,emotional,1025-2048,1536.5,0,6,12,1.0,1.0,1.0,1.0,1.0
68d2502559b4ca84,authoritative,1025-2048,1536.5,1,13,11,0.9285714285714286,0.96,0.9225806451612903,0.9285714285714286,0.9166666666666666
6964d3b215abbb92,baseline,3-4,3.5,2,2,0,0.5,0.5,0.0,0.5,0.0
6964d3b215abbb92,emotional,3-4,3.5,1,6,1,0.8571428571428572,0.875,0.631578947368421,0.8571428571428571,0.5
6964d3b215abbb92,authoritative,3-4,3.5,2,8,0,0.8,0.8,0.0,0.8,0.0
699de91be571632a,baseline,3-4,3.5,0,4,4,1.0,1.0,1.0,1.0,1.0
699de91be571632a,emotional,3-4,3.5,2,2,2,0.5,0.6666666666666666,0.5,0.5,0.5
699de91be571632a,authoritative,3-4,3.5,3,0,1,0.25,0.25,0.0,0.0,0.25
69e2f045430c8168,baseline,129-256,192.5,4,1,3,0.4285714285714286,0.5,0.2727272727272727,0.2,0.42857142857142855
69e2f045430c8168,emotional,129-256,192.5,0,5,7,1.0,1.0,1.0,1.0,1.0
69e2f045430c8168,authoritative,129-256,192.5,1,6,6,0.8571428571428572,0.9230769230769231,0.8571428571428571,0.8571428571428571,0.8571428571428571
6a0565b530eedd33,baseline,0-2,1.0,0,4,2,1.0,1.0,1.0,1.0,1.0
6a0565b530eedd33,emotional,0-2,1.0,0,4,2,1.0,1.0,1.0,1.0,1.0
6a0565b530eedd33,authoritative,0-2,1.0,0,6,2,1.0,1.0,1.0,1.0,1.0
6a7410697e4fd1e4,baseline,65-128,96.5,0,4,6,1.0,1.0,1.0,1.0,1.0
6a7410697e4fd1e4,emotional,65-128,96.5,0,0,6,1.0,1.0,0.0,nan,1.0
6a7410697e4fd1e4,authoritative,65-128,96.5,0,6,6,1.0,1.0,1.0,1.0,1.0
6acd6f31f29156d7,baseline,9-16,12.5,1,4,4,0.8,0.8888888888888888,0.8,0.8,0.8
6acd6f31f29156d7,emotional,9-16,12.5,1,6,4,0.8571428571428572,0.9090909090909091,0.8275862068965517,0.8571428571428571,0.8
6acd6f31f29156d7,authoritative,9-16,12.5,0,6,5,1.0,1.0,1.0,1.0,1.0
6ad6518741d075e9,baseline,513-1024,768.5,2,3,6,0.75,0.8181818181818182,0.6666666666666666,0.6,0.75
6ad6518741d075e9,emotional,513-1024,768.5,5,2,3,0.375,0.5,0.32432432432432434,0.2857142857142857,0.375
6ad6518741d075e9,authoritative,513-1024,768.5,1,9,7,0.9,0.9411764705882353,0.8873239436619719,0.9,0.875
6adcebdd2560449a,baseline,257-512,384.5,0,5,3,1.0,1.0,1.0,1.0,1.0
6adcebdd2560449a,emotional,257-512,384.5,0,5,3,1.0,1.0,1.0,1.0,1.0
6adcebdd2560449a,authoritative,257-512,384.5,1,2,2,0.6666666666666667,0.8,0.6666666666666666,0.6666666666666666,0.6666666666666666
6af8540073ee365f,baseline,129-256,192.5,0,3,7,1.0,1.0,1.0,1.0,1.0
6af8540073ee365f,emotional,129-256,192.5,0,3,7,1.0,1.0,1.0,1.0,1.0
6af8540073ee365f,authoritative,129-256,192.5,0,6,7,1.0,1.0,1.0,1.0,1.0
6b7eaf2312601468,baseline,129-256,192.5,0,3,2,1.0,1.0,1.0,1.0,1.0
6b7eaf2312601468,emotional,129-256,192.5,0,4,2,1.0,1.0,1.0,1.0,1.0
6b7eaf2312601468,authoritative,129-256,192.5,0,4,2,1.0,1.0,1.0,1.0,1.0
6bae7b84fcd83bb7,baseline,65-128,96.5,0,11,13,1.0,1.0,1.0,1.0,1.0
6bae7b84fcd83bb7,emotional,65-128,96.5,1,7,12,0.9230769230769231,0.95,0.8983957219251337,0.875,0.9230769230769231
6bae7b84fcd83bb7,authoritative,65-128,96.5,1,8,12,0.9230769230769231,0.9523809523809523,0.9056603773584906,0.8888888888888888,0.9230769230769231
6c0116833984507c,baseline,3-4,3.5,0,3,1,1.0,1.0,1.0,1.0,1.0
6c0116833984507c,emotional,3-4,3.5,0,3,1,1.0,1.0,1.0,1.0,1.0
6c0116833984507c,authoritative,3-4,3.5,0,2,1,1.0,1.0,1.0,1.0,1.0
6c2b4f50611d11bd,baseline,5-8,6.5,0,3,3,1.0,1.0,1.0,1.0,1.0
6c2b4f50611d11bd,emotional,5-8,6.5,0,4,3,1.0,1.0,1.0,1.0,1.0
6c2b4f50611d11bd,authoritative,5-8,6.5,0,5,3,1.0,1.0,1.0,1.0,1.0
6c6fd2259f8dd45d,baseline,9-16,12.5,0,2,1,1.0,1.0,1.0,1.0,1.0
6c6fd2259f8dd45d,emotional,9-16,12.5,0,3,1,1.0,1.0,1.0,1.0,1.0
6c6fd2259f8dd45d,authoritative,9-16,12.5,0,3,1,1.0,1.0,1.0,1.0,1.0
6c8464b0d54b841e,baseline,3-4,3.5,0,3,5,1.0,1.0,1.0,1.0,1.0
6c8464b0d54b841e,emotional,3-4,3.5,0,15,5,1.0,1.0,1.0,1.0,1.0
6c8464b0d54b841e,authoritative,3-4,3.5,0,6,5,1.0,1.0,1.0,1.0,1.0
6cf59de8389cb568,baseline,33-64,48.5,1,2,2,0.6666666666666667,0.8,0.6666666666666666,0.6666666666666666,0.6666666666666666
6cf59de8389cb568,emotional,33-64,48.5,2,1,1,0.33333333333333337,0.5,0.3333333333333333,0.3333333333333333,0.3333333333333333
6cf59de8389cb568,authoritative,33-64,48.5,2,1,1,0.33333333333333337,0.5,0.3333333333333333,0.3333333333333333,0.3333333333333333
6d8a4682f3176ad3,baseline,513-1024,768.5,0,3,3,1.0,1.0,1.0,1.0,1.0
6d8a4682f3176ad3,emotional,513-1024,768.5,3,1,0,0.25,0.25,0.0,0.25,0.0
6d8a4682f3176ad3,authoritative,513-1024,768.5,3,0,0,0.0,0.0,0.0,0.0,0.0
6d8c51f4db5a650a,baseline,33-64,48.5,3,0,0,0.0,0.0,0.0,0.0,0.0
6d8c51f4db5a650a,emotional,33-64,48.5,3,0,0,0.0,0.0,0.0,0.0,0.0
6d8c51f4db5a650a,authoritative,33-64,48.5,3,0,0,0.0,0.0,0.0,0.0,0.0
6d95118d19a6726c,baseline,33-64,48.5,0,4,7,1.0,1.0,1.0,1.0,1.0
6d95118d19a6726c,emotional,33-64,48.5,0,2,7,1.0,1.0,1.0,1.0,1.0
6d95118d19a6726c,authoritative,33-64,48.5,0,3,7,1.0,1.0,1.0,1.0,1.0
6dc95748ff42bb1b,baseline,129-256,192.5,0,2,3,1.0,1.0,1.0,1.0,1.0
6dc95748ff42bb1b,emotional,129-256,192.5,0,3,3,1.0,1.0,1.0,1.0,1.0
6dc95748ff42bb1b,authoritative,129-256,192.5,0,2,3,1.0,1.0,1.0,1.0,1.0
6de8a27afc2dcf40,baseline,513-1024,768.5,0,3,3,1.0,1.0,1.0,1.0,1.0
6de8a27afc2dcf40,emotional,513-1024,768.5,3,0,0,0.0,0.0,0.0,0.0,0.0
6de8a27afc2dcf40,authoritative,513-1024,768.5,3,0,0,0.0,0.0,0.0,0.0,0.0
6f058c1819c4a7c8,baseline,513-1024,768.5,0,13,8,1.0,1.0,1.0,1.0,1.0
6f058c1819c4a7c8,emotional,513-1024,768.5,0,19,8,1.0,1.0,1.0,1.0,1.0
6f058c1819c4a7c8,authoritative,513-1024,768.5,0,13,8,1.0,1.0,1.0,1.0,1.0
6f481fdd307d4108,baseline,0-2,1.0,0,3,1,1.0,1.0,1.0,1.0,1.0
6f481fdd307d4108,emotional,0-2,1.0,0,6,1,1.0,1.0,1.0,1.0,1.0
6f481fdd307d4108,authoritative,0-2,1.0,0,10,1,1.0,1.0,1.0,1.0,1.0
6f851c88014b29bd,baseline,33-64,48.5,0,3,4,1.0,1.0,1.0,1.0,1.0
6f851c88014b29bd,emotional,33-64,48.5,0,3,4,1.0,1.0,1.0,1.0,1.0
6f851c88014b29bd,authoritative,33-64,48.5,0,3,4,1.0,1.0,1.0,1.0,1.0
70a9feb75723fa6c,baseline,257-512,384.5,0,6,9,1.0,1.0,1.0,1.0,1.0
70a9feb75723fa6c,emotional,257-512,384.5,0,8,9,1.0,1.0,1.0,1.0,1.0
70a9feb75723fa6c,authoritative,257-512,384.5,0,8,9,1.0,1.0,1.0,1.0,1.0
70eee9b54311e0be,baseline,9-16,12.5,0,3,2,1.0,1.0,1.0,1.0,1.0
70eee9b54311e0be,emotional,9-16,12.5,0,3,2,1.0,1.0,1.0,1.0,1.0
70eee9b54311e0be,authoritative,9-16,12.5,0,2,2,1.0,1.0,1.0,1.0,1.0
71427a4be2f865bc,baseline,2049-4096,3072.5,2,0,0,0.0,0.0,0.0,0.0,0.0
71427a4be2f865bc,emotional,2049-4096,3072.5,2,0,0,0.0,0.0,0.0,0.0,0.0
71427a4be2f865bc,authoritative,2049-4096,3072.5,2,0,0,0.0,0.0,0.0,0.0,0.0
71f012930ba6bc7f,baseline,4097+,5000.0,3,0,0,0.0,0.0,0.0,0.0,0.0
71f012930ba6bc7f,emotional,4097+,5000.0,3,0,0,0.0,0.0,0.0,0.0,0.0
71f012930ba6bc7f,authoritative,4097+,5000.0,3,0,0,0.0,0.0,0.0,0.0,0.0
720035d59f47ac4d,baseline,5-8,6.5,0,2,1,1.0,1.0,1.0,1.0,1.0
720035d59f47ac4d,emotional,5-8,6.5,0,1,1,1.0,1.0,1.0,1.0,1.0
720035d59f47ac4d,authoritative,5-8,6.5,0,1,1,1.0,1.0,1.0,1.0,1.0
72444fe5f75851c0,baseline,513-1024,768.5,0,2,1,1.0,1.0,1.0,1.0,1.0
72444fe5f75851c0,emotional,513-1024,768.5,1,0,0,0.0,0.0,0.0,0.0,0.0
72444fe5f75851c0,authoritative,513-1024,768.5,1,0,0,0.0,0.0,0.0,0.0,0.0
736daf00cf8d41d8,baseline,2049-4096,3072.5,1,4,3,0.8,0.875,0.7741935483870968,0.8,0.75
736daf00cf8d41d8,emotional,2049-4096,3072.5,1,4,3,0.8,0.875,0.7741935483870968,0.8,0.75
736daf00cf8d41d8,authoritative,2049-4096,3072.5,2,2,2,0.5,0.6666666666666666,0.5,0.5,0.5
7432d212acbf3fda,baseline,9-16,12.5,1,6,1,0.8571428571428572,0.875,0.631578947368421,0.8571428571428571,0.5
7432d212acbf3fda,emotional,9-16,12.5,0,6,2,1.0,1.0,1.0,1.0,1.0
7432d212acbf3fda,authoritative,9-16,12.5,0,3,2,1.0,1.0,1.0,1.0,1.0
7454146ba8022ed3,baseline,5-8,6.5,1,2,2,0.6666666666666667,0.8,0.6666666666666666,0.6666666666666666,0.6666666666666666
7454146ba8022ed3,emotional,5-8,6.5,1,8,2,0.8888888888888888,0.9090909090909091,0.7619047619047619,0.8888888888888888,0.6666666666666666
7454146ba8022ed3,authoritative,5-8,6.5,0,3,3,1.0,1.0,1.0,1.0,1.0
74913bccbc4731ec,baseline,65-128,96.5,0,4,6,1.0,1.0,1.0,1.0,1.0
74913bccbc4731ec,emotional,65-128,96.5,0,4,6,1.0,1.0,1.0,1.0,1.0
74913bccbc4731ec,authoritative,65-128,96.5,0,4,6,1.0,1.0,1.0,1.0,1.0
74cf74b3d10c01ad,baseline,1025-2048,1536.5,6,0,0,0.0,0.0,0.0,0.0,0.0
74cf74b3d10c01ad,emotional,1025-2048,1536.5,6,0,0,0.0,0.0,0.0,0.0,0.0
74cf74b3d10c01ad,authoritative,1025-2048,1536.5,3,1,3,0.5,0.5714285714285714,0.3333333333333333,0.25,0.5
74fdfea8a9f24251,baseline,2049-4096,3072.5,4,3,3,0.4285714285714286,0.6,0.42857142857142855,0.42857142857142855,0.42857142857142855
74fdfea8a9f24251,emotional,2049-4096,3072.5,1,3,6,0.8571428571428572,0.9,0.8,0.75,0.8571428571428571
74fdfea8a9f24251,authoritative,2049-4096,3072.5,1,2,6,0.8571428571428572,0.8888888888888888,0.75,0.6666666666666666,0.8571428571428571
7532c08a5df2e46c,baseline,17-32,24.5,0,4,2,1.0,1.0,1.0,1.0,1.0
7532c08a5df2e46c,emotional,17-32,24.5,0,5,2,1.0,1.0,1.0,1.0,1.0
7532c08a5df2e46c,authoritative,17-32,24.5,0,4,2,1.0,1.0,1.0,1.0,1.0
7595d533b6709940,baseline,3-4,3.5,0,1,1,1.0,1.0,1.0,1.0,1.0
7595d533b6709940,emotional,3-4,3.5,0,1,1,1.0,1.0,1.0,1.0,1.0
7595d533b6709940,authoritative,3-4,3.5,0,1,1,1.0,1.0,1.0,1.0,1.0
75cb9227cb72326f,baseline,3-4,3.5,0,3,3,1.0,1.0,1.0,1.0,1.0
75cb9227cb72326f,emotional,3-4,3.5,0,4,3,1.0,1.0,1.0,1.0,1.0
75cb9227cb72326f,authoritative,3-4,3.5,0,3,3,1.0,1.0,1.0,1.0,1.0
75f41d6af422a378,baseline,33-64,48.5,0,6,4,1.0,1.0,1.0,1.0,1.0
75f41d6af422a378,emotional,33-64,48.5,0,6,4,1.0,1.0,1.0,1.0,1.0
75f41d6af422a378,authoritative,33-64,48.5,0,19,4,1.0,1.0,1.0,1.0,1.0
76283a380aa2818b,baseline,0-2,1.0,0,3,3,1.0,1.0,1.0,1.0,1.0
76283a380aa2818b,emotional,0-2,1.0,0,4,3,1.0,1.0,1.0,1.0,1.0
76283a380aa2818b,authoritative,0-2,1.0,0,8,3,1.0,1.0,1.0,1.0,1.0
7660b06a09fcfbaf,baseline,33-64,48.5,0,3,2,1.0,1.0,1.0,1.0,1.0
7660b06a09fcfbaf,emotional,33-64,48.5,0,3,2,1.0,1.0,1.0,1.0,1.0
7660b06a09fcfbaf,authoritative,33-64,48.5,0,4,2,1.0,1.0,1.0,1.0,1.0
766a7c85c08a2327,baseline,3-4,3.5,0,2,1,1.0,1.0,1.0,1.0,1.0
766a7c85c08a2327,emotional,3-4,3.5,0,2,1,1.0,1.0,1.0,1.0,1.0
766a7c85c08a2327,authoritative,3-4,3.5,0,2,1,1.0,1.0,1.0,1.0,1.0
767f938392d40d75,baseline,257-512,384.5,0,0,7,1.0,1.0,0.0,nan,1.0
767f938392d40d75,emotional,257-512,384.5,0,4,7,1.0,1.0,1.0,1.0,1.0
767f938392d40d75,authoritative,257-512,384.5,0,7,7,1.0,1.0,1.0,1.0,1.0
769fef61fa964b2e,baseline,0-2,1.0,0,4,3,1.0,1.0,1.0,1.0,1.0
769fef61fa964b2e,emotional,0-2,1.0,0,5,3,1.0,1.0,1.0,1.0,1.0
769fef61fa964b2e,authoritative,0-2,1.0,0,4,3,1.0,1.0,1.0,1.0,1.0
76a00de1ca54a8f1,baseline,513-1024,768.5,0,5,4,1.0,1.0,1.0,1.0,1.0
76a00de1ca54a8f1,emotional,513-1024,768.5,0,5,4,1.0,1.0,1.0,1.0,1.0
76a00de1ca54a8f1,authoritative,513-1024,768.5,3,1,1,0.25,0.4,0.25,0.25,0.25
770393d92b6ee3d2,baseline,4097+,5000.0,0,0,10,1.0,1.0,0.0,nan,1.0
770393d92b6ee3d2,emotional,4097+,5000.0,10,0,0,0.0,0.0,0.0,0.0,0.0
770393d92b6ee3d2,authoritative,4097+,5000.0,8,2,2,0.19999999999999996,0.3333333333333333,0.2,0.2,0.2
770ea5e2c70fd0a1,baseline,0-2,1.0,2,4,3,0.6666666666666667,0.7777777777777778,0.631578947368421,0.6666666666666666,0.6
770ea5e2c70fd0a1,emotional,0-2,1.0,0,20,5,1.0,1.0,1.0,1.0,1.0
770ea5e2c70fd0a1,authoritative,0-2,1.0,1,19,4,0.95,0.9583333333333334,0.8685714285714285,0.95,0.8
7720aeb7ecde5819,baseline,65-128,96.5,4,2,2,0.33333333333333337,0.5,0.3333333333333333,0.3333333333333333,0.3333333333333333
7720aeb7ecde5819,emotional,65-128,96.5,4,2,2,0.33333333333333337,0.5,0.3333333333333333,0.3333333333333333,0.3333333333333333
7720aeb7ecde5819,authoritative,65-128,96.5,5,1,1,0.16666666666666663,0.2857142857142857,0.16666666666666666,0.16666666666666666,0.16666666666666666
776a16054c334b78,baseline,5-8,6.5,0,3,1,1.0,1.0,1.0,1.0,1.0
776a16054c334b78,emotional,5-8,6.5,0,3,1,1.0,1.0,1.0,1.0,1.0
776a16054c334b78,authoritative,5-8,6.5,0,3,1,1.0,1.0,1.0,1.0,1.0
77cdb8ca2cb07c71,baseline,3-4,3.5,0,2,2,1.0,1.0,1.0,1.0,1.0
77cdb8ca2cb07c71,emotional,3-4,3.5,0,2,2,1.0,1.0,1.0,1.0,1.0
77cdb8ca2cb07c71,authoritative,3-4,3.5,0,2,2,1.0,1.0,1.0,1.0,1.0
78033c9f36b6ee39,baseline,0-2,1.0,0,4,2,1.0,1.0,1.0,1.0,1.0
78033c9f36b6ee39,emotional,0-2,1.0,0,7,2,1.0,1.0,1.0,1.0,1.0
78033c9f36b6ee39,authoritative,0-2,1.0,0,3,2,1.0,1.0,1.0,1.0,1.0
780390ab265c7bca,baseline,513-1024,768.5,1,8,5,0.8888888888888888,0.9285714285714286,0.8602150537634409,0.8888888888888888,0.8333333333333334
780390ab265c7bca,emotional,513-1024,768.5,1,5,5,0.8333333333333334,0.9090909090909091,0.8333333333333334,0.8333333333333334,0.8333333333333334
780390ab265c7bca,authoritative,513-1024,768.5,1,6,5,0.8571428571428572,0.9166666666666666,0.8450704225352113,0.8571428571428571,0.8333333333333334
780bf2171b288c11,baseline,33-64,48.5,0,3,1,1.0,1.0,1.0,1.0,1.0
780bf2171b288c11,emotional,33-64,48.5,1,2,0,0.6666666666666667,0.6666666666666666,0.0,0.6666666666666666,0.0
780bf2171b288c11,authoritative,33-64,48.5,1,3,0,0.75,0.75,0.0,0.75,0.0
786887b4abb79563,baseline,3-4,3.5,0,6,5,1.0,1.0,1.0,1.0,1.0
786887b4abb79563,emotional,3-4,3.5,0,7,5,1.0,1.0,1.0,1.0,1.0
786887b4abb79563,authoritative,3-4,3.5,1,6,4,0.8571428571428572,0.9090909090909091,0.8275862068965517,0.8571428571428571,0.8
787249908bbb8a9e,baseline,33-64,48.5,1,6,3,0.8571428571428572,0.9,0.8,0.8571428571428571,0.75
787249908bbb8a9e,emotional,33-64,48.5,2,18,2,0.9,0.9090909090909091,0.6428571428571429,0.9,0.5
787249908bbb8a9e,authoritative,33-64,48.5,2,18,2,0.9,0.9090909090909091,0.6428571428571429,0.9,0.5
78b5839907fbc30b,baseline,4097+,5000.0,6,1,1,0.1428571428571429,0.25,0.14285714285714285,0.14285714285714285,0.14285714285714285
78b5839907fbc30b,emotional,4097+,5000.0,0,22,7,1.0,1.0,1.0,1.0,1.0
78b5839907fbc30b,authoritative,4097+,5000.0,0,20,7,1.0,1.0,1.0,1.0,1.0
794af6e6c82c2a9c,baseline,9-16,12.5,0,2,1,1.0,1.0,1.0,1.0,1.0
794af6e6c82c2a9c,emotional,9-16,12.5,0,2,1,1.0,1.0,1.0,1.0,1.0
794af6e6c82c2a9c,authoritative,9-16,12.5,0,2,1,1.0,1.0,1.0,1.0,1.0
7997fbceab507a6c,baseline,129-256,192.5,0,2,3,1.0,1.0,1.0,1.0,1.0
7997fbceab507a6c,emotional,129-256,192.5,0,2,3,1.0,1.0,1.0,1.0,1.0
7997fbceab507a6c,authoritative,129-256,192.5,0,3,3,1.0,1.0,1.0,1.0,1.0
79c031333f7b2012,baseline,17-32,24.5,2,1,0,0.33333333333333337,0.3333333333333333,0.0,0.3333333333333333,0.0
79c031333f7b2012,emotional,17-32,24.5,2,0,0,0.0,0.0,0.0,0.0,0.0
79c031333f7b2012,authoritative,17-32,24.5,2,1,0,0.33333333333333337,0.3333333333333333,0.0,0.3333333333333333,0.0
7ab5ab21af2f173f,baseline,2049-4096,3072.5,2,1,0,0.33333333333333337,0.3333333333333333,0.0,0.3333333333333333,0.0
7ab5ab21af2f173f,emotional,2049-4096,3072.5,2,0,0,0.0,0.0,0.0,0.0,0.0
7ab5ab21af2f173f,authoritative,2049-4096,3072.5,2,4,0,0.6666666666666667,0.6666666666666666,0.0,0.6666666666666666,0.0
7ac257aac8a05d8a,baseline,257-512,384.5,0,2,2,1.0,1.0,1.0,1.0,1.0
7ac257aac8a05d8a,emotional,257-512,384.5,0,4,2,1.0,1.0,1.0,1.0,1.0
7ac257aac8a05d8a,authoritative,257-512,384.5,0,2,2,1.0,1.0,1.0,1.0,1.0
7ae60e3933c86925,baseline,129-256,192.5,3,0,0,0.0,0.0,0.0,0.0,0.0
7ae60e3933c86925,emotional,129-256,192.5,0,3,3,1.0,1.0,1.0,1.0,1.0
7ae60e3933c86925,authoritative,129-256,192.5,0,3,3,1.0,1.0,1.0,1.0,1.0
7b14d2b5dfb23618,baseline,5-8,6.5,0,2,1,1.0,1.0,1.0,1.0,1.0
7b14d2b5dfb23618,emotional,5-8,6.5,0,3,1,1.0,1.0,1.0,1.0,1.0
7b14d2b5dfb23618,authoritative,5-8,6.5,0,4,1,1.0,1.0,1.0,1.0,1.0
7b367d5945486fbf,baseline,3-4,3.5,0,3,3,1.0,1.0,1.0,1.0,1.0
7b367d5945486fbf,emotional,3-4,3.5,0,5,3,1.0,1.0,1.0,1.0,1.0
7b367d5945486fbf,authoritative,3-4,3.5,0,4,3,1.0,1.0,1.0,1.0,1.0
7c236144f408ef06,baseline,9-16,12.5,0,5,4,1.0,1.0,1.0,1.0,1.0
7c236144f408ef06,emotional,9-16,12.5,0,20,4,1.0,1.0,1.0,1.0,1.0
7c236144f408ef06,authoritative,9-16,12.5,0,7,4,1.0,1.0,1.0,1.0,1.0
7c3d7b3da4e0e949,baseline,1025-2048,1536.5,1,3,11,0.9166666666666666,0.9333333333333333,0.825,0.75,0.9166666666666666
7c3d7b3da4e0e949,emotional,1025-2048,1536.5,9,2,3,0.25,0.35714285714285715,0.21052631578947367,0.18181818181818182,0.25
7c3d7b3da4e0e949,authoritative,1025-2048,1536.5,1,11,11,0.9166666666666666,0.9565217391304348,0.9166666666666666,0.9166666666666666,0.9166666666666666
7c4287792cac31aa,baseline,513-1024,768.5,0,4,5,1.0,1.0,1.0,1.0,1.0
7c4287792cac31aa,emotional,513-1024,768.5,5,0,0,0.0,0.0,0.0,0.0,0.0
7c4287792cac31aa,authoritative,513-1024,768.5,0,4,5,1.0,1.0,1.0,1.0,1.0
7c493cfe4b26bf68,baseline,17-32,24.5,0,6,3,1.0,1.0,1.0,1.0,1.0
7c493cfe4b26bf68,emotional,17-32,24.5,0,4,3,1.0,1.0,1.0,1.0,1.0
7c493cfe4b26bf68,authoritative,17-32,24.5,0,3,3,1.0,1.0,1.0,1.0,1.0
7c793b250d749381,baseline,129-256,192.5,0,3,4,1.0,1.0,1.0,1.0,1.0
7c793b250d749381,emotional,129-256,192.5,0,3,4,1.0,1.0,1.0,1.0,1.0
7c793b250d749381,authoritative,129-256,192.5,0,4,4,1.0,1.0,1.0,1.0,1.0
7c93857cf06a5f2d,baseline,129-256,192.5,0,0,6,1.0,1.0,0.0,nan,1.0
7c93857cf06a5f2d,emotional,129-256,192.5,0,10,6,1.0,1.0,1.0,1.0,1.0
7c93857cf06a5f2d,authoritative,129-256,192.5,0,6,6,1.0,1.0,1.0,1.0,1.0
7cf14c535bea964a,baseline,33-64,48.5,0,3,6,1.0,1.0,1.0,1.0,1.0
7cf14c535bea964a,emotional,33-64,48.5,1,4,5,0.8333333333333334,0.9,0.8163265306122449,0.8,0.8333333333333334
7cf14c535bea964a,authoritative,33-64,48.5,0,5,6,1.0,1.0,1.0,1.0,1.0
7cf91e777691ccdf,baseline,5-8,6.5,0,2,2,1.0,1.0,1.0,1.0,1.0
7cf91e777691ccdf,emotional,5-8,6.5,0,3,2,1.0,1.0,1.0,1.0,1.0
7cf91e777691ccdf,authoritative,5-8,6.5,0,2,2,1.0,1.0,1.0,1.0,1.0
7d2026bf48049ca7,baseline,129-256,192.5,2,0,0,0.0,0.0,0.0,0.0,0.0
7d2026bf48049ca7,emotional,129-256,192.5,2,18,0,0.9,0.9,0.0,0.9,0.0
7d2026bf48049ca7,authoritative,129-256,192.5,2,0,0,0.0,0.0,0.0,0.0,0.0
7d2d2296b94e0bc0,baseline,129-256,192.5,0,2,1,1.0,1.0,1.0,1.0,1.0
7d2d2296b94e0bc0,emotional,129-256,192.5,0,2,1,1.0,1.0,1.0,1.0,1.0
7d2d2296b94e0bc0,authoritative,129-256,192.5,0,4,1,1.0,1.0,1.0,1.0,1.0
7d5468595e5f3be1,baseline,0-2,1.0,0,2,3,1.0,1.0,1.0,1.0,1.0
7d5468595e5f3be1,emotional,0-2,1.0,0,8,3,1.0,1.0,1.0,1.0,1.0
7d5468595e5f3be1,authoritative,0-2,1.0,0,3,3,1.0,1.0,1.0,1.0,1.0
7d7f7118750506fd,baseline,0-2,1.0,0,2,3,1.0,1.0,1.0,1.0,1.0
7d7f7118750506fd,emotional,0-2,1.0,0,4,3,1.0,1.0,1.0,1.0,1.0
7d7f7118750506fd,authoritative,0-2,1.0,0,3,3,1.0,1.0,1.0,1.0,1.0
7d9bd678bb2f4c17,baseline,1025-2048,1536.5,4,0,0,0.0,0.0,0.0,0.0,0.0
7d9bd678bb2f4c17,emotional,1025-2048,1536.5,4,0,0,0.0,0.0,0.0,0.0,0.0
7d9bd678bb2f4c17,authoritative,1025-2048,1536.5,4,0,0,0.0,0.0,0.0,0.0,0.0
7dcf791baa4a28b9,baseline,5-8,6.5,0,4,3,1.0,1.0,1.0,1.0,1.0
7dcf791baa4a28b9,emotional,5-8,6.5,0,2,3,1.0,1.0,1.0,1.0,1.0
7dcf791baa4a28b9,authoritative,5-8,6.5,0,2,3,1.0,1.0,1.0,1.0,1.0
7e17b548bec21071,baseline,9-16,12.5,0,3,6,1.0,1.0,1.0,1.0,1.0
7e17b548bec21071,emotional,9-16,12.5,0,3,6,1.0,1.0,1.0,1.0,1.0
7e17b548bec21071,authoritative,9-16,12.5,0,10,6,1.0,1.0,1.0,1.0,1.0
7eba3b4d471ccb7b,baseline,33-64,48.5,0,2,2,1.0,1.0,1.0,1.0,1.0
7eba3b4d471ccb7b,emotional,33-64,48.5,0,2,2,1.0,1.0,1.0,1.0,1.0
7eba3b4d471ccb7b,authoritative,33-64,48.5,0,2,2,1.0,1.0,1.0,1.0,1.0
7ebeb06608320364,baseline,33-64,48.5,0,3,2,1.0,1.0,1.0,1.0,1.0
7ebeb06608320364,emotional,33-64,48.5,0,3,2,1.0,1.0,1.0,1.0,1.0
7ebeb06608320364,authoritative,33-64,48.5,0,3,2,1.0,1.0,1.0,1.0,1.0
7f22038b0cdc407f,baseline,3-4,3.5,0,5,16,1.0,1.0,1.0,1.0,1.0
7f22038b0cdc407f,emotional,3-4,3.5,0,20,16,1.0,1.0,1.0,1.0,1.0
7f22038b0cdc407f,authoritative,3-4,3.5,0,8,16,1.0,1.0,1.0,1.0,1.0
7f3a8abf84b20f73,baseline,129-256,192.5,0,9,4,1.0,1.0,1.0,1.0,1.0
7f3a8abf84b20f73,emotional,129-256,192.5,0,19,4,1.0,1.0,1.0,1.0,1.0
7f3a8abf84b20f73,authoritative,129-256,192.5,0,19,4,1.0,1.0,1.0,1.0,1.0
7f45f3e03e63fd33,baseline,33-64,48.5,1,2,1,0.6666666666666667,0.75,0.5714285714285714,0.6666666666666666,0.5
7f45f3e03e63fd33,emotional,33-64,48.5,1,17,1,0.9444444444444444,0.9473684210526315,0.6538461538461539,0.9444444444444444,0.5
7f45f3e03e63fd33,authoritative,33-64,48.5,0,20,2,1.0,1.0,1.0,1.0,1.0
7f5ad07217c41e1e,baseline,257-512,384.5,0,3,4,1.0,1.0,1.0,1.0,1.0
7f5ad07217c41e1e,emotional,257-512,384.5,0,3,4,1.0,1.0,1.0,1.0,1.0
7f5ad07217c41e1e,authoritative,257-512,384.5,0,3,4,1.0,1.0,1.0,1.0,1.0
80ce438526a887cb,baseline,257-512,384.5,1,1,0,0.5,0.5,0.0,0.5,0.0
80ce438526a887cb,emotional,257-512,384.5,1,1,0,0.5,0.5,0.0,0.5,0.0
80ce438526a887cb,authoritative,257-512,384.5,1,0,0,0.0,0.0,0.0,0.0,0.0
817500888f0da354,baseline,33-64,48.5,1,1,0,0.5,0.5,0.0,0.5,0.0
817500888f0da354,emotional,33-64,48.5,0,3,1,1.0,1.0,1.0,1.0,1.0
817500888f0da354,authoritative,33-64,48.5,0,2,1,1.0,1.0,1.0,1.0,1.0
82c44a9a60a1cdc0,baseline,5-8,6.5,0,5,8,1.0,1.0,1.0,1.0,1.0
82c44a9a60a1cdc0,emotional,5-8,6.5,0,5,8,1.0,1.0,1.0,1.0,1.0
82c44a9a60a1cdc0,authoritative,5-8,6.5,0,20,8,1.0,1.0,1.0,1.0,1.0
834f84f98c89e07a,baseline,9-16,12.5,0,4,3,1.0,1.0,1.0,1.0,1.0
834f84f98c89e07a,emotional,9-16,12.5,0,4,3,1.0,1.0,1.0,1.0,1.0
834f84f98c89e07a,authoritative,9-16,12.5,0,4,3,1.0,1.0,1.0,1.0,1.0
83a891f1c8f024f4,baseline,17-32,24.5,0,3,2,1.0,1.0,1.0,1.0,1.0
83a891f1c8f024f4,emotional,17-32,24.5,0,4,2,1.0,1.0,1.0,1.0,1.0
83a891f1c8f024f4,authoritative,17-32,24.5,0,3,2,1.0,1.0,1.0,1.0,1.0
83e1b95d5df02587,baseline,3-4,3.5,0,1,1,1.0,1.0,1.0,1.0,1.0
83e1b95d5df02587,emotional,3-4,3.5,0,2,1,1.0,1.0,1.0,1.0,1.0
83e1b95d5df02587,authoritative,3-4,3.5,0,1,1,1.0,1.0,1.0,1.0,1.0
83fb62141cf7a229,baseline,129-256,192.5,1,2,3,0.75,0.8333333333333334,0.7058823529411765,0.6666666666666666,0.75
83fb62141cf7a229,emotional,129-256,192.5,1,2,3,0.75,0.8333333333333334,0.7058823529411765,0.6666666666666666,0.75
83fb62141cf7a229,authoritative,129-256,192.5,2,3,2,0.6,0.7142857142857143,0.5454545454545454,0.6,0.5
84120fc0bd77f7a6,baseline,0-2,1.0,0,4,2,1.0,1.0,1.0,1.0,1.0
84120fc0bd77f7a6,emotional,0-2,1.0,0,8,2,1.0,1.0,1.0,1.0,1.0
84120fc0bd77f7a6,authoritative,0-2,1.0,0,5,2,1.0,1.0,1.0,1.0,1.0
843e020c1cbb2f44,baseline,129-256,192.5,0,3,1,1.0,1.0,1.0,1.0,1.0
843e020c1cbb2f44,emotional,129-256,192.5,0,3,1,1.0,1.0,1.0,1.0,1.0
843e020c1cbb2f44,authoritative,129-256,192.5,0,3,1,1.0,1.0,1.0,1.0,1.0
84665e07cfe2c083,baseline,0-2,1.0,0,4,3,1.0,1.0,1.0,1.0,1.0
84665e07cfe2c083,emotional,0-2,1.0,0,5,3,1.0,1.0,1.0,1.0,1.0
84665e07cfe2c083,authoritative,0-2,1.0,0,5,3,1.0,1.0,1.0,1.0,1.0
84767a862cdae150,baseline,65-128,96.5,0,2,1,1.0,1.0,1.0,1.0,1.0
84767a862cdae150,emotional,65-128,96.5,0,2,1,1.0,1.0,1.0,1.0,1.0
84767a862cdae150,authoritative,65-128,96.5,0,2,1,1.0,1.0,1.0,1.0,1.0
84807bf4e951d76f,baseline,0-2,1.0,0,3,1,1.0,1.0,1.0,1.0,1.0
84807bf4e951d76f,emotional,0-2,1.0,0,4,1,1.0,1.0,1.0,1.0,1.0
84807bf4e951d76f,authoritative,0-2,1.0,0,3,1,1.0,1.0,1.0,1.0,1.0
84893bf8edf1ea72,baseline,5-8,6.5,0,2,1,1.0,1.0,1.0,1.0,1.0
84893bf8edf1ea72,emotional,5-8,6.5,0,1,1,1.0,1.0,1.0,1.0,1.0
84893bf8edf1ea72,authoritative,5-8,6.5,0,1,1,1.0,1.0,1.0,1.0,1.0
84bc13739879ac3a,baseline,65-128,96.5,0,2,4,1.0,1.0,1.0,1.0,1.0
84bc13739879ac3a,emotional,65-128,96.5,1,2,3,0.75,0.8333333333333334,0.7058823529411765,0.6666666666666666,0.75
84bc13739879ac3a,authoritative,65-128,96.5,0,3,4,1.0,1.0,1.0,1.0,1.0
84e51031ff6ccb1f,baseline,3-4,3.5,0,1,1,1.0,1.0,1.0,1.0,1.0
84e51031ff6ccb1f,emotional,3-4,3.5,1,2,0,0.6666666666666667,0.6666666666666666,0.0,0.6666666666666666,0.0
84e51031ff6ccb1f,authoritative,3-4,3.5,0,1,1,1.0,1.0,1.0,1.0,1.0
84e978703c5ed4b3,baseline,257-512,384.5,0,2,2,1.0,1.0,1.0,1.0,1.0
84e978703c5ed4b3,emotional,257-512,384.5,0,2,2,1.0,1.0,1.0,1.0,1.0
84e978703c5ed4b3,authoritative,257-512,384.5,0,2,2,1.0,1.0,1.0,1.0,1.0
84ea093369137194,baseline,9-16,12.5,0,2,3,1.0,1.0,1.0,1.0,1.0
84ea093369137194,emotional,9-16,12.5,0,4,3,1.0,1.0,1.0,1.0,1.0
84ea093369137194,authoritative,9-16,12.5,0,2,3,1.0,1.0,1.0,1.0,1.0
84f21247e3997941,baseline,33-64,48.5,0,5,6,1.0,1.0,1.0,1.0,1.0
84f21247e3997941,emotional,33-64,48.5,0,8,6,1.0,1.0,1.0,1.0,1.0
84f21247e3997941,authoritative,33-64,48.5,0,7,6,1.0,1.0,1.0,1.0,1.0
858f3b6411f408c3,baseline,257-512,384.5,2,6,5,0.75,0.8461538461538461,0.7317073170731707,0.75,0.7142857142857143
858f3b6411f408c3,emotional,257-512,384.5,5,3,2,0.375,0.5,0.32432432432432434,0.375,0.2857142857142857
858f3b6411f408c3,authoritative,257-512,384.5,3,5,4,0.625,0.75,0.5970149253731343,0.625,0.5714285714285714
858f83a08c4dd3a4,baseline,0-2,1.0,0,3,2,1.0,1.0,1.0,1.0,1.0
858f83a08c4dd3a4,emotional,0-2,1.0,0,7,2,1.0,1.0,1.0,1.0,1.0
858f83a08c4dd3a4,authoritative,0-2,1.0,0,20,2,1.0,1.0,1.0,1.0,1.0
85b3e86a63d39a7b,baseline,0-2,1.0,1,1,1,0.5,0.6666666666666666,0.5,0.5,0.5
85b3e86a63d39a7b,emotional,0-2,1.0,0,2,2,1.0,1.0,1.0,1.0,1.0
85b3e86a63d39a7b,authoritative,0-2,1.0,1,2,1,0.6666666666666667,0.75,0.5714285714285714,0.6666666666666666,0.5
85be319ead47f068,baseline,1025-2048,1536.5,0,10,5,1.0,1.0,1.0,1.0,1.0
85be319ead47f068,emotional,1025-2048,1536.5,0,3,5,1.0,1.0,1.0,1.0,1.0
85be319ead47f068,authoritative,1025-2048,1536.5,0,6,5,1.0,1.0,1.0,1.0,1.0
85ee592a472719aa,baseline,0-2,1.0,0,2,1,1.0,1.0,1.0,1.0,1.0
85ee592a472719aa,emotional,0-2,1.0,0,3,1,1.0,1.0,1.0,1.0,1.0
85ee592a472719aa,authoritative,0-2,1.0,0,1,1,1.0,1.0,1.0,1.0,1.0
8626dc89661eb62a,baseline,65-128,96.5,3,0,2,0.4,0.4,0.0,0.0,0.4
8626dc89661eb62a,emotional,65-128,96.5,3,6,2,0.6666666666666667,0.7272727272727273,0.5,0.6666666666666666,0.4
8626dc89661eb62a,authoritative,65-128,96.5,1,6,4,0.8571428571428572,0.9090909090909091,0.8275862068965517,0.8571428571428571,0.8
864014607c270cc2,baseline,129-256,192.5,0,2,2,1.0,1.0,1.0,1.0,1.0
864014607c270cc2,emotional,129-256,192.5,0,2,2,1.0,1.0,1.0,1.0,1.0
864014607c270cc2,authoritative,129-256,192.5,0,1,2,1.0,1.0,1.0,1.0,1.0
8675437dd9fe269a,baseline,257-512,384.5,2,0,0,0.0,0.0,0.0,0.0,0.0
8675437dd9fe269a,emotional,257-512,384.5,2,18,0,0.9,0.9,0.0,0.9,0.0
8675437dd9fe269a,authoritative,257-512,384.5,0,3,2,1.0,1.0,1.0,1.0,1.0
86fd6aefe2b18ea4,baseline,2049-4096,3072.5,1,2,1,0.6666666666666667,0.75,0.5714285714285714,0.6666666666666666,0.5
86fd6aefe2b18ea4,emotional,2049-4096,3072.5,1,0,1,0.5,0.5,0.0,0.0,0.5
86fd6aefe2b18ea4,authoritative,2049-4096,3072.5,0,2,2,1.0,1.0,1.0,1.0,1.0
870117ffcfc4c2a3,baseline,17-32,24.5,0,5,12,1.0,1.0,1.0,1.0,1.0
870117ffcfc4c2a3,emotional,17-32,24.5,0,6,12,1.0,1.0,1.0,1.0,1.0
870117ffcfc4c2a3,authoritative,17-32,24.5,0,5,12,1.0,1.0,1.0,1.0,1.0
870abfa425d2015b,baseline,3-4,3.5,0,2,3,1.0,1.0,1.0,1.0,1.0
870abfa425d2015b,emotional,3-4,3.5,0,3,3,1.0,1.0,1.0,1.0,1.0
870abfa425d2015b,authoritative,3-4,3.5,0,3,3,1.0,1.0,1.0,1.0,1.0
874389046a6104cd,baseline,9-16,12.5,0,3,8,1.0,1.0,1.0,1.0,1.0
874389046a6104cd,emotional,9-16,12.5,0,7,8,1.0,1.0,1.0,1.0,1.0
874389046a6104cd,authoritative,9-16,12.5,0,7,8,1.0,1.0,1.0,1.0,1.0
8743f1c8c162d715,baseline,17-32,24.5,0,2,1,1.0,1.0,1.0,1.0,1.0
8743f1c8c162d715,emotional,17-32,24.5,0,2,1,1.0,1.0,1.0,1.0,1.0
8743f1c8c162d715,authoritative,17-32,24.5,0,2,1,1.0,1.0,1.0,1.0,1.0
877e8e520ad00887,baseline,0-2,1.0,0,4,3,1.0,1.0,1.0,1.0,1.0
877e8e520ad00887,emotional,0-2,1.0,0,7,3,1.0,1.0,1.0,1.0,1.0
877e8e520ad00887,authoritative,0-2,1.0,0,9,3,1.0,1.0,1.0,1.0,1.0
87f6a86be8683ffe,baseline,17-32,24.5,2,1,0,0.33333333333333337,0.3333333333333333,0.0,0.3333333333333333,0.0
87f6a86be8683ffe,emotional,17-32,24.5,1,2,1,0.6666666666666667,0.75,0.5714285714285714,0.6666666666666666,0.5
87f6a86be8683ffe,authoritative,17-32,24.5,1,2,1,0.6666666666666667,0.75,0.5714285714285714,0.6666666666666666,0.5
87f8e260bcd5ce6b,baseline,257-512,384.5,0,3,3,1.0,1.0,1.0,1.0,1.0
87f8e260bcd5ce6b,emotional,257-512,384.5,0,4,3,1.0,1.0,1.0,1.0,1.0
87f8e260bcd5ce6b,authoritative,257-512,384.5,0,19,3,1.0,1.0,1.0,1.0,1.0
880a372983040bb6,baseline,513-1024,768.5,2,1,0,0.33333333333333337,0.3333333333333333,0.0,0.3333333333333333,0.0
880a372983040bb6,emotional,513-1024,768.5,2,0,0,0.0,0.0,0.0,0.0,0.0
880a372983040bb6,authoritative,513-1024,768.5,2,1,0,0.33333333333333337,0.3333333333333333,0.0,0.3333333333333333,0.0
88118277d8310e62,baseline,65-128,96.5,0,5,5,1.0,1.0,1.0,1.0,1.0
88118277d8310e62,emotional,65-128,96.5,0,7,5,1.0,1.0,1.0,1.0,1.0
88118277d8310e62,authoritative,65-128,96.5,0,4,5,1.0,1.0,1.0,1.0,1.0
8829985eba130a6f,baseline,257-512,384.5,1,14,6,0.9333333333333333,0.9523809523809523,0.8936170212765957,0.9333333333333333,0.8571428571428571
8829985eba130a6f,emotional,257-512,384.5,0,20,7,1.0,1.0,1.0,1.0,1.0
8829985eba130a6f,authoritative,257-512,384.5,1,18,6,0.9473684210526316,0.96,0.9,0.9473684210526315,0.8571428571428571
88674fbe39d294b1,baseline,0-2,1.0,0,43,2,1.0,1.0,1.0,1.0,1.0
88674fbe39d294b1,emotional,0-2,1.0,0,5,2,1.0,1.0,1.0,1.0,1.0
88674fbe39d294b1,authoritative,0-2,1.0,0,4,2,1.0,1.0,1.0,1.0,1.0
8891bb473eba323a,baseline,17-32,24.5,2,4,2,0.6666666666666667,0.75,0.5714285714285714,0.6666666666666666,0.5
8891bb473eba323a,emotional,17-32,24.5,1,18,3,0.9473684210526316,0.9545454545454546,0.8372093023255814,0.9473684210526315,0.75
8891bb473eba323a,authoritative,17-32,24.5,1,5,3,0.8333333333333334,0.8888888888888888,0.7894736842105263,0.8333333333333334,0.75
88e52cfaba4b1aa8,baseline,513-1024,768.5,0,9,7,1.0,1.0,1.0,1.0,1.0
88e52cfaba4b1aa8,emotional,513-1024,768.5,0,9,7,1.0,1.0,1.0,1.0,1.0
88e52cfaba4b1aa8,authoritative,513-1024,768.5,0,16,7,1.0,1.0,1.0,1.0,1.0
890515fc5edc2010,baseline,65-128,96.5,0,6,2,1.0,1.0,1.0,1.0,1.0
890515fc5edc2010,emotional,65-128,96.5,0,3,2,1.0,1.0,1.0,1.0,1.0
890515fc5edc2010,authoritative,65-128,96.5,0,2,2,1.0,1.0,1.0,1.0,1.0
891909ff13b564ce,baseline,65-128,96.5,0,3,1,1.0,1.0,1.0,1.0,1.0
891909ff13b564ce,emotional,65-128,96.5,0,3,1,1.0,1.0,1.0,1.0,1.0
891909ff13b564ce,authoritative,65-128,96.5,0,3,1,1.0,1.0,1.0,1.0,1.0
89b567c0741ec873,baseline,513-1024,768.5,0,5,7,1.0,1.0,1.0,1.0,1.0
89b567c0741ec873,emotional,513-1024,768.5,0,4,7,1.0,1.0,1.0,1.0,1.0
89b567c0741ec873,authoritative,513-1024,768.5,0,16,7,1.0,1.0,1.0,1.0,1.0
89b9787e66037f03,baseline,1025-2048,1536.5,0,2,2,1.0,1.0,1.0,1.0,1.0
89b9787e66037f03,emotional,1025-2048,1536.5,0,3,2,1.0,1.0,1.0,1.0,1.0
89b9787e66037f03,authoritative,1025-2048,1536.5,2,0,0,0.0,0.0,0.0,0.0,0.0
89d02595ce416fdd,baseline,129-256,192.5,3,1,1,0.25,0.4,0.25,0.25,0.25
89d02595ce416fdd,emotional,129-256,192.5,0,7,4,1.0,1.0,1.0,1.0,1.0
89d02595ce416fdd,authoritative,129-256,192.5,0,5,4,1.0,1.0,1.0,1.0,1.0
8a8282b245006247,baseline,65-128,96.5,1,4,8,0.8888888888888888,0.9230769230769231,0.8421052631578947,0.8,0.8888888888888888
8a8282b245006247,emotional,65-128,96.5,0,4,9,1.0,1.0,1.0,1.0,1.0
8a8282b245006247,authoritative,65-128,96.5,0,11,9,1.0,1.0,1.0,1.0,1.0
8b3ff9ee45a9e817,baseline,1025-2048,1536.5,2,3,2,0.6,0.7142857142857143,0.5454545454545454,0.6,0.5
8b3ff9ee45a9e817,emotional,1025-2048,1536.5,4,0,0,0.0,0.0,0.0,0.0,0.0
8b3ff9ee45a9e817,authoritative,1025-2048,1536.5,3,2,1,0.4,0.5,0.3076923076923077,0.4,0.25
8b75914e157d9699,baseline,2049-4096,3072.5,11,0,0,0.0,0.0,0.0,0.0,0.0
8b75914e157d9699,emotional,2049-4096,3072.5,11,0,0,0.0,0.0,0.0,0.0,0.0
8b75914e157d9699,authoritative,2049-4096,3072.5,11,0,0,0.0,0.0,0.0,0.0,0.0
8b7c6dfc1a601274,baseline,17-32,24.5,0,0,6,1.0,1.0,0.0,nan,1.0
8b7c6dfc1a601274,emotional,17-32,24.5,0,9,6,1.0,1.0,1.0,1.0,1.0
8b7c6dfc1a601274,authoritative,17-32,24.5,0,50,6,1.0,1.0,1.0,1.0,1.0
8bbbf77389cefce7,baseline,4097+,5000.0,1,7,2,0.875,0.9,0.7567567567567568,0.875,0.6666666666666666
8bbbf77389cefce7,emotional,4097+,5000.0,1,4,2,0.8,0.8571428571428571,0.7272727272727273,0.8,0.6666666666666666
8bbbf77389cefce7,authoritative,4097+,5000.0,3,2,0,0.4,0.4,0.0,0.4,0.0
8be9e48f9ef266f5,baseline,0-2,1.0,0,7,3,1.0,1.0,1.0,1.0,1.0
8be9e48f9ef266f5,emotional,0-2,1.0,0,20,3,1.0,1.0,1.0,1.0,1.0
8be9e48f9ef266f5,authoritative,0-2,1.0,0,20,3,1.0,1.0,1.0,1.0,1.0
8c013332e38adf2f,baseline,5-8,6.5,0,5,4,1.0,1.0,1.0,1.0,1.0
8c013332e38adf2f,emotional,5-8,6.5,0,5,4,1.0,1.0,1.0,1.0,1.0
8c013332e38adf2f,authoritative,5-8,6.5,0,7,4,1.0,1.0,1.0,1.0,1.0
8d115c12acc23d09,baseline,257-512,384.5,3,0,0,0.0,0.0,0.0,0.0,0.0
8d115c12acc23d09,emotional,257-512,384.5,0,3,3,1.0,1.0,1.0,1.0,1.0
8d115c12acc23d09,authoritative,257-512,384.5,3,0,0,0.0,0.0,0.0,0.0,0.0
8d266f1baa8ad5c3,baseline,513-1024,768.5,3,2,2,0.4,0.5714285714285714,0.4,0.4,0.4
8d266f1baa8ad5c3,emotional,513-1024,768.5,4,0,1,0.19999999999999996,0.2,0.0,0.0,0.2
8d266f1baa8ad5c3,authoritative,513-1024,768.5,2,4,3,0.6666666666666667,0.7777777777777778,0.631578947368421,0.6666666666666666,0.6
8d46da5013646915,baseline,33-64,48.5,0,6,8,1.0,1.0,1.0,1.0,1.0
8d46da5013646915,emotional,33-64,48.5,0,37,8,1.0,1.0,1.0,1.0,1.0
8d46da5013646915,authoritative,33-64,48.5,0,19,8,1.0,1.0,1.0,1.0,1.0
8d4db8874cd9ef49,baseline,129-256,192.5,0,3,2,1.0,1.0,1.0,1.0,1.0
8d4db8874cd9ef49,emotional,129-256,192.5,1,2,1,0.6666666666666667,0.75,0.5714285714285714,0.6666666666666666,0.5
8d4db8874cd9ef49,authoritative,129-256,192.5,0,5,2,1.0,1.0,1.0,1.0,1.0
8d67167915e43cc7,baseline,9-16,12.5,0,3,5,1.0,1.0,1.0,1.0,1.0
8d67167915e43cc7,emotional,9-16,12.5,4,0,1,0.19999999999999996,0.2,0.0,0.0,0.2
8d67167915e43cc7,authoritative,9-16,12.5,0,5,5,1.0,1.0,1.0,1.0,1.0
8d83619c53f59ffa,baseline,3-4,3.5,0,2,1,1.0,1.0,1.0,1.0,1.0
8d83619c53f59ffa,emotional,3-4,3.5,0,1,1,1.0,1.0,1.0,1.0,1.0
8d83619c53f59ffa,authoritative,3-4,3.5,0,1,1,1.0,1.0,1.0,1.0,1.0
8da10f82b6ba0712,baseline,0-2,1.0,0,4,1,1.0,1.0,1.0,1.0,1.0
8da10f82b6ba0712,emotional,0-2,1.0,0,19,1,1.0,1.0,1.0,1.0,1.0
8da10f82b6ba0712,authoritative,0-2,1.0,0,2,1,1.0,1.0,1.0,1.0,1.0
8dadaff189f2b897,baseline,5-8,6.5,0,3,3,1.0,1.0,1.0,1.0,1.0
8dadaff189f2b897,emotional,5-8,6.5,0,9,3,1.0,1.0,1.0,1.0,1.0
8dadaff189f2b897,authoritative,5-8,6.5,0,6,3,1.0,1.0,1.0,1.0,1.0
8dcc088c1ed778c4,baseline,2049-4096,3072.5,3,4,13,0.8125,0.85,0.6709677419354839,0.5714285714285714,0.8125
8dcc088c1ed778c4,emotional,2049-4096,3072.5,10,11,6,0.5238095238095238,0.6296296296296297,0.4370860927152318,0.5238095238095238,0.375
8dcc088c1ed778c4,authoritative,2049-4096,3072.5,9,11,7,0.55,0.6666666666666666,0.4873417721518987,0.55,0.4375
8e1656279215ee5b,baseline,65-128,96.5,0,3,3,1.0,1.0,1.0,1.0,1.0
8e1656279215ee5b,emotional,65-128,96.5,0,4,3,1.0,1.0,1.0,1.0,1.0
8e1656279215ee5b,authoritative,65-128,96.5,0,3,3,1.0,1.0,1.0,1.0,1.0
8e372ef4474837ad,baseline,129-256,192.5,0,7,2,1.0,1.0,1.0,1.0,1.0
8e372ef4474837ad,emotional,129-256,192.5,0,10,2,1.0,1.0,1.0,1.0,1.0
8e372ef4474837ad,authoritative,129-256,192.5,0,0,2,1.0,1.0,0.0,nan,1.0
8e865b3305396cb5,baseline,257-512,384.5,2,0,0,0.0,0.0,0.0,0.0,0.0
8e865b3305396cb5,emotional,257-512,384.5,2,2,0,0.5,0.5,0.0,0.5,0.0
8e865b3305396cb5,authoritative,257-512,384.5,2,0,0,0.0,0.0,0.0,0.0,0.0
8eab380527d1a23b,baseline,9-16,12.5,1,2,2,0.6666666666666667,0.8,0.6666666666666666,0.6666666666666666,0.6666666666666666
8eab380527d1a23b,emotional,9-16,12.5,1,2,2,0.6666666666666667,0.8,0.6666666666666666,0.6666666666666666,0.6666666666666666
8eab380527d1a23b,authoritative,9-16,12.5,0,5,3,1.0,1.0,1.0,1.0,1.0
8ed7bbaf48cf29db,baseline,17-32,24.5,0,3,3,1.0,1.0,1.0,1.0,1.0
8ed7bbaf48cf29db,emotional,17-32,24.5,0,2,3,1.0,1.0,1.0,1.0,1.0
8ed7bbaf48cf29db,authoritative,17-32,24.5,0,19,3,1.0,1.0,1.0,1.0,1.0
8f5f85d926cc8be2,baseline,257-512,384.5,0,3,2,1.0,1.0,1.0,1.0,1.0
8f5f85d926cc8be2,emotional,257-512,384.5,0,3,2,1.0,1.0,1.0,1.0,1.0
8f5f85d926cc8be2,authoritative,257-512,384.5,0,2,2,1.0,1.0,1.0,1.0,1.0
8ff06c887ff28713,baseline,9-16,12.5,0,3,2,1.0,1.0,1.0,1.0,1.0
8ff06c887ff28713,emotional,9-16,12.5,0,3,2,1.0,1.0,1.0,1.0,1.0
8ff06c887ff28713,authoritative,9-16,12.5,0,3,2,1.0,1.0,1.0,1.0,1.0
8ff13e569ab3e399,baseline,33-64,48.5,0,3,1,1.0,1.0,1.0,1.0,1.0
8ff13e569ab3e399,emotional,33-64,48.5,0,3,1,1.0,1.0,1.0,1.0,1.0
8ff13e569ab3e399,authoritative,33-64,48.5,0,4,1,1.0,1.0,1.0,1.0,1.0
9002af57f075275f,baseline,17-32,24.5,0,4,3,1.0,1.0,1.0,1.0,1.0
9002af57f075275f,emotional,17-32,24.5,0,6,3,1.0,1.0,1.0,1.0,1.0
9002af57f075275f,authoritative,17-32,24.5,0,4,3,1.0,1.0,1.0,1.0,1.0
900dd037303e88a0,baseline,33-64,48.5,0,7,7,1.0,1.0,1.0,1.0,1.0
900dd037303e88a0,emotional,33-64,48.5,0,10,7,1.0,1.0,1.0,1.0,1.0
900dd037303e88a0,authoritative,33-64,48.5,1,9,6,0.9,0.9375,0.8780487804878049,0.9,0.8571428571428571
904ecad5835630f5,baseline,65-128,96.5,2,1,1,0.33333333333333337,0.5,0.3333333333333333,0.3333333333333333,0.3333333333333333
904ecad5835630f5,emotional,65-128,96.5,2,1,1,0.33333333333333337,0.5,0.3333333333333333,0.3333333333333333,0.3333333333333333
904ecad5835630f5,authoritative,65-128,96.5,1,2,2,0.6666666666666667,0.8,0.6666666666666666,0.6666666666666666,0.6666666666666666
90ceee8d8d5012af,baseline,33-64,48.5,1,6,7,0.875,0.9285714285714286,0.865979381443299,0.8571428571428571,0.875
90ceee8d8d5012af,emotional,33-64,48.5,3,17,5,0.85,0.88,0.7203389830508474,0.85,0.625
90ceee8d8d5012af,authoritative,33-64,48.5,2,7,6,0.7777777777777778,0.8666666666666667,0.7636363636363637,0.7777777777777778,0.75
9201e034370e33c8,baseline,17-32,24.5,0,2,2,1.0,1.0,1.0,1.0,1.0
9201e034370e33c8,emotional,17-32,24.5,0,2,2,1.0,1.0,1.0,1.0,1.0
9201e034370e33c8,authoritative,17-32,24.5,0,2,2,1.0,1.0,1.0,1.0,1.0
92559e19bf54f510,baseline,65-128,96.5,0,4,3,1.0,1.0,1.0,1.0,1.0
92559e19bf54f510,emotional,65-128,96.5,2,1,1,0.33333333333333337,0.5,0.3333333333333333,0.3333333333333333,0.3333333333333333
92559e19bf54f510,authoritative,65-128,96.5,0,6,3,1.0,1.0,1.0,1.0,1.0
929a1083f2ced1fa,baseline,3-4,3.5,0,3,2,1.0,1.0,1.0,1.0,1.0
929a1083f2ced1fa,emotional,3-4,3.5,0,7,2,1.0,1.0,1.0,1.0,1.0
929a1083f2ced1fa,authoritative,3-4,3.5,0,6,2,1.0,1.0,1.0,1.0,1.0
930ba40aeccc44d6,baseline,0-2,1.0,0,6,4,1.0,1.0,1.0,1.0,1.0
930ba40aeccc44d6,emotional,0-2,1.0,0,6,4,1.0,1.0,1.0,1.0,1.0
930ba40aeccc44d6,authoritative,0-2,1.0,0,4,4,1.0,1.0,1.0,1.0,1.0
9376fce8c7d0d555,baseline,17-32,24.5,0,4,2,1.0,1.0,1.0,1.0,1.0
9376fce8c7d0d555,emotional,17-32,24.5,0,4,2,1.0,1.0,1.0,1.0,1.0
9376fce8c7d0d555,authoritative,17-32,24.5,0,7,2,1.0,1.0,1.0,1.0,1.0
943a891f86847a64,baseline,257-512,384.5,0,3,7,1.0,1.0,1.0,1.0,1.0
943a891f86847a64,emotional,257-512,384.5,4,0,3,0.4285714285714286,0.42857142857142855,0.0,0.0,0.42857142857142855
943a891f86847a64,authoritative,257-512,384.5,1,5,6,0.8571428571428572,0.9166666666666666,0.8450704225352113,0.8333333333333334,0.8571428571428571
950804488423ab58,baseline,513-1024,768.5,0,3,3,1.0,1.0,1.0,1.0,1.0
950804488423ab58,emotional,513-1024,768.5,0,3,3,1.0,1.0,1.0,1.0,1.0
950804488423ab58,authoritative,513-1024,768.5,0,3,3,1.0,1.0,1.0,1.0,1.0
95bd48fc7349c86d,baseline,3-4,3.5,0,1,1,1.0,1.0,1.0,1.0,1.0
95bd48fc7349c86d,emotional,3-4,3.5,0,2,1,1.0,1.0,1.0,1.0,1.0
95bd48fc7349c86d,authoritative,3-4,3.5,0,2,1,1.0,1.0,1.0,1.0,1.0
97148560a0fcf9e3,baseline,17-32,24.5,0,5,10,1.0,1.0,1.0,1.0,1.0
97148560a0fcf9e3,emotional,17-32,24.5,0,20,10,1.0,1.0,1.0,1.0,1.0
97148560a0fcf9e3,authoritative,17-32,24.5,1,5,9,0.9,0.9333333333333333,0.8653846153846154,0.8333333333333334,0.9
974a876c5e7e3c4f,baseline,9-16,12.5,0,2,2,1.0,1.0,1.0,1.0,1.0
974a876c5e7e3c4f,emotional,9-16,12.5,0,2,2,1.0,1.0,1.0,1.0,1.0
974a876c5e7e3c4f,authoritative,9-16,12.5,0,2,2,1.0,1.0,1.0,1.0,1.0
980f0a7ebdec54b8,baseline,513-1024,768.5,1,1,0,0.5,0.5,0.0,0.5,0.0
980f0a7ebdec54b8,emotional,513-1024,768.5,0,3,1,1.0,1.0,1.0,1.0,1.0
980f0a7ebdec54b8,authoritative,513-1024,768.5,1,10,0,0.9090909090909091,0.9090909090909091,0.0,0.9090909090909091,0.0
984fa429c0606fa4,baseline,9-16,12.5,0,4,2,1.0,1.0,1.0,1.0,1.0
984fa429c0606fa4,emotional,9-16,12.5,0,2,2,1.0,1.0,1.0,1.0,1.0
984fa429c0606fa4,authoritative,9-16,12.5,0,3,2,1.0,1.0,1.0,1.0,1.0
98594868436618dd,baseline,9-16,12.5,0,2,1,1.0,1.0,1.0,1.0,1.0
98594868436618dd,emotional,9-16,12.5,0,2,1,1.0,1.0,1.0,1.0,1.0
98594868436618dd,authoritative,9-16,12.5,0,2,1,1.0,1.0,1.0,1.0,1.0
98754b5dd581f2e5,baseline,3-4,3.5,0,4,4,1.0,1.0,1.0,1.0,1.0
98754b5dd581f2e5,emotional,3-4,3.5,0,11,4,1.0,1.0,1.0,1.0,1.0
98754b5dd581f2e5,authoritative,3-4,3.5,0,26,4,1.0,1.0,1.0,1.0,1.0
987a01a05b849402,baseline,33-64,48.5,0,4,1,1.0,1.0,1.0,1.0,1.0
987a01a05b849402,emotional,33-64,48.5,0,3,1,1.0,1.0,1.0,1.0,1.0
987a01a05b849402,authoritative,33-64,48.5,0,3,1,1.0,1.0,1.0,1.0,1.0
989aef46daffb4af,baseline,5-8,6.5,0,2,1,1.0,1.0,1.0,1.0,1.0
989aef46daffb4af,emotional,5-8,6.5,0,2,1,1.0,1.0,1.0,1.0,1.0
989aef46daffb4af,authoritative,5-8,6.5,0,2,1,1.0,1.0,1.0,1.0,1.0
98ec2387e177f19e,baseline,129-256,192.5,0,3,3,1.0,1.0,1.0,1.0,1.0
98ec2387e177f19e,emotional,129-256,192.5,0,4,3,1.0,1.0,1.0,1.0,1.0
98ec2387e177f19e,authoritative,129-256,192.5,0,4,3,1.0,1.0,1.0,1.0,1.0
98fa29138ab36e0c,baseline,65-128,96.5,0,4,4,1.0,1.0,1.0,1.0,1.0
98fa29138ab36e0c,emotional,65-128,96.5,0,4,4,1.0,1.0,1.0,1.0,1.0
98fa29138ab36e0c,authoritative,65-128,96.5,0,19,4,1.0,1.0,1.0,1.0,1.0
993ef4887420d2c8,baseline,17-32,24.5,0,9,5,1.0,1.0,1.0,1.0,1.0
993ef4887420d2c8,emotional,17-32,24.5,0,20,5,1.0,1.0,1.0,1.0,1.0
993ef4887420d2c8,authoritative,17-32,24.5,0,17,5,1.0,1.0,1.0,1.0,1.0
997618447651c7e4,baseline,1025-2048,1536.5,0,3,2,1.0,1.0,1.0,1.0,1.0
997618447651c7e4,emotional,1025-2048,1536.5,2,0,0,0.0,0.0,0.0,0.0,0.0
997618447651c7e4,authoritative,1025-2048,1536.5,2,0,0,0.0,0.0,0.0,0.0,0.0
99a21994a24e2808,baseline,17-32,24.5,0,0,5,1.0,1.0,0.0,nan,1.0
99a21994a24e2808,emotional,17-32,24.5,0,8,5,1.0,1.0,1.0,1.0,1.0
99a21994a24e2808,authoritative,17-32,24.5,0,16,5,1.0,1.0,1.0,1.0,1.0
9a1f5287a2786208,baseline,33-64,48.5,0,2,3,1.0,1.0,1.0,1.0,1.0
9a1f5287a2786208,emotional,33-64,48.5,0,2,3,1.0,1.0,1.0,1.0,1.0
9a1f5287a2786208,authoritative,33-64,48.5,1,2,2,0.6666666666666667,0.8,0.6666666666666666,0.6666666666666666,0.6666666666666666
9a2e70b49a4cc692,baseline,3-4,3.5,0,3,2,1.0,1.0,1.0,1.0,1.0
9a2e70b49a4cc692,emotional,3-4,3.5,0,3,2,1.0,1.0,1.0,1.0,1.0
9a2e70b49a4cc692,authoritative,3-4,3.5,0,4,2,1.0,1.0,1.0,1.0,1.0
9ac9a4a248bde5ac,baseline,33-64,48.5,0,3,2,1.0,1.0,1.0,1.0,1.0
9ac9a4a248bde5ac,emotional,33-64,48.5,2,2,0,0.5,0.5,0.0,0.5,0.0
9ac9a4a248bde5ac,authoritative,33-64,48.5,0,2,2,1.0,1.0,1.0,1.0,1.0
9b2c8389e4336ee1,baseline,257-512,384.5,1,2,2,0.6666666666666667,0.8,0.6666666666666666,0.6666666666666666,0.6666666666666666
9b2c8389e4336ee1,emotional,257-512,384.5,0,4,3,1.0,1.0,1.0,1.0,1.0
9b2c8389e4336ee1,authoritative,257-512,384.5,0,4,3,1.0,1.0,1.0,1.0,1.0
9c13090885edfe80,baseline,17-32,24.5,0,3,6,1.0,1.0,1.0,1.0,1.0
9c13090885edfe80,emotional,17-32,24.5,0,3,6,1.0,1.0,1.0,1.0,1.0
9c13090885edfe80,authoritative,17-32,24.5,0,4,6,1.0,1.0,1.0,1.0,1.0
9c80da8876306f67,baseline,17-32,24.5,0,3,2,1.0,1.0,1.0,1.0,1.0
9c80da8876306f67,emotional,17-32,24.5,0,3,2,1.0,1.0,1.0,1.0,1.0
9c80da8876306f67,authoritative,17-32,24.5,0,3,2,1.0,1.0,1.0,1.0,1.0
9c817cf8d591ea91,baseline,3-4,3.5,0,3,2,1.0,1.0,1.0,1.0,1.0
9c817cf8d591ea91,emotional,3-4,3.5,0,3,2,1.0,1.0,1.0,1.0,1.0
9c817cf8d591ea91,authoritative,3-4,3.5,1,3,1,0.75,0.8,0.6,0.75,0.5
9c95be593282879d,baseline,513-1024,768.5,2,0,0,0.0,0.0,0.0,0.0,0.0
9c95be593282879d,emotional,513-1024,768.5,2,0,0,0.0,0.0,0.0,0.0,0.0
9c95be593282879d,authoritative,513-1024,768.5,2,2,0,0.5,0.5,0.0,0.5,0.0
9cb4f67d5ed8e41e,baseline,1025-2048,1536.5,3,0,0,0.0,0.0,0.0,0.0,0.0
9cb4f67d5ed8e41e,emotional,1025-2048,1536.5,3,2,0,0.4,0.4,0.0,0.4,0.0
9cb4f67d5ed8e41e,authoritative,1025-2048,1536.5,3,0,0,0.0,0.0,0.0,0.0,0.0
9d351460a87c0c9f,baseline,1025-2048,1536.5,2,1,2,0.5,0.6,0.4,0.3333333333333333,0.5
9d351460a87c0c9f,emotional,1025-2048,1536.5,1,1,3,0.75,0.8,0.6,0.5,0.75
9d351460a87c0c9f,authoritative,1025-2048,1536.5,1,1,3,0.75,0.8,0.6,0.5,0.75
9d4a5406d73670fc,baseline,33-64,48.5,0,4,3,1.0,1.0,1.0,1.0,1.0
9d4a5406d73670fc,emotional,33-64,48.5,0,13,3,1.0,1.0,1.0,1.0,1.0
9d4a5406d73670fc,authoritative,33-64,48.5,0,4,3,1.0,1.0,1.0,1.0,1.0
9d672f363e2537e6,baseline,1025-2048,1536.5,1,2,2,0.6666666666666667,0.8,0.6666666666666666,0.6666666666666666,0.6666666666666666
9d672f363e2537e6,emotional,1025-2048,1536.5,1,0,2,0.6666666666666667,0.6666666666666666,0.0,0.0,0.6666666666666666
9d672f363e2537e6,authoritative,1025-2048,1536.5,1,1,2,0.6666666666666667,0.75,0.5714285714285714,0.5,0.6666666666666666
9ddbcd919cf7184d,baseline,129-256,192.5,0,14,9,1.0,1.0,1.0,1.0,1.0
9ddbcd919cf7184d,emotional,129-256,192.5,2,11,7,0.8461538461538461,0.9,0.8105263157894737,0.8461538461538461,0.7777777777777778
9ddbcd919cf7184d,authoritative,129-256,192.5,0,7,9,1.0,1.0,1.0,1.0,1.0
9e6a4e313c6ae5b2,baseline,0-2,1.0,0,3,1,1.0,1.0,1.0,1.0,1.0
9e6a4e313c6ae5b2,emotional,0-2,1.0,0,3,1,1.0,1.0,1.0,1.0,1.0
9e6a4e313c6ae5b2,authoritative,0-2,1.0,0,2,1,1.0,1.0,1.0,1.0,1.0
9e6bf56ee98a03eb,baseline,17-32,24.5,1,2,4,0.8,0.8571428571428571,0.7272727272727273,0.6666666666666666,0.8
9e6bf56ee98a03eb,emotional,17-32,24.5,0,3,5,1.0,1.0,1.0,1.0,1.0
9e6bf56ee98a03eb,authoritative,17-32,24.5,0,3,5,1.0,1.0,1.0,1.0,1.0
9f311a7cc2086464,baseline,33-64,48.5,1,9,12,0.9230769230769231,0.9545454545454546,0.9113924050632911,0.9,0.9230769230769231
9f311a7cc2086464,emotional,33-64,48.5,0,10,13,1.0,1.0,1.0,1.0,1.0
9f311a7cc2086464,authoritative,33-64,48.5,1,14,12,0.9333333333333333,0.9629629629629629,0.9281767955801105,0.9333333333333333,0.9230769230769231
9f43833940357540,baseline,33-64,48.5,0,3,2,1.0,1.0,1.0,1.0,1.0
9f43833940357540,emotional,33-64,48.5,0,8,2,1.0,1.0,1.0,1.0,1.0
9f43833940357540,authoritative,33-64,48.5,0,19,2,1.0,1.0,1.0,1.0,1.0
a03f94c5daac578a,baseline,17-32,24.5,0,3,2,1.0,1.0,1.0,1.0,1.0
a03f94c5daac578a,emotional,17-32,24.5,0,5,2,1.0,1.0,1.0,1.0,1.0
a03f94c5daac578a,authoritative,17-32,24.5,0,3,2,1.0,1.0,1.0,1.0,1.0
a0780f6fbb6bed91,baseline,2049-4096,3072.5,0,2,1,1.0,1.0,1.0,1.0,1.0
a0780f6fbb6bed91,emotional,2049-4096,3072.5,0,1,1,1.0,1.0,1.0,1.0,1.0
a0780f6fbb6bed91,authoritative,2049-4096,3072.5,1,1,0,0.5,0.5,0.0,0.5,0.0
a09c38e49b37460e,baseline,513-1024,768.5,0,3,3,1.0,1.0,1.0,1.0,1.0
a09c38e49b37460e,emotional,513-1024,768.5,0,3,3,1.0,1.0,1.0,1.0,1.0
a09c38e49b37460e,authoritative,513-1024,768.5,0,2,3,1.0,1.0,1.0,1.0,1.0
a0b243071b823aaa,baseline,1025-2048,1536.5,0,8,4,1.0,1.0,1.0,1.0,1.0
a0b243071b823aaa,emotional,1025-2048,1536.5,0,19,4,1.0,1.0,1.0,1.0,1.0
a0b243071b823aaa,authoritative,1025-2048,1536.5,0,8,4,1.0,1.0,1.0,1.0,1.0
a10ffa3656b9a17f,baseline,5-8,6.5,0,2,3,1.0,1.0,1.0,1.0,1.0
a10ffa3656b9a17f,emotional,5-8,6.5,0,2,3,1.0,1.0,1.0,1.0,1.0
a10ffa3656b9a17f,authoritative,5-8,6.5,0,2,3,1.0,1.0,1.0,1.0,1.0
a155bc17177c9145,baseline,0-2,1.0,0,3,4,1.0,1.0,1.0,1.0,1.0
a155bc17177c9145,emotional,0-2,1.0,0,6,4,1.0,1.0,1.0,1.0,1.0
a155bc17177c9145,authoritative,0-2,1.0,0,13,4,1.0,1.0,1.0,1.0,1.0
a177276aca4d95e8,baseline,0-2,1.0,0,4,2,1.0,1.0,1.0,1.0,1.0
a177276aca4d95e8,emotional,0-2,1.0,0,5,2,1.0,1.0,1.0,1.0,1.0
a177276aca4d95e8,authoritative,0-2,1.0,0,3,2,1.0,1.0,1.0,1.0,1.0
a19477d22abc99a6,baseline,129-256,192.5,0,3,2,1.0,1.0,1.0,1.0,1.0
a19477d22abc99a6,emotional,129-256,192.5,0,3,2,1.0,1.0,1.0,1.0,1.0
a19477d22abc99a6,authoritative,129-256,192.5,0,3,2,1.0,1.0,1.0,1.0,1.0
a1aea129895f077d,baseline,129-256,192.5,0,4,8,1.0,1.0,1.0,1.0,1.0
a1aea129895f077d,emotional,129-256,192.5,1,17,7,0.9444444444444444,0.96,0.9083969465648855,0.9444444444444444,0.875
a1aea129895f077d,authoritative,129-256,192.5,1,19,7,0.95,0.9629629629629629,0.910958904109589,0.95,0.875
a1d05335dfabfda1,baseline,129-256,192.5,1,1,1,0.5,0.6666666666666666,0.5,0.5,0.5
a1d05335dfabfda1,emotional,129-256,192.5,1,1,1,0.5,0.6666666666666666,0.5,0.5,0.5
a1d05335dfabfda1,authoritative,129-256,192.5,1,1,1,0.5,0.6666666666666666,0.5,0.5,0.5
a1d1c543e42f83f4,baseline,129-256,192.5,0,4,6,1.0,1.0,1.0,1.0,1.0
a1d1c543e42f83f4,emotional,129-256,192.5,0,8,6,1.0,1.0,1.0,1.0,1.0
a1d1c543e42f83f4,authoritative,129-256,192.5,0,4,6,1.0,1.0,1.0,1.0,1.0
a1e40f5d3a358567,baseline,129-256,192.5,0,6,4,1.0,1.0,1.0,1.0,1.0
a1e40f5d3a358567,emotional,129-256,192.5,0,6,4,1.0,1.0,1.0,1.0,1.0
a1e40f5d3a358567,authoritative,129-256,192.5,0,6,4,1.0,1.0,1.0,1.0,1.0
a1e43715a3334d98,baseline,33-64,48.5,0,5,4,1.0,1.0,1.0,1.0,1.0
a1e43715a3334d98,emotional,33-64,48.5,0,20,4,1.0,1.0,1.0,1.0,1.0
a1e43715a3334d98,authoritative,33-64,48.5,0,8,4,1.0,1.0,1.0,1.0,1.0
a1f4789ebc2cc23b,baseline,257-512,384.5,0,3,3,1.0,1.0,1.0,1.0,1.0
a1f4789ebc2cc23b,emotional,257-512,384.5,0,3,3,1.0,1.0,1.0,1.0,1.0
a1f4789ebc2cc23b,authoritative,257-512,384.5,0,3,3,1.0,1.0,1.0,1.0,1.0
a2ef2c24e5b21429,baseline,513-1024,768.5,0,3,2,1.0,1.0,1.0,1.0,1.0
a2ef2c24e5b21429,emotional,513-1024,768.5,0,3,2,1.0,1.0,1.0,1.0,1.0
a2ef2c24e5b21429,authoritative,513-1024,768.5,0,2,2,1.0,1.0,1.0,1.0,1.0
a31a533f1971aff6,baseline,257-512,384.5,0,3,6,1.0,1.0,1.0,1.0,1.0
a31a533f1971aff6,emotional,257-512,384.5,0,3,6,1.0,1.0,1.0,1.0,1.0
a31a533f1971aff6,authoritative,257-512,384.5,0,3,6,1.0,1.0,1.0,1.0,1.0
a366621f373d0a78,baseline,65-128,96.5,0,3,2,1.0,1.0,1.0,1.0,1.0
a366621f373d0a78,emotional,65-128,96.5,0,3,2,1.0,1.0,1.0,1.0,1.0
a366621f373d0a78,authoritative,65-128,96.5,0,19,2,1.0,1.0,1.0,1.0,1.0
a3dbb815acbb4243,baseline,33-64,48.5,0,7,4,1.0,1.0,1.0,1.0,1.0
a3dbb815acbb4243,emotional,33-64,48.5,3,1,1,0.25,0.4,0.25,0.25,0.25
a3dbb815acbb4243,authoritative,33-64,48.5,1,8,3,0.8888888888888888,0.9166666666666666,0.8135593220338984,0.8888888888888888,0.75
a3e19f7e5db5914d,baseline,33-64,48.5,0,7,5,1.0,1.0,1.0,1.0,1.0
a3e19f7e5db5914d,emotional,33-64,48.5,0,11,5,1.0,1.0,1.0,1.0,1.0
a3e19f7e5db5914d,authoritative,33-64,48.5,0,6,5,1.0,1.0,1.0,1.0,1.0
a4530d3118b7f48f,baseline,3-4,3.5,0,3,1,1.0,1.0,1.0,1.0,1.0
a4530d3118b7f48f,emotional,3-4,3.5,0,2,1,1.0,1.0,1.0,1.0,1.0
a4530d3118b7f48f,authoritative,3-4,3.5,0,3,1,1.0,1.0,1.0,1.0,1.0
a4544b00497a2520,baseline,513-1024,768.5,0,3,4,1.0,1.0,1.0,1.0,1.0
a4544b00497a2520,emotional,513-1024,768.5,0,3,4,1.0,1.0,1.0,1.0,1.0
a4544b00497a2520,authoritative,513-1024,768.5,0,3,4,1.0,1.0,1.0,1.0,1.0
a45fd282f18c8435,baseline,17-32,24.5,0,4,2,1.0,1.0,1.0,1.0,1.0
a45fd282f18c8435,emotional,17-32,24.5,0,5,2,1.0,1.0,1.0,1.0,1.0
a45fd282f18c8435,authoritative,17-32,24.5,0,5,2,1.0,1.0,1.0,1.0,1.0
a477f8efe1fa4e0a,baseline,513-1024,768.5,0,6,3,1.0,1.0,1.0,1.0,1.0
a477f8efe1fa4e0a,emotional,513-1024,768.5,0,7,3,1.0,1.0,1.0,1.0,1.0
a477f8efe1fa4e0a,authoritative,513-1024,768.5,0,5,3,1.0,1.0,1.0,1.0,1.0
a49243c6e93018a9,baseline,129-256,192.5,6,2,3,0.33333333333333337,0.45454545454545453,0.2857142857142857,0.25,0.3333333333333333
a49243c6e93018a9,emotional,129-256,192.5,4,7,5,0.6363636363636364,0.75,0.5932203389830508,0.6363636363636364,0.5555555555555556
a49243c6e93018a9,authoritative,129-256,192.5,4,16,5,0.8,0.84,0.6557377049180327,0.8,0.5555555555555556
a554e85b9e6009c9,baseline,65-128,96.5,0,5,3,1.0,1.0,1.0,1.0,1.0
a554e85b9e6009c9,emotional,65-128,96.5,0,5,3,1.0,1.0,1.0,1.0,1.0
a554e85b9e6009c9,authoritative,65-128,96.5,0,6,3,1.0,1.0,1.0,1.0,1.0
a58959da68cc8118,baseline,5-8,6.5,0,3,2,1.0,1.0,1.0,1.0,1.0
a58959da68cc8118,emotional,5-8,6.5,0,5,2,1.0,1.0,1.0,1.0,1.0
a58959da68cc8118,authoritative,5-8,6.5,0,5,2,1.0,1.0,1.0,1.0,1.0
a6158acbe6c0a692,baseline,17-32,24.5,0,2,1,1.0,1.0,1.0,1.0,1.0
a6158acbe6c0a692,emotional,17-32,24.5,0,3,1,1.0,1.0,1.0,1.0,1.0
a6158acbe6c0a692,authoritative,17-32,24.5,0,4,1,1.0,1.0,1.0,1.0,1.0
a61dd8fb06afa5bb,baseline,3-4,3.5,0,5,3,1.0,1.0,1.0,1.0,1.0
a61dd8fb06afa5bb,emotional,3-4,3.5,0,7,3,1.0,1.0,1.0,1.0,1.0
a61dd8fb06afa5bb,authoritative,3-4,3.5,0,5,3,1.0,1.0,1.0,1.0,1.0
a6ad7ff75c7926b8,baseline,65-128,96.5,2,3,6,0.75,0.8181818181818182,0.6666666666666666,0.6,0.75
a6ad7ff75c7926b8,emotional,65-128,96.5,5,5,3,0.5,0.6153846153846154,0.42857142857142855,0.5,0.375
a6ad7ff75c7926b8,authoritative,65-128,96.5,5,5,3,0.5,0.6153846153846154,0.42857142857142855,0.5,0.375
a6d04b5f97f86d20,baseline,513-1024,768.5,0,4,9,1.0,1.0,1.0,1.0,1.0
a6d04b5f97f86d20,emotional,513-1024,768.5,0,18,9,1.0,1.0,1.0,1.0,1.0
a6d04b5f97f86d20,authoritative,513-1024,768.5,0,16,9,1.0,1.0,1.0,1.0,1.0
a74963e9b5352a0f,baseline,257-512,384.5,0,4,6,1.0,1.0,1.0,1.0,1.0
a74963e9b5352a0f,emotional,257-512,384.5,0,3,6,1.0,1.0,1.0,1.0,1.0
a74963e9b5352a0f,authoritative,257-512,384.5,0,3,6,1.0,1.0,1.0,1.0,1.0
a755c3f3c1a377dd,baseline,5-8,6.5,0,8,2,1.0,1.0,1.0,1.0,1.0
a755c3f3c1a377dd,emotional,5-8,6.5,0,4,2,1.0,1.0,1.0,1.0,1.0
a755c3f3c1a377dd,authoritative,5-8,6.5,0,4,2,1.0,1.0,1.0,1.0,1.0
a758ba9e8ddc384d,baseline,257-512,384.5,1,4,5,0.8333333333333334,0.9,0.8163265306122449,0.8,0.8333333333333334
a758ba9e8ddc384d,emotional,257-512,384.5,0,3,6,1.0,1.0,1.0,1.0,1.0
a758ba9e8ddc384d,authoritative,257-512,384.5,0,4,6,1.0,1.0,1.0,1.0,1.0
a769b52a912d1127,baseline,129-256,192.5,0,2,1,1.0,1.0,1.0,1.0,1.0
a769b52a912d1127,emotional,129-256,192.5,1,0,0,0.0,0.0,0.0,0.0,0.0
a769b52a912d1127,authoritative,129-256,192.5,1,0,0,0.0,0.0,0.0,0.0,0.0
a7c72d500b6f4ae5,baseline,513-1024,768.5,0,5,10,1.0,1.0,1.0,1.0,1.0
a7c72d500b6f4ae5,emotional,513-1024,768.5,0,16,10,1.0,1.0,1.0,1.0,1.0
a7c72d500b6f4ae5,authoritative,513-1024,768.5,0,8,10,1.0,1.0,1.0,1.0,1.0
a7e9a459254a0962,baseline,33-64,48.5,0,3,3,1.0,1.0,1.0,1.0,1.0
a7e9a459254a0962,emotional,33-64,48.5,0,2,3,1.0,1.0,1.0,1.0,1.0
a7e9a459254a0962,authoritative,33-64,48.5,0,2,3,1.0,1.0,1.0,1.0,1.0
a8d6de719b6405c5,baseline,65-128,96.5,0,6,4,1.0,1.0,1.0,1.0,1.0
a8d6de719b6405c5,emotional,65-128,96.5,0,4,4,1.0,1.0,1.0,1.0,1.0
a8d6de719b6405c5,authoritative,65-128,96.5,0,16,4,1.0,1.0,1.0,1.0,1.0
a938017ff41773e3,baseline,9-16,12.5,0,2,1,1.0,1.0,1.0,1.0,1.0
a938017ff41773e3,emotional,9-16,12.5,1,2,0,0.6666666666666667,0.6666666666666666,0.0,0.6666666666666666,0.0
a938017ff41773e3,authoritative,9-16,12.5,0,2,1,1.0,1.0,1.0,1.0,1.0
a93c616594078e50,baseline,5-8,6.5,0,3,2,1.0,1.0,1.0,1.0,1.0
a93c616594078e50,emotional,5-8,6.5,0,3,2,1.0,1.0,1.0,1.0,1.0
a93c616594078e50,authoritative,5-8,6.5,0,4,2,1.0,1.0,1.0,1.0,1.0
a94948e5ad976304,baseline,257-512,384.5,0,5,7,1.0,1.0,1.0,1.0,1.0
a94948e5ad976304,emotional,257-512,384.5,0,2,7,1.0,1.0,1.0,1.0,1.0
a94948e5ad976304,authoritative,257-512,384.5,0,2,7,1.0,1.0,1.0,1.0,1.0
a9905af4b65115d3,baseline,3-4,3.5,0,2,2,1.0,1.0,1.0,1.0,1.0
a9905af4b65115d3,emotional,3-4,3.5,0,2,2,1.0,1.0,1.0,1.0,1.0
a9905af4b65115d3,authoritative,3-4,3.5,0,2,2,1.0,1.0,1.0,1.0,1.0
aa131d6230208c7d,baseline,129-256,192.5,0,3,2,1.0,1.0,1.0,1.0,1.0
aa131d6230208c7d,emotional,129-256,192.5,0,2,2,1.0,1.0,1.0,1.0,1.0
aa131d6230208c7d,authoritative,129-256,192.5,0,3,2,1.0,1.0,1.0,1.0,1.0
aa2bb5f47764b32d,baseline,513-1024,768.5,1,2,0,0.6666666666666667,0.6666666666666666,0.0,0.6666666666666666,0.0
aa2bb5f47764b32d,emotional,513-1024,768.5,0,4,1,1.0,1.0,1.0,1.0,1.0
aa2bb5f47764b32d,authoritative,513-1024,768.5,1,1,0,0.5,0.5,0.0,0.5,0.0
aac5051d8fd6e5a4,baseline,5-8,6.5,1,1,1,0.5,0.6666666666666666,0.5,0.5,0.5
aac5051d8fd6e5a4,emotional,5-8,6.5,0,2,2,1.0,1.0,1.0,1.0,1.0
aac5051d8fd6e5a4,authoritative,5-8,6.5,0,2,2,1.0,1.0,1.0,1.0,1.0
aaeff8f10d7fa208,baseline,2049-4096,3072.5,0,2,2,1.0,1.0,1.0,1.0,1.0
aaeff8f10d7fa208,emotional,2049-4096,3072.5,0,5,2,1.0,1.0,1.0,1.0,1.0
aaeff8f10d7fa208,authoritative,2049-4096,3072.5,2,0,0,0.0,0.0,0.0,0.0,0.0
ab0f437608ebc4ff,baseline,3-4,3.5,0,4,4,1.0,1.0,1.0,1.0,1.0
ab0f437608ebc4ff,emotional,3-4,3.5,0,5,4,1.0,1.0,1.0,1.0,1.0
ab0f437608ebc4ff,authoritative,3-4,3.5,0,3,4,1.0,1.0,1.0,1.0,1.0
ab23399e342e7b16,baseline,1025-2048,1536.5,0,6,5,1.0,1.0,1.0,1.0,1.0
ab23399e342e7b16,emotional,1025-2048,1536.5,0,15,5,1.0,1.0,1.0,1.0,1.0
ab23399e342e7b16,authoritative,1025-2048,1536.5,0,6,5,1.0,1.0,1.0,1.0,1.0
ab3d2210f3e34dd3,baseline,9-16,12.5,0,4,3,1.0,1.0,1.0,1.0,1.0
ab3d2210f3e34dd3,emotional,9-16,12.5,0,4,3,1.0,1.0,1.0,1.0,1.0
ab3d2210f3e34dd3,authoritative,9-16,12.5,1,3,2,0.75,0.8333333333333334,0.7058823529411765,0.75,0.6666666666666666
ab5da8b7244f5b74,baseline,5-8,6.5,0,6,2,1.0,1.0,1.0,1.0,1.0
ab5da8b7244f5b74,emotional,5-8,6.5,0,4,2,1.0,1.0,1.0,1.0,1.0
ab5da8b7244f5b74,authoritative,5-8,6.5,0,2,2,1.0,1.0,1.0,1.0,1.0
ab888c7020090459,baseline,0-2,1.0,0,3,3,1.0,1.0,1.0,1.0,1.0
ab888c7020090459,emotional,0-2,1.0,0,3,3,1.0,1.0,1.0,1.0,1.0
ab888c7020090459,authoritative,0-2,1.0,0,3,3,1.0,1.0,1.0,1.0,1.0
abef0a8fb318aa31,baseline,17-32,24.5,0,7,2,1.0,1.0,1.0,1.0,1.0
abef0a8fb318aa31,emotional,17-32,24.5,0,9,2,1.0,1.0,1.0,1.0,1.0
abef0a8fb318aa31,authoritative,17-32,24.5,0,9,2,1.0,1.0,1.0,1.0,1.0
ac076cbb0b7868f5,baseline,0-2,1.0,0,3,3,1.0,1.0,1.0,1.0,1.0
ac076cbb0b7868f5,emotional,0-2,1.0,0,3,3,1.0,1.0,1.0,1.0,1.0
ac076cbb0b7868f5,authoritative,0-2,1.0,0,3,3,1.0,1.0,1.0,1.0,1.0
ac3a8095e11996fb,baseline,65-128,96.5,0,3,3,1.0,1.0,1.0,1.0,1.0
ac3a8095e11996fb,emotional,65-128,96.5,0,3,3,1.0,1.0,1.0,1.0,1.0
ac3a8095e11996fb,authoritative,65-128,96.5,0,3,3,1.0,1.0,1.0,1.0,1.0
acc15c00d3af26ad,baseline,3-4,3.5,0,7,6,1.0,1.0,1.0,1.0,1.0
acc15c00d3af26ad,emotional,3-4,3.5,0,10,6,1.0,1.0,1.0,1.0,1.0
acc15c00d3af26ad,authoritative,3-4,3.5,0,16,6,1.0,1.0,1.0,1.0,1.0
ad43eb21b29355e5,baseline,1025-2048,1536.5,1,0,0,0.0,0.0,0.0,0.0,0.0
ad43eb21b29355e5,emotional,1025-2048,1536.5,1,0,0,0.0,0.0,0.0,0.0,0.0
ad43eb21b29355e5,authoritative,1025-2048,1536.5,1,0,0,0.0,0.0,0.0,0.0,0.0
ad6c824228a4a06c,baseline,9-16,12.5,0,3,4,1.0,1.0,1.0,1.0,1.0
ad6c824228a4a06c,emotional,9-16,12.5,0,3,4,1.0,1.0,1.0,1.0,1.0
ad6c824228a4a06c,authoritative,9-16,12.5,0,4,4,1.0,1.0,1.0,1.0,1.0
ad94178c16a1b08b,baseline,513-1024,768.5,0,5,3,1.0,1.0,1.0,1.0,1.0
ad94178c16a1b08b,emotional,513-1024,768.5,2,2,1,0.5,0.6,0.4,0.5,0.3333333333333333
ad94178c16a1b08b,authoritative,513-1024,768.5,0,4,3,1.0,1.0,1.0,1.0,1.0
ade21fde5e594655,baseline,513-1024,768.5,2,0,0,0.0,0.0,0.0,0.0,0.0
ade21fde5e594655,emotional,513-1024,768.5,2,0,0,0.0,0.0,0.0,0.0,0.0
ade21fde5e594655,authoritative,513-1024,768.5,2,0,0,0.0,0.0,0.0,0.0,0.0
ae162f4197553f79,baseline,9-16,12.5,0,3,6,1.0,1.0,1.0,1.0,1.0
ae162f4197553f79,emotional,9-16,12.5,0,3,6,1.0,1.0,1.0,1.0,1.0
ae162f4197553f79,authoritative,9-16,12.5,0,4,6,1.0,1.0,1.0,1.0,1.0
ae318598fa0098f9,baseline,0-2,1.0,0,4,7,1.0,1.0,1.0,1.0,1.0
ae318598fa0098f9,emotional,0-2,1.0,0,10,7,1.0,1.0,1.0,1.0,1.0
ae318598fa0098f9,authoritative,0-2,1.0,0,4,7,1.0,1.0,1.0,1.0,1.0
ae6c2350fc75bfa3,baseline,0-2,1.0,0,1,1,1.0,1.0,1.0,1.0,1.0
ae6c2350fc75bfa3,emotional,0-2,1.0,0,2,1,1.0,1.0,1.0,1.0,1.0
ae6c2350fc75bfa3,authoritative,0-2,1.0,0,2,1,1.0,1.0,1.0,1.0,1.0
af155a8a843ebaaf,baseline,3-4,3.5,0,4,3,1.0,1.0,1.0,1.0,1.0
af155a8a843ebaaf,emotional,3-4,3.5,0,5,3,1.0,1.0,1.0,1.0,1.0
af155a8a843ebaaf,authoritative,3-4,3.5,0,5,3,1.0,1.0,1.0,1.0,1.0
af508a2271c9101a,baseline,17-32,24.5,0,3,3,1.0,1.0,1.0,1.0,1.0
af508a2271c9101a,emotional,17-32,24.5,0,2,3,1.0,1.0,1.0,1.0,1.0
af508a2271c9101a,authoritative,17-32,24.5,0,3,3,1.0,1.0,1.0,1.0,1.0
afb3ca86d792e53f,baseline,5-8,6.5,0,5,4,1.0,1.0,1.0,1.0,1.0
afb3ca86d792e53f,emotional,5-8,6.5,0,3,4,1.0,1.0,1.0,1.0,1.0
afb3ca86d792e53f,authoritative,5-8,6.5,0,7,4,1.0,1.0,1.0,1.0,1.0
b01eeac271201918,baseline,65-128,96.5,0,4,9,1.0,1.0,1.0,1.0,1.0
b01eeac271201918,emotional,65-128,96.5,0,6,9,1.0,1.0,1.0,1.0,1.0
b01eeac271201918,authoritative,65-128,96.5,0,4,9,1.0,1.0,1.0,1.0,1.0
b04eb42cc8699ba5,baseline,9-16,12.5,0,4,7,1.0,1.0,1.0,1.0,1.0
b04eb42cc8699ba5,emotional,9-16,12.5,1,8,6,0.8888888888888888,0.9333333333333333,0.8727272727272727,0.8888888888888888,0.8571428571428571
b04eb42cc8699ba5,authoritative,9-16,12.5,0,9,7,1.0,1.0,1.0,1.0,1.0
b09d92baa2622fba,baseline,17-32,24.5,2,1,4,0.6666666666666667,0.7142857142857143,0.4444444444444444,0.3333333333333333,0.6666666666666666
b09d92baa2622fba,emotional,17-32,24.5,1,10,5,0.9090909090909091,0.9375,0.8695652173913043,0.9090909090909091,0.8333333333333334
b09d92baa2622fba,authoritative,17-32,24.5,0,19,6,1.0,1.0,1.0,1.0,1.0
b0ea77b3ceb0aafc,baseline,5-8,6.5,0,8,7,1.0,1.0,1.0,1.0,1.0
b0ea77b3ceb0aafc,emotional,5-8,6.5,0,6,7,1.0,1.0,1.0,1.0,1.0
b0ea77b3ceb0aafc,authoritative,5-8,6.5,0,78,7,1.0,1.0,1.0,1.0,1.0
b16f9f2a766c6e4d,baseline,0-2,1.0,0,1,1,1.0,1.0,1.0,1.0,1.0
b16f9f2a766c6e4d,emotional,0-2,1.0,0,1,1,1.0,1.0,1.0,1.0,1.0
b16f9f2a766c6e4d,authoritative,0-2,1.0,0,1,1,1.0,1.0,1.0,1.0,1.0
b1f9c0cde2c2c75a,baseline,3-4,3.5,0,3,2,1.0,1.0,1.0,1.0,1.0
b1f9c0cde2c2c75a,emotional,3-4,3.5,0,4,2,1.0,1.0,1.0,1.0,1.0
b1f9c0cde2c2c75a,authoritative,3-4,3.5,0,4,2,1.0,1.0,1.0,1.0,1.0
b253ced591a99fd2,baseline,5-8,6.5,0,3,2,1.0,1.0,1.0,1.0,1.0
b253ced591a99fd2,emotional,5-8,6.5,0,4,2,1.0,1.0,1.0,1.0,1.0
b253ced591a99fd2,authoritative,5-8,6.5,0,3,2,1.0,1.0,1.0,1.0,1.0
b25be3e66eaf7ac6,baseline,9-16,12.5,0,2,3,1.0,1.0,1.0,1.0,1.0
b25be3e66eaf7ac6,emotional,9-16,12.5,0,4,3,1.0,1.0,1.0,1.0,1.0
b25be3e66eaf7ac6,authoritative,9-16,12.5,0,2,3,1.0,1.0,1.0,1.0,1.0
b27dd4cae64173be,baseline,9-16,12.5,0,4,2,1.0,1.0,1.0,1.0,1.0
b27dd4cae64173be,emotional,9-16,12.5,0,5,2,1.0,1.0,1.0,1.0,1.0
b27dd4cae64173be,authoritative,9-16,12.5,0,4,2,1.0,1.0,1.0,1.0,1.0
b2954907ab686b01,baseline,17-32,24.5,0,3,5,1.0,1.0,1.0,1.0,1.0
b2954907ab686b01,emotional,17-32,24.5,0,3,5,1.0,1.0,1.0,1.0,1.0
b2954907ab686b01,authoritative,17-32,24.5,0,3,5,1.0,1.0,1.0,1.0,1.0
b2c9d601b23c4366,baseline,129-256,192.5,0,4,5,1.0,1.0,1.0,1.0,1.0
b2c9d601b23c4366,emotional,129-256,192.5,0,3,5,1.0,1.0,1.0,1.0,1.0
b2c9d601b23c4366,authoritative,129-256,192.5,0,20,5,1.0,1.0,1.0,1.0,1.0
b374c56943072894,baseline,129-256,192.5,0,4,2,1.0,1.0,1.0,1.0,1.0
b374c56943072894,emotional,129-256,192.5,0,19,2,1.0,1.0,1.0,1.0,1.0
b374c56943072894,authoritative,129-256,192.5,0,19,2,1.0,1.0,1.0,1.0,1.0
b37aafcfb0d921bb,baseline,513-1024,768.5,3,0,1,0.25,0.25,0.0,0.0,0.25
b37aafcfb0d921bb,emotional,513-1024,768.5,3,0,1,0.25,0.25,0.0,0.0,0.25
b37aafcfb0d921bb,authoritative,513-1024,768.5,3,0,1,0.25,0.25,0.0,0.0,0.25
b39748efffc2e0d5,baseline,17-32,24.5,0,3,6,1.0,1.0,1.0,1.0,1.0
b39748efffc2e0d5,emotional,17-32,24.5,0,3,6,1.0,1.0,1.0,1.0,1.0
b39748efffc2e0d5,authoritative,17-32,24.5,0,4,6,1.0,1.0,1.0,1.0,1.0
b3cb31e4790c969f,baseline,257-512,384.5,1,5,9,0.9,0.9333333333333333,0.8653846153846154,0.8333333333333334,0.9
b3cb31e4790c969f,emotional,257-512,384.5,0,0,10,1.0,1.0,0.0,nan,1.0
b3cb31e4790c969f,authoritative,257-512,384.5,0,3,10,1.0,1.0,1.0,1.0,1.0
b3e7aa52cc2f3b1d,baseline,9-16,12.5,0,6,3,1.0,1.0,1.0,1.0,1.0
b3e7aa52cc2f3b1d,emotional,9-16,12.5,0,10,3,1.0,1.0,1.0,1.0,1.0
b3e7aa52cc2f3b1d,authoritative,9-16,12.5,0,20,3,1.0,1.0,1.0,1.0,1.0
b455aa40652b3b51,baseline,129-256,192.5,2,0,0,0.0,0.0,0.0,0.0,0.0
b455aa40652b3b51,emotional,129-256,192.5,2,0,0,0.0,0.0,0.0,0.0,0.0
b455aa40652b3b51,authoritative,129-256,192.5,2,0,0,0.0,0.0,0.0,0.0,0.0
b479b7fbd0ca2d7a,baseline,129-256,192.5,0,4,6,1.0,1.0,1.0,1.0,1.0
b479b7fbd0ca2d7a,emotional,129-256,192.5,0,3,6,1.0,1.0,1.0,1.0,1.0
b479b7fbd0ca2d7a,authoritative,129-256,192.5,0,2,6,1.0,1.0,1.0,1.0,1.0
b4d0159ec7a3c83b,baseline,5-8,6.5,0,3,3,1.0,1.0,1.0,1.0,1.0
b4d0159ec7a3c83b,emotional,5-8,6.5,0,2,3,1.0,1.0,1.0,1.0,1.0
b4d0159ec7a3c83b,authoritative,5-8,6.5,0,2,3,1.0,1.0,1.0,1.0,1.0
b4ff6a976fe35284,baseline,33-64,48.5,0,2,2,1.0,1.0,1.0,1.0,1.0
b4ff6a976fe35284,emotional,33-64,48.5,0,2,2,1.0,1.0,1.0,1.0,1.0
b4ff6a976fe35284,authoritative,33-64,48.5,0,2,2,1.0,1.0,1.0,1.0,1.0
b5531dfcd27858ee,baseline,33-64,48.5,0,3,2,1.0,1.0,1.0,1.0,1.0
b5531dfcd27858ee,emotional,33-64,48.5,0,6,2,1.0,1.0,1.0,1.0,1.0
b5531dfcd27858ee,authoritative,33-64,48.5,0,5,2,1.0,1.0,1.0,1.0,1.0
b5585b97aba42dee,baseline,257-512,384.5,0,3,3,1.0,1.0,1.0,1.0,1.0
b5585b97aba42dee,emotional,257-512,384.5,0,2,3,1.0,1.0,1.0,1.0,1.0
b5585b97aba42dee,authoritative,257-512,384.5,0,2,3,1.0,1.0,1.0,1.0,1.0
b5bedba402590efb,baseline,17-32,24.5,0,3,2,1.0,1.0,1.0,1.0,1.0
b5bedba402590efb,emotional,17-32,24.5,0,3,2,1.0,1.0,1.0,1.0,1.0
b5bedba402590efb,authoritative,17-32,24.5,0,2,2,1.0,1.0,1.0,1.0,1.0
b5c62a60de84cc93,baseline,65-128,96.5,0,0,4,1.0,1.0,0.0,nan,1.0
b5c62a60de84cc93,emotional,65-128,96.5,0,6,4,1.0,1.0,1.0,1.0,1.0
b5c62a60de84cc93,authoritative,65-128,96.5,0,9,4,1.0,1.0,1.0,1.0,1.0
b5eece9458065bdd,baseline,17-32,24.5,0,2,1,1.0,1.0,1.0,1.0,1.0
b5eece9458065bdd,emotional,17-32,24.5,0,3,1,1.0,1.0,1.0,1.0,1.0
b5eece9458065bdd,authoritative,17-32,24.5,0,2,1,1.0,1.0,1.0,1.0,1.0
b6045d7b219c18e3,baseline,9-16,12.5,0,3,6,1.0,1.0,1.0,1.0,1.0
b6045d7b219c18e3,emotional,9-16,12.5,0,4,6,1.0,1.0,1.0,1.0,1.0
b6045d7b219c18e3,authoritative,9-16,12.5,0,6,6,1.0,1.0,1.0,1.0,1.0
b605258acc29a879,baseline,9-16,12.5,0,1,5,1.0,1.0,1.0,1.0,1.0
b605258acc29a879,emotional,9-16,12.5,0,13,5,1.0,1.0,1.0,1.0,1.0
b605258acc29a879,authoritative,9-16,12.5,0,9,5,1.0,1.0,1.0,1.0,1.0
b669cbb9484d429d,baseline,3-4,3.5,0,4,4,1.0,1.0,1.0,1.0,1.0
b669cbb9484d429d,emotional,3-4,3.5,0,6,4,1.0,1.0,1.0,1.0,1.0
b669cbb9484d429d,authoritative,3-4,3.5,0,4,4,1.0,1.0,1.0,1.0,1.0
b6995ea061849fdb,baseline,65-128,96.5,0,3,1,1.0,1.0,1.0,1.0,1.0
b6995ea061849fdb,emotional,65-128,96.5,0,2,1,1.0,1.0,1.0,1.0,1.0
b6995ea061849fdb,authoritative,65-128,96.5,0,2,1,1.0,1.0,1.0,1.0,1.0
b71249e0b02e5d87,baseline,33-64,48.5,0,3,5,1.0,1.0,1.0,1.0,1.0
b71249e0b02e5d87,emotional,33-64,48.5,0,16,5,1.0,1.0,1.0,1.0,1.0
b71249e0b02e5d87,authoritative,33-64,48.5,0,4,5,1.0,1.0,1.0,1.0,1.0
b76dea240156b1e0,baseline,65-128,96.5,0,16,5,1.0,1.0,1.0,1.0,1.0
b76dea240156b1e0,emotional,65-128,96.5,0,20,5,1.0,1.0,1.0,1.0,1.0
b76dea240156b1e0,authoritative,65-128,96.5,2,3,3,0.6,0.75,0.6,0.6,0.6
b7b49abb8baf93c6,baseline,257-512,384.5,0,6,4,1.0,1.0,1.0,1.0,1.0
b7b49abb8baf93c6,emotional,257-512,384.5,0,4,4,1.0,1.0,1.0,1.0,1.0
b7b49abb8baf93c6,authoritative,257-512,384.5,0,5,4,1.0,1.0,1.0,1.0,1.0
b7e506060864d6ae,baseline,65-128,96.5,1,3,0,0.75,0.75,0.0,0.75,0.0
b7e506060864d6ae,emotional,65-128,96.5,1,1,0,0.5,0.5,0.0,0.5,0.0
b7e506060864d6ae,authoritative,65-128,96.5,1,3,0,0.75,0.75,0.0,0.75,0.0
b83679a49d34f5c9,baseline,513-1024,768.5,0,3,3,1.0,1.0,1.0,1.0,1.0
b83679a49d34f5c9,emotional,513-1024,768.5,0,5,3,1.0,1.0,1.0,1.0,1.0
b83679a49d34f5c9,authoritative,513-1024,768.5,0,8,3,1.0,1.0,1.0,1.0,1.0
b838c4549c375e48,baseline,33-64,48.5,0,3,2,1.0,1.0,1.0,1.0,1.0
b838c4549c375e48,emotional,33-64,48.5,0,4,2,1.0,1.0,1.0,1.0,1.0
b838c4549c375e48,authoritative,33-64,48.5,0,5,2,1.0,1.0,1.0,1.0,1.0
b89cc77f3a497753,baseline,513-1024,768.5,4,1,0,0.19999999999999996,0.2,0.0,0.2,0.0
b89cc77f3a497753,emotional,513-1024,768.5,0,3,4,1.0,1.0,1.0,1.0,1.0
b89cc77f3a497753,authoritative,513-1024,768.5,2,1,2,0.5,0.6,0.4,0.3333333333333333,0.5
b8b3553accb76e62,baseline,33-64,48.5,2,8,7,0.8,0.8823529411764706,0.7887323943661971,0.8,0.7777777777777778
b8b3553accb76e62,emotional,33-64,48.5,0,0,9,1.0,1.0,0.0,nan,1.0
b8b3553accb76e62,authoritative,33-64,48.5,0,6,9,1.0,1.0,1.0,1.0,1.0
b8c7e201e12e6494,baseline,5-8,6.5,0,2,1,1.0,1.0,1.0,1.0,1.0
b8c7e201e12e6494,emotional,5-8,6.5,0,2,1,1.0,1.0,1.0,1.0,1.0
b8c7e201e12e6494,authoritative,5-8,6.5,0,3,1,1.0,1.0,1.0,1.0,1.0
b8f8171fb148fb5c,baseline,17-32,24.5,0,4,2,1.0,1.0,1.0,1.0,1.0
b8f8171fb148fb5c,emotional,17-32,24.5,0,2,2,1.0,1.0,1.0,1.0,1.0
b8f8171fb148fb5c,authoritative,17-32,24.5,0,3,2,1.0,1.0,1.0,1.0,1.0
b97c811ad50e8373,baseline,5-8,6.5,0,6,9,1.0,1.0,1.0,1.0,1.0
b97c811ad50e8373,emotional,5-8,6.5,0,16,9,1.0,1.0,1.0,1.0,1.0
b97c811ad50e8373,authoritative,5-8,6.5,0,9,9,1.0,1.0,1.0,1.0,1.0
ba34f6abab7cc6df,baseline,17-32,24.5,2,0,0,0.0,0.0,0.0,0.0,0.0
ba34f6abab7cc6df,emotional,17-32,24.5,0,2,2,1.0,1.0,1.0,1.0,1.0
ba34f6abab7cc6df,authoritative,17-32,24.5,1,1,1,0.5,0.6666666666666666,0.5,0.5,0.5
ba46c873c0136221,baseline,513-1024,768.5,1,1,0,0.5,0.5,0.0,0.5,0.0
ba46c873c0136221,emotional,513-1024,768.5,0,2,1,1.0,1.0,1.0,1.0,1.0
ba46c873c0136221,authoritative,513-1024,768.5,0,2,1,1.0,1.0,1.0,1.0,1.0
ba782068c942ec67,baseline,0-2,1.0,0,2,1,1.0,1.0,1.0,1.0,1.0
ba782068c942ec67,emotional,0-2,1.0,0,1,1,1.0,1.0,1.0,1.0,1.0
ba782068c942ec67,authoritative,0-2,1.0,0,3,1,1.0,1.0,1.0,1.0,1.0
ba7f4697ad53d952,baseline,5-8,6.5,0,2,1,1.0,1.0,1.0,1.0,1.0
ba7f4697ad53d952,emotional,5-8,6.5,0,1,1,1.0,1.0,1.0,1.0,1.0
ba7f4697ad53d952,authoritative,5-8,6.5,0,1,1,1.0,1.0,1.0,1.0,1.0
baa1dcfc1b9dfa09,baseline,2049-4096,3072.5,3,0,0,0.0,0.0,0.0,0.0,0.0
baa1dcfc1b9dfa09,emotional,2049-4096,3072.5,3,0,0,0.0,0.0,0.0,0.0,0.0
baa1dcfc1b9dfa09,authoritative,2049-4096,3072.5,2,0,1,0.33333333333333337,0.3333333333333333,0.0,0.0,0.3333333333333333
bac941c575a03f21,baseline,129-256,192.5,0,3,17,1.0,1.0,1.0,1.0,1.0
bac941c575a03f21,emotional,129-256,192.5,0,7,17,1.0,1.0,1.0,1.0,1.0
bac941c575a03f21,authoritative,129-256,192.5,1,3,16,0.9411764705882353,0.95,0.8347826086956521,0.75,0.9411764705882353
bae85136c538c72a,baseline,65-128,96.5,0,7,4,1.0,1.0,1.0,1.0,1.0
bae85136c538c72a,emotional,65-128,96.5,0,10,4,1.0,1.0,1.0,1.0,1.0
bae85136c538c72a,authoritative,65-128,96.5,0,16,4,1.0,1.0,1.0,1.0,1.0
bbe36dd0c3dbad76,baseline,5-8,6.5,1,2,1,0.6666666666666667,0.75,0.5714285714285714,0.6666666666666666,0.5
bbe36dd0c3dbad76,emotional,5-8,6.5,1,19,1,0.95,0.9523809523809523,0.6551724137931034,0.95,0.5
bbe36dd0c3dbad76,authoritative,5-8,6.5,0,5,2,1.0,1.0,1.0,1.0,1.0
bc5a1d31d05fffd9,baseline,1025-2048,1536.5,2,1,1,0.33333333333333337,0.5,0.3333333333333333,0.3333333333333333,0.3333333333333333
bc5a1d31d05fffd9,emotional,1025-2048,1536.5,2,1,1,0.33333333333333337,0.5,0.3333333333333333,0.3333333333333333,0.3333333333333333
bc5a1d31d05fffd9,authoritative,1025-2048,1536.5,2,1,1,0.33333333333333337,0.5,0.3333333333333333,0.3333333333333333,0.3333333333333333
bc8e91e0f2c75ee3,baseline,9-16,12.5,0,3,3,1.0,1.0,1.0,1.0,1.0
bc8e91e0f2c75ee3,emotional,9-16,12.5,0,4,3,1.0,1.0,1.0,1.0,1.0
bc8e91e0f2c75ee3,authoritative,9-16,12.5,0,4,3,1.0,1.0,1.0,1.0,1.0
bcc63381e520993c,baseline,17-32,24.5,0,2,2,1.0,1.0,1.0,1.0,1.0
bcc63381e520993c,emotional,17-32,24.5,0,2,2,1.0,1.0,1.0,1.0,1.0
bcc63381e520993c,authoritative,17-32,24.5,0,2,2,1.0,1.0,1.0,1.0,1.0
bd268ccfee5b55f2,baseline,5-8,6.5,0,3,5,1.0,1.0,1.0,1.0,1.0
bd268ccfee5b55f2,emotional,5-8,6.5,0,8,5,1.0,1.0,1.0,1.0,1.0
bd268ccfee5b55f2,authoritative,5-8,6.5,0,4,5,1.0,1.0,1.0,1.0,1.0
bd61a0990a083878,baseline,65-128,96.5,0,10,9,1.0,1.0,1.0,1.0,1.0
bd61a0990a083878,emotional,65-128,96.5,0,4,9,1.0,1.0,1.0,1.0,1.0
bd61a0990a083878,authoritative,65-128,96.5,0,11,9,1.0,1.0,1.0,1.0,1.0
bd670d1d1668f8f4,baseline,257-512,384.5,0,7,4,1.0,1.0,1.0,1.0,1.0
bd670d1d1668f8f4,emotional,257-512,384.5,0,4,4,1.0,1.0,1.0,1.0,1.0
bd670d1d1668f8f4,authoritative,257-512,384.5,0,7,4,1.0,1.0,1.0,1.0,1.0
bda69a48f43dfd8e,baseline,3-4,3.5,0,5,4,1.0,1.0,1.0,1.0,1.0
bda69a48f43dfd8e,emotional,3-4,3.5,0,4,4,1.0,1.0,1.0,1.0,1.0
bda69a48f43dfd8e,authoritative,3-4,3.5,0,4,4,1.0,1.0,1.0,1.0,1.0
bde3b71a9606ce47,baseline,0-2,1.0,0,2,1,1.0,1.0,1.0,1.0,1.0
bde3b71a9606ce47,emotional,0-2,1.0,0,2,1,1.0,1.0,1.0,1.0,1.0
bde3b71a9606ce47,authoritative,0-2,1.0,0,2,1,1.0,1.0,1.0,1.0,1.0
be46ad9e0e945500,baseline,5-8,6.5,0,3,6,1.0,1.0,1.0,1.0,1.0
be46ad9e0e945500,emotional,5-8,6.5,0,7,6,1.0,1.0,1.0,1.0,1.0
be46ad9e0e945500,authoritative,5-8,6.5,0,4,6,1.0,1.0,1.0,1.0,1.0
be938030189f6c50,baseline,33-64,48.5,3,0,1,0.25,0.25,0.0,0.0,0.25
be938030189f6c50,emotional,33-64,48.5,3,3,1,0.5,0.5714285714285714,0.3333333333333333,0.5,0.25
be938030189f6c50,authoritative,33-64,48.5,4,7,0,0.6363636363636364,0.6363636363636364,0.0,0.6363636363636364,0.0
bef7377963a19b66,baseline,65-128,96.5,0,4,3,1.0,1.0,1.0,1.0,1.0
bef7377963a19b66,emotional,65-128,96.5,0,4,3,1.0,1.0,1.0,1.0,1.0
bef7377963a19b66,authoritative,65-128,96.5,0,3,3,1.0,1.0,1.0,1.0,1.0
bef98661c1efb4cf,baseline,3-4,3.5,0,3,2,1.0,1.0,1.0,1.0,1.0
bef98661c1efb4cf,emotional,3-4,3.5,0,4,2,1.0,1.0,1.0,1.0,1.0
bef98661c1efb4cf,authoritative,3-4,3.5,0,4,2,1.0,1.0,1.0,1.0,1.0
bf2e0349cef73edf,baseline,9-16,12.5,0,3,1,1.0,1.0,1.0,1.0,1.0
bf2e0349cef73edf,emotional,9-16,12.5,0,3,1,1.0,1.0,1.0,1.0,1.0
bf2e0349cef73edf,authoritative,9-16,12.5,0,4,1,1.0,1.0,1.0,1.0,1.0
c09c97aa431dfd29,baseline,257-512,384.5,2,1,1,0.33333333333333337,0.5,0.3333333333333333,0.3333333333333333,0.3333333333333333
c09c97aa431dfd29,emotional,257-512,384.5,2,1,1,0.33333333333333337,0.5,0.3333333333333333,0.3333333333333333,0.3333333333333333
c09c97aa431dfd29,authoritative,257-512,384.5,2,1,1,0.33333333333333337,0.5,0.3333333333333333,0.3333333333333333,0.3333333333333333
c200fe9c66df4899,baseline,513-1024,768.5,0,4,3,1.0,1.0,1.0,1.0,1.0
c200fe9c66df4899,emotional,513-1024,768.5,0,4,3,1.0,1.0,1.0,1.0,1.0
c200fe9c66df4899,authoritative,513-1024,768.5,0,2,3,1.0,1.0,1.0,1.0,1.0
c23a72bf225d7df6,baseline,129-256,192.5,0,4,2,1.0,1.0,1.0,1.0,1.0
c23a72bf225d7df6,emotional,129-256,192.5,0,2,2,1.0,1.0,1.0,1.0,1.0
c23a72bf225d7df6,authoritative,129-256,192.5,0,2,2,1.0,1.0,1.0,1.0,1.0
c2471c9237f7fff9,baseline,5-8,6.5,0,3,2,1.0,1.0,1.0,1.0,1.0
c2471c9237f7fff9,emotional,5-8,6.5,0,6,2,1.0,1.0,1.0,1.0,1.0
c2471c9237f7fff9,authoritative,5-8,6.5,0,4,2,1.0,1.0,1.0,1.0,1.0
c2794d436126b20f,baseline,33-64,48.5,0,3,2,1.0,1.0,1.0,1.0,1.0
c2794d436126b20f,emotional,33-64,48.5,0,4,2,1.0,1.0,1.0,1.0,1.0
c2794d436126b20f,authoritative,33-64,48.5,0,4,2,1.0,1.0,1.0,1.0,1.0
c2de2fc6e85baf64,baseline,33-64,48.5,1,11,5,0.9166666666666666,0.9411764705882353,0.873015873015873,0.9166666666666666,0.8333333333333334
c2de2fc6e85baf64,emotional,33-64,48.5,0,7,6,1.0,1.0,1.0,1.0,1.0
c2de2fc6e85baf64,authoritative,33-64,48.5,0,10,6,1.0,1.0,1.0,1.0,1.0
c2e7ae520638a79c,baseline,5-8,6.5,0,3,3,1.0,1.0,1.0,1.0,1.0
c2e7ae520638a79c,emotional,5-8,6.5,0,3,3,1.0,1.0,1.0,1.0,1.0
c2e7ae520638a79c,authoritative,5-8,6.5,0,17,3,1.0,1.0,1.0,1.0,1.0
c3479fb724863497,baseline,65-128,96.5,0,1,2,1.0,1.0,1.0,1.0,1.0
c3479fb724863497,emotional,65-128,96.5,0,2,2,1.0,1.0,1.0,1.0,1.0
c3479fb724863497,authoritative,65-128,96.5,0,1,2,1.0,1.0,1.0,1.0,1.0
c3a37ef6165edda8,baseline,1025-2048,1536.5,4,0,0,0.0,0.0,0.0,0.0,0.0
c3a37ef6165edda8,emotional,1025-2048,1536.5,4,0,0,0.0,0.0,0.0,0.0,0.0
c3a37ef6165edda8,authoritative,1025-2048,1536.5,4,0,0,0.0,0.0,0.0,0.0,0.0
c3cc8b1f09d225a9,baseline,257-512,384.5,3,0,0,0.0,0.0,0.0,0.0,0.0
c3cc8b1f09d225a9,emotional,257-512,384.5,3,0,0,0.0,0.0,0.0,0.0,0.0
c3cc8b1f09d225a9,authoritative,257-512,384.5,0,2,3,1.0,1.0,1.0,1.0,1.0
c4330dee6701c6f9,baseline,257-512,384.5,0,3,7,1.0,1.0,1.0,1.0,1.0
c4330dee6701c6f9,emotional,257-512,384.5,0,7,7,1.0,1.0,1.0,1.0,1.0
c4330dee6701c6f9,authoritative,257-512,384.5,0,6,7,1.0,1.0,1.0,1.0,1.0
c4930f8bc49f302e,baseline,9-16,12.5,0,3,4,1.0,1.0,1.0,1.0,1.0
c4930f8bc49f302e,emotional,9-16,12.5,0,3,4,1.0,1.0,1.0,1.0,1.0
c4930f8bc49f302e,authoritative,9-16,12.5,0,3,4,1.0,1.0,1.0,1.0,1.0
c4bec4b32565c3a4,baseline,33-64,48.5,0,4,1,1.0,1.0,1.0,1.0,1.0
c4bec4b32565c3a4,emotional,33-64,48.5,0,7,1,1.0,1.0,1.0,1.0,1.0
c4bec4b32565c3a4,authoritative,33-64,48.5,0,5,1,1.0,1.0,1.0,1.0,1.0
c510708800dc3a32,baseline,129-256,192.5,0,6,2,1.0,1.0,1.0,1.0,1.0
c510708800dc3a32,emotional,129-256,192.5,0,9,2,1.0,1.0,1.0,1.0,1.0
c510708800dc3a32,authoritative,129-256,192.5,0,5,2,1.0,1.0,1.0,1.0,1.0
c53fccc5bdf07d12,baseline,513-1024,768.5,4,7,1,0.6363636363636364,0.6666666666666666,0.30434782608695654,0.6363636363636364,0.2
c53fccc5bdf07d12,emotional,513-1024,768.5,4,12,1,0.75,0.7647058823529411,0.3157894736842105,0.75,0.2
c53fccc5bdf07d12,authoritative,513-1024,768.5,4,0,1,0.19999999999999996,0.2,0.0,0.0,0.2
c54cb571000f5db4,baseline,33-64,48.5,0,5,10,1.0,1.0,1.0,1.0,1.0
c54cb571000f5db4,emotional,33-64,48.5,0,8,10,1.0,1.0,1.0,1.0,1.0
c54cb571000f5db4,authoritative,33-64,48.5,0,11,10,1.0,1.0,1.0,1.0,1.0
c5a7c6ce9de1829f,baseline,65-128,96.5,0,6,6,1.0,1.0,1.0,1.0,1.0
c5a7c6ce9de1829f,emotional,65-128,96.5,0,6,6,1.0,1.0,1.0,1.0,1.0
c5a7c6ce9de1829f,authoritative,65-128,96.5,0,6,6,1.0,1.0,1.0,1.0,1.0
c60341a0117b93f0,baseline,65-128,96.5,0,4,3,1.0,1.0,1.0,1.0,1.0
c60341a0117b93f0,emotional,65-128,96.5,0,5,3,1.0,1.0,1.0,1.0,1.0
c60341a0117b93f0,authoritative,65-128,96.5,0,8,3,1.0,1.0,1.0,1.0,1.0
c630e43996b7f87f,baseline,2049-4096,3072.5,1,1,1,0.5,0.6666666666666666,0.5,0.5,0.5
c630e43996b7f87f,emotional,2049-4096,3072.5,2,0,0,0.0,0.0,0.0,0.0,0.0
c630e43996b7f87f,authoritative,2049-4096,3072.5,2,0,0,0.0,0.0,0.0,0.0,0.0
c634c74e58f85aba,baseline,3-4,3.5,1,2,1,0.6666666666666667,0.75,0.5714285714285714,0.6666666666666666,0.5
c634c74e58f85aba,emotional,3-4,3.5,1,3,1,0.75,0.8,0.6,0.75,0.5
c634c74e58f85aba,authoritative,3-4,3.5,0,3,2,1.0,1.0,1.0,1.0,1.0
c6710236870ec248,baseline,9-16,12.5,0,8,1,1.0,1.0,1.0,1.0,1.0
c6710236870ec248,emotional,9-16,12.5,1,1,0,0.5,0.5,0.0,0.5,0.0
c6710236870ec248,authoritative,9-16,12.5,1,1,0,0.5,0.5,0.0,0.5,0.0
c67f6cec5131b35d,baseline,0-2,1.0,0,5,2,1.0,1.0,1.0,1.0,1.0
c67f6cec5131b35d,emotional,0-2,1.0,0,8,2,1.0,1.0,1.0,1.0,1.0
c67f6cec5131b35d,authoritative,0-2,1.0,1,4,1,0.8,0.8333333333333334,0.6153846153846154,0.8,0.5
c68117bc505c22ab,baseline,257-512,384.5,0,5,9,1.0,1.0,1.0,1.0,1.0
c68117bc505c22ab,emotional,257-512,384.5,0,6,9,1.0,1.0,1.0,1.0,1.0
c68117bc505c22ab,authoritative,257-512,384.5,0,21,9,1.0,1.0,1.0,1.0,1.0
c6b6d5284ec2ab2d,baseline,1025-2048,1536.5,4,2,2,0.33333333333333337,0.5,0.3333333333333333,0.3333333333333333,0.3333333333333333
c6b6d5284ec2ab2d,emotional,1025-2048,1536.5,4,2,2,0.33333333333333337,0.5,0.3333333333333333,0.3333333333333333,0.3333333333333333
c6b6d5284ec2ab2d,authoritative,1025-2048,1536.5,4,2,2,0.33333333333333337,0.5,0.3333333333333333,0.3333333333333333,0.3333333333333333
c7887a428a333543,baseline,1025-2048,1536.5,10,5,4,0.33333333333333337,0.47368421052631576,0.3076923076923077,0.3333333333333333,0.2857142857142857
c7887a428a333543,emotional,1025-2048,1536.5,9,11,5,0.55,0.64,0.4330708661417323,0.55,0.35714285714285715
c7887a428a333543,authoritative,1025-2048,1536.5,9,10,5,0.5263157894736843,0.625,0.425531914893617,0.5263157894736842,0.35714285714285715
c7a1d7fb88ae6864,baseline,1025-2048,1536.5,0,4,2,1.0,1.0,1.0,1.0,1.0
c7a1d7fb88ae6864,emotional,1025-2048,1536.5,0,2,2,1.0,1.0,1.0,1.0,1.0
c7a1d7fb88ae6864,authoritative,1025-2048,1536.5,0,2,2,1.0,1.0,1.0,1.0,1.0
c7ebb58ff1a9e285,baseline,3-4,3.5,0,3,1,1.0,1.0,1.0,1.0,1.0
c7ebb58ff1a9e285,emotional,3-4,3.5,0,1,1,1.0,1.0,1.0,1.0,1.0
c7ebb58ff1a9e285,authoritative,3-4,3.5,0,2,1,1.0,1.0,1.0,1.0,1.0
c8e23a9cb3381e7f,baseline,65-128,96.5,0,4,2,1.0,1.0,1.0,1.0,1.0
c8e23a9cb3381e7f,emotional,65-128,96.5,0,5,2,1.0,1.0,1.0,1.0,1.0
c8e23a9cb3381e7f,authoritative,65-128,96.5,0,5,2,1.0,1.0,1.0,1.0,1.0
c8f30b2f306911dc,baseline,513-1024,768.5,1,2,5,0.8333333333333334,0.875,0.7407407407407407,0.6666666666666666,0.8333333333333334
c8f30b2f306911dc,emotional,513-1024,768.5,1,19,5,0.95,0.96,0.8878504672897196,0.95,0.8333333333333334
c8f30b2f306911dc,authoritative,513-1024,768.5,1,19,5,0.95,0.96,0.8878504672897196,0.95,0.8333333333333334
c90a30c0fc47e3fb,baseline,33-64,48.5,0,6,5,1.0,1.0,1.0,1.0,1.0
c90a30c0fc47e3fb,emotional,33-64,48.5,0,4,5,1.0,1.0,1.0,1.0,1.0
c90a30c0fc47e3fb,authoritative,33-64,48.5,2,3,3,0.6,0.75,0.6,0.6,0.6
c910400ac0f8c43a,baseline,9-16,12.5,12,0,0,0.0,0.0,0.0,0.0,0.0
c910400ac0f8c43a,emotional,9-16,12.5,12,0,0,0.0,0.0,0.0,0.0,0.0
c910400ac0f8c43a,authoritative,9-16,12.5,12,0,0,0.0,0.0,0.0,0.0,0.0
c91bb9babd8932d7,baseline,1025-2048,1536.5,1,4,0,0.8,0.8,0.0,0.8,0.0
c91bb9babd8932d7,emotional,1025-2048,1536.5,1,5,0,0.8333333333333334,0.8333333333333334,0.0,0.8333333333333334,0.0
c91bb9babd8932d7,authoritative,1025-2048,1536.5,1,4,0,0.8,0.8,0.0,0.8,0.0
c980c848a850becd,baseline,17-32,24.5,0,5,2,1.0,1.0,1.0,1.0,1.0
c980c848a850becd,emotional,17-32,24.5,0,9,2,1.0,1.0,1.0,1.0,1.0
c980c848a850becd,authoritative,17-32,24.5,0,9,2,1.0,1.0,1.0,1.0,1.0
c9d3d03c9ec3f405,baseline,0-2,1.0,0,3,1,1.0,1.0,1.0,1.0,1.0
c9d3d03c9ec3f405,emotional,0-2,1.0,0,15,1,1.0,1.0,1.0,1.0,1.0
c9d3d03c9ec3f405,authoritative,0-2,1.0,0,4,1,1.0,1.0,1.0,1.0,1.0
caaa93c002e2214e,baseline,3-4,3.5,0,4,5,1.0,1.0,1.0,1.0,1.0
caaa93c002e2214e,emotional,3-4,3.5,0,5,5,1.0,1.0,1.0,1.0,1.0
caaa93c002e2214e,authoritative,3-4,3.5,0,6,5,1.0,1.0,1.0,1.0,1.0
cad247a63240d874,baseline,0-2,1.0,0,3,4,1.0,1.0,1.0,1.0,1.0
cad247a63240d874,emotional,0-2,1.0,0,5,4,1.0,1.0,1.0,1.0,1.0
cad247a63240d874,authoritative,0-2,1.0,0,3,4,1.0,1.0,1.0,1.0,1.0
cb1f003050e02612,baseline,65-128,96.5,0,3,3,1.0,1.0,1.0,1.0,1.0
cb1f003050e02612,emotional,65-128,96.5,0,4,3,1.0,1.0,1.0,1.0,1.0
cb1f003050e02612,authoritative,65-128,96.5,0,3,3,1.0,1.0,1.0,1.0,1.0
cb5389798ee17f5f,baseline,257-512,384.5,0,2,2,1.0,1.0,1.0,1.0,1.0
cb5389798ee17f5f,emotional,257-512,384.5,0,2,2,1.0,1.0,1.0,1.0,1.0
cb5389798ee17f5f,authoritative,257-512,384.5,0,2,2,1.0,1.0,1.0,1.0,1.0
cb70e266572d21c8,baseline,65-128,96.5,6,12,14,0.7,0.8125,0.6829268292682927,0.6666666666666666,0.7
cb70e266572d21c8,emotional,65-128,96.5,11,5,9,0.44999999999999996,0.56,0.36885245901639346,0.3125,0.45
cb70e266572d21c8,authoritative,65-128,96.5,4,16,16,0.8,0.8888888888888888,0.8,0.8,0.8
cc083adcb0ed7905,baseline,513-1024,768.5,0,2,2,1.0,1.0,1.0,1.0,1.0
cc083adcb0ed7905,emotional,513-1024,768.5,0,1,2,1.0,1.0,1.0,1.0,1.0
cc083adcb0ed7905,authoritative,513-1024,768.5,0,2,2,1.0,1.0,1.0,1.0,1.0
cc3c8ab0e60a2dfe,baseline,513-1024,768.5,0,6,7,1.0,1.0,1.0,1.0,1.0
cc3c8ab0e60a2dfe,emotional,513-1024,768.5,6,1,1,0.1428571428571429,0.25,0.14285714285714285,0.14285714285714285,0.14285714285714285
cc3c8ab0e60a2dfe,authoritative,513-1024,768.5,7,0,0,0.0,0.0,0.0,0.0,0.0
cc528a6180781b56,baseline,3-4,3.5,0,6,3,1.0,1.0,1.0,1.0,1.0
cc528a6180781b56,emotional,3-4,3.5,0,6,3,1.0,1.0,1.0,1.0,1.0
cc528a6180781b56,authoritative,3-4,3.5,0,5,3,1.0,1.0,1.0,1.0,1.0
cc6433d3896a480b,baseline,257-512,384.5,4,0,0,0.0,0.0,0.0,0.0,0.0
cc6433d3896a480b,emotional,257-512,384.5,1,6,3,0.8571428571428572,0.9,0.8,0.8571428571428571,0.75
cc6433d3896a480b,authoritative,257-512,384.5,1,8,3,0.8888888888888888,0.9166666666666666,0.8135593220338984,0.8888888888888888,0.75
cd08d8f35f0fdb79,baseline,2049-4096,3072.5,2,0,0,0.0,0.0,0.0,0.0,0.0
cd08d8f35f0fdb79,emotional,2049-4096,3072.5,2,0,0,0.0,0.0,0.0,0.0,0.0
cd08d8f35f0fdb79,authoritative,2049-4096,3072.5,1,0,1,0.5,0.5,0.0,0.0,0.5
cd3e5697132d644c,baseline,129-256,192.5,0,4,1,1.0,1.0,1.0,1.0,1.0
cd3e5697132d644c,emotional,129-256,192.5,0,10,1,1.0,1.0,1.0,1.0,1.0
cd3e5697132d644c,authoritative,129-256,192.5,1,2,0,0.6666666666666667,0.6666666666666666,0.0,0.6666666666666666,0.0
cdc9b0c76b0930e0,baseline,1025-2048,1536.5,1,3,0,0.75,0.75,0.0,0.75,0.0
cdc9b0c76b0930e0,emotional,1025-2048,1536.5,1,3,0,0.75,0.75,0.0,0.75,0.0
cdc9b0c76b0930e0,authoritative,1025-2048,1536.5,1,19,0,0.95,0.95,0.0,0.95,0.0
cdd1a627ea3cb178,baseline,513-1024,768.5,0,5,1,1.0,1.0,1.0,1.0,1.0
cdd1a627ea3cb178,emotional,513-1024,768.5,0,3,1,1.0,1.0,1.0,1.0,1.0
cdd1a627ea3cb178,authoritative,513-1024,768.5,0,3,1,1.0,1.0,1.0,1.0,1.0
cdf4f24c1a3351e3,baseline,1025-2048,1536.5,1,1,0,0.5,0.5,0.0,0.5,0.0
cdf4f24c1a3351e3,emotional,1025-2048,1536.5,0,1,1,1.0,1.0,1.0,1.0,1.0
cdf4f24c1a3351e3,authoritative,1025-2048,1536.5,0,2,1,1.0,1.0,1.0,1.0,1.0
ce262094ed7e8d04,baseline,3-4,3.5,0,2,1,1.0,1.0,1.0,1.0,1.0
ce262094ed7e8d04,emotional,3-4,3.5,0,2,1,1.0,1.0,1.0,1.0,1.0
ce262094ed7e8d04,authoritative,3-4,3.5,0,2,1,1.0,1.0,1.0,1.0,1.0
ce7b6587cb8631fa,baseline,0-2,1.0,0,4,3,1.0,1.0,1.0,1.0,1.0
ce7b6587cb8631fa,emotional,0-2,1.0,0,5,3,1.0,1.0,1.0,1.0,1.0
ce7b6587cb8631fa,authoritative,0-2,1.0,0,4,3,1.0,1.0,1.0,1.0,1.0
cf12e33f9eb861c9,baseline,0-2,1.0,0,1,1,1.0,1.0,1.0,1.0,1.0
cf12e33f9eb861c9,emotional,0-2,1.0,0,1,1,1.0,1.0,1.0,1.0,1.0
cf12e33f9eb861c9,authoritative,0-2,1.0,0,1,1,1.0,1.0,1.0,1.0,1.0
cf8b8b101cca7243,baseline,65-128,96.5,0,6,5,1.0,1.0,1.0,1.0,1.0
cf8b8b101cca7243,emotional,65-128,96.5,0,5,5,1.0,1.0,1.0,1.0,1.0
cf8b8b101cca7243,authoritative,65-128,96.5,0,9,5,1.0,1.0,1.0,1.0,1.0
d05564b43bc0740e,baseline,0-2,1.0,0,3,1,1.0,1.0,1.0,1.0,1.0
d05564b43bc0740e,emotional,0-2,1.0,0,3,1,1.0,1.0,1.0,1.0,1.0
d05564b43bc0740e,authoritative,0-2,1.0,0,3,1,1.0,1.0,1.0,1.0,1.0
d099def3518fab59,baseline,0-2,1.0,0,4,2,1.0,1.0,1.0,1.0,1.0
d099def3518fab59,emotional,0-2,1.0,0,6,2,1.0,1.0,1.0,1.0,1.0
d099def3518fab59,authoritative,0-2,1.0,0,4,2,1.0,1.0,1.0,1.0,1.0
d0bea4d1e015225d,baseline,3-4,3.5,0,3,3,1.0,1.0,1.0,1.0,1.0
d0bea4d1e015225d,emotional,3-4,3.5,0,3,3,1.0,1.0,1.0,1.0,1.0
d0bea4d1e015225d,authoritative,3-4,3.5,1,9,2,0.9,0.9166666666666666,0.7659574468085106,0.9,0.6666666666666666
d0fc72f43c686de2,baseline,0-2,1.0,0,3,4,1.0,1.0,1.0,1.0,1.0
d0fc72f43c686de2,emotional,0-2,1.0,0,5,4,1.0,1.0,1.0,1.0,1.0
d0fc72f43c686de2,authoritative,0-2,1.0,0,4,4,1.0,1.0,1.0,1.0,1.0
d115040032328d16,baseline,17-32,24.5,0,8,3,1.0,1.0,1.0,1.0,1.0
d115040032328d16,emotional,17-32,24.5,0,10,3,1.0,1.0,1.0,1.0,1.0
d115040032328d16,authoritative,17-32,24.5,0,6,3,1.0,1.0,1.0,1.0,1.0
d11c1ac6159cdecd,baseline,513-1024,768.5,1,2,0,0.6666666666666667,0.6666666666666666,0.0,0.6666666666666666,0.0
d11c1ac6159cdecd,emotional,513-1024,768.5,1,2,0,0.6666666666666667,0.6666666666666666,0.0,0.6666666666666666,0.0
d11c1ac6159cdecd,authoritative,513-1024,768.5,1,19,0,0.95,0.95,0.0,0.95,0.0
d14d05e9c0a6abc4,baseline,9-16,12.5,1,2,3,0.75,0.8333333333333334,0.7058823529411765,0.6666666666666666,0.75
d14d05e9c0a6abc4,emotional,9-16,12.5,0,3,4,1.0,1.0,1.0,1.0,1.0
d14d05e9c0a6abc4,authoritative,9-16,12.5,1,3,3,0.75,0.8571428571428571,0.75,0.75,0.75
d1646d5a7b93bc03,baseline,65-128,96.5,0,2,3,1.0,1.0,1.0,1.0,1.0
d1646d5a7b93bc03,emotional,65-128,96.5,0,2,3,1.0,1.0,1.0,1.0,1.0
d1646d5a7b93bc03,authoritative,65-128,96.5,0,3,3,1.0,1.0,1.0,1.0,1.0
d177e655d863427d,baseline,3-4,3.5,0,2,3,1.0,1.0,1.0,1.0,1.0
d177e655d863427d,emotional,3-4,3.5,0,2,3,1.0,1.0,1.0,1.0,1.0
d177e655d863427d,authoritative,3-4,3.5,0,2,3,1.0,1.0,1.0,1.0,1.0
d18ae05516f9b2df,baseline,129-256,192.5,4,3,3,0.4285714285714286,0.6,0.42857142857142855,0.42857142857142855,0.42857142857142855
d18ae05516f9b2df,emotional,129-256,192.5,0,7,7,1.0,1.0,1.0,1.0,1.0
d18ae05516f9b2df,authoritative,129-256,192.5,0,3,7,1.0,1.0,1.0,1.0,1.0
d19c05a902120986,baseline,513-1024,768.5,1,4,0,0.8,0.8,0.0,0.8,0.0
d19c05a902120986,emotional,513-1024,768.5,1,4,0,0.8,0.8,0.0,0.8,0.0
d19c05a902120986,authoritative,513-1024,768.5,1,4,0,0.8,0.8,0.0,0.8,0.0
d1f4215df8fbb014,baseline,0-2,1.0,0,4,3,1.0,1.0,1.0,1.0,1.0
d1f4215df8fbb014,emotional,0-2,1.0,0,5,3,1.0,1.0,1.0,1.0,1.0
d1f4215df8fbb014,authoritative,0-2,1.0,0,7,3,1.0,1.0,1.0,1.0,1.0
d21289e4a7f8952d,baseline,33-64,48.5,2,1,2,0.5,0.6,0.4,0.3333333333333333,0.5
d21289e4a7f8952d,emotional,33-64,48.5,2,0,2,0.5,0.5,0.0,0.0,0.5
d21289e4a7f8952d,authoritative,33-64,48.5,2,0,2,0.5,0.5,0.0,0.0,0.5
d29e2a74fcc2e407,baseline,33-64,48.5,2,1,0,0.33333333333333337,0.3333333333333333,0.0,0.3333333333333333,0.0
d29e2a74fcc2e407,emotional,33-64,48.5,0,3,2,1.0,1.0,1.0,1.0,1.0
d29e2a74fcc2e407,authoritative,33-64,48.5,0,4,2,1.0,1.0,1.0,1.0,1.0
d2d0dfbe9135abb0,baseline,9-16,12.5,0,4,2,1.0,1.0,1.0,1.0,1.0
d2d0dfbe9135abb0,emotional,9-16,12.5,0,3,2,1.0,1.0,1.0,1.0,1.0
d2d0dfbe9135abb0,authoritative,9-16,12.5,0,3,2,1.0,1.0,1.0,1.0,1.0
d2f860698429ea3d,baseline,257-512,384.5,0,4,3,1.0,1.0,1.0,1.0,1.0
d2f860698429ea3d,emotional,257-512,384.5,3,3,0,0.5,0.5,0.0,0.5,0.0
d2f860698429ea3d,authoritative,257-512,384.5,3,1,0,0.25,0.25,0.0,0.25,0.0
d314eaa29e4a973f,baseline,9-16,12.5,0,3,5,1.0,1.0,1.0,1.0,1.0
d314eaa29e4a973f,emotional,9-16,12.5,0,3,5,1.0,1.0,1.0,1.0,1.0
d314eaa29e4a973f,authoritative,9-16,12.5,0,3,5,1.0,1.0,1.0,1.0,1.0
d323f4dbebf3b607,baseline,17-32,24.5,0,3,5,1.0,1.0,1.0,1.0,1.0
d323f4dbebf3b607,emotional,17-32,24.5,0,3,5,1.0,1.0,1.0,1.0,1.0
d323f4dbebf3b607,authoritative,17-32,24.5,0,6,5,1.0,1.0,1.0,1.0,1.0
d32674ba4962768e,baseline,1025-2048,1536.5,1,2,2,0.6666666666666667,0.8,0.6666666666666666,0.6666666666666666,0.6666666666666666
d32674ba4962768e,emotional,1025-2048,1536.5,0,2,3,1.0,1.0,1.0,1.0,1.0
d32674ba4962768e,authoritative,1025-2048,1536.5,3,0,0,0.0,0.0,0.0,0.0,0.0
d3461893acb7f87e,baseline,129-256,192.5,1,2,3,0.75,0.8333333333333334,0.7058823529411765,0.6666666666666666,0.75
d3461893acb7f87e,emotional,129-256,192.5,0,3,4,1.0,1.0,1.0,1.0,1.0
d3461893acb7f87e,authoritative,129-256,192.5,2,7,2,0.7777777777777778,0.8181818181818182,0.6086956521739131,0.7777777777777778,0.5
d34ef7caa1d31e16,baseline,1025-2048,1536.5,0,2,3,1.0,1.0,1.0,1.0,1.0
d34ef7caa1d31e16,emotional,1025-2048,1536.5,0,2,3,1.0,1.0,1.0,1.0,1.0
d34ef7caa1d31e16,authoritative,1025-2048,1536.5,0,2,3,1.0,1.0,1.0,1.0,1.0
d35659cdd45a2dda,baseline,5-8,6.5,0,3,2,1.0,1.0,1.0,1.0,1.0
d35659cdd45a2dda,emotional,5-8,6.5,0,3,2,1.0,1.0,1.0,1.0,1.0
d35659cdd45a2dda,authoritative,5-8,6.5,0,3,2,1.0,1.0,1.0,1.0,1.0
d365ea67339d6292,baseline,65-128,96.5,0,4,3,1.0,1.0,1.0,1.0,1.0
d365ea67339d6292,emotional,65-128,96.5,0,5,3,1.0,1.0,1.0,1.0,1.0
d365ea67339d6292,authoritative,65-128,96.5,1,2,2,0.6666666666666667,0.8,0.6666666666666666,0.6666666666666666,0.6666666666666666
d3897084d5b14c2f,baseline,2049-4096,3072.5,2,0,0,0.0,0.0,0.0,0.0,0.0
d3897084d5b14c2f,emotional,2049-4096,3072.5,2,17,0,0.8947368421052632,0.8947368421052632,0.0,0.8947368421052632,0.0
d3897084d5b14c2f,authoritative,2049-4096,3072.5,2,0,0,0.0,0.0,0.0,0.0,0.0
d3adb5b22b3ad527,baseline,513-1024,768.5,0,2,5,1.0,1.0,1.0,1.0,1.0
d3adb5b22b3ad527,emotional,513-1024,768.5,0,4,5,1.0,1.0,1.0,1.0,1.0
d3adb5b22b3ad527,authoritative,513-1024,768.5,0,2,5,1.0,1.0,1.0,1.0,1.0
d3ee68c2ba8d66b1,baseline,3-4,3.5,0,4,2,1.0,1.0,1.0,1.0,1.0
d3ee68c2ba8d66b1,emotional,3-4,3.5,0,2,2,1.0,1.0,1.0,1.0,1.0
d3ee68c2ba8d66b1,authoritative,3-4,3.5,0,2,2,1.0,1.0,1.0,1.0,1.0
d3f182d717320b9c,baseline,513-1024,768.5,18,0,0,0.0,0.0,0.0,0.0,0.0
d3f182d717320b9c,emotional,513-1024,768.5,7,9,11,0.6111111111111112,0.7407407407407407,0.5857988165680473,0.5625,0.6111111111111112
d3f182d717320b9c,authoritative,513-1024,768.5,6,11,12,0.6666666666666667,0.7931034482758621,0.6567164179104478,0.6470588235294118,0.6666666666666666
d4b9040ec2a72202,baseline,65-128,96.5,0,8,6,1.0,1.0,1.0,1.0,1.0
d4b9040ec2a72202,emotional,65-128,96.5,0,7,6,1.0,1.0,1.0,1.0,1.0
d4b9040ec2a72202,authoritative,65-128,96.5,0,7,6,1.0,1.0,1.0,1.0,1.0
d4beb27098c1d03c,baseline,5-8,6.5,0,4,6,1.0,1.0,1.0,1.0,1.0
d4beb27098c1d03c,emotional,5-8,6.5,1,6,5,0.8571428571428572,0.9166666666666666,0.8450704225352113,0.8571428571428571,0.8333333333333334
d4beb27098c1d03c,authoritative,5-8,6.5,1,11,5,0.9166666666666666,0.9411764705882353,0.873015873015873,0.9166666666666666,0.8333333333333334
d4d83d1bd8b09878,baseline,65-128,96.5,0,5,2,1.0,1.0,1.0,1.0,1.0
d4d83d1bd8b09878,emotional,65-128,96.5,0,4,2,1.0,1.0,1.0,1.0,1.0
d4d83d1bd8b09878,authoritative,65-128,96.5,0,3,2,1.0,1.0,1.0,1.0,1.0
d4e5c303ecd59b08,baseline,3-4,3.5,0,2,1,1.0,1.0,1.0,1.0,1.0
d4e5c303ecd59b08,emotional,3-4,3.5,0,2,1,1.0,1.0,1.0,1.0,1.0
d4e5c303ecd59b08,authoritative,3-4,3.5,0,2,1,1.0,1.0,1.0,1.0,1.0
d505b08ee10fd14d,baseline,129-256,192.5,2,6,4,0.75,0.8333333333333334,0.7058823529411765,0.75,0.6666666666666666
d505b08ee10fd14d,emotional,129-256,192.5,0,5,6,1.0,1.0,1.0,1.0,1.0
d505b08ee10fd14d,authoritative,129-256,192.5,2,4,4,0.6666666666666667,0.8,0.6666666666666666,0.6666666666666666,0.6666666666666666
d513127dab20e645,baseline,257-512,384.5,0,5,4,1.0,1.0,1.0,1.0,1.0
d513127dab20e645,emotional,257-512,384.5,2,4,2,0.6666666666666667,0.75,0.5714285714285714,0.6666666666666666,0.5
d513127dab20e645,authoritative,257-512,384.5,0,8,4,1.0,1.0,1.0,1.0,1.0
d54cbdd50e892cb6,baseline,0-2,1.0,0,4,1,1.0,1.0,1.0,1.0,1.0
d54cbdd50e892cb6,emotional,0-2,1.0,0,4,1,1.0,1.0,1.0,1.0,1.0
d54cbdd50e892cb6,authoritative,0-2,1.0,0,5,1,1.0,1.0,1.0,1.0,1.0
d5dafa59ef96b3a4,baseline,33-64,48.5,0,3,2,1.0,1.0,1.0,1.0,1.0
d5dafa59ef96b3a4,emotional,33-64,48.5,1,2,1,0.6666666666666667,0.75,0.5714285714285714,0.6666666666666666,0.5
d5dafa59ef96b3a4,authoritative,33-64,48.5,0,2,2,1.0,1.0,1.0,1.0,1.0
d602273185557fa8,baseline,33-64,48.5,0,3,3,1.0,1.0,1.0,1.0,1.0
d602273185557fa8,emotional,33-64,48.5,0,3,3,1.0,1.0,1.0,1.0,1.0
d602273185557fa8,authoritative,33-64,48.5,0,3,3,1.0,1.0,1.0,1.0,1.0
d629c93c8c1ddd91,baseline,9-16,12.5,2,1,1,0.33333333333333337,0.5,0.3333333333333333,0.3333333333333333,0.3333333333333333
d629c93c8c1ddd91,emotional,9-16,12.5,2,1,1,0.33333333333333337,0.5,0.3333333333333333,0.3333333333333333,0.3333333333333333
d629c93c8c1ddd91,authoritative,9-16,12.5,0,2,3,1.0,1.0,1.0,1.0,1.0
d64af2c0289e235e,baseline,65-128,96.5,1,5,0,0.8333333333333334,0.8333333333333334,0.0,0.8333333333333334,0.0
d64af2c0289e235e,emotional,65-128,96.5,0,6,1,1.0,1.0,1.0,1.0,1.0
d64af2c0289e235e,authoritative,65-128,96.5,0,5,1,1.0,1.0,1.0,1.0,1.0
d662ace38c3f852c,baseline,5-8,6.5,0,6,2,1.0,1.0,1.0,1.0,1.0
d662ace38c3f852c,emotional,5-8,6.5,0,7,2,1.0,1.0,1.0,1.0,1.0
d662ace38c3f852c,authoritative,5-8,6.5,0,5,2,1.0,1.0,1.0,1.0,1.0
d6dffcf5cafce933,baseline,4097+,5000.0,2,2,5,0.7142857142857143,0.7777777777777778,0.5882352941176471,0.5,0.7142857142857143
d6dffcf5cafce933,emotional,4097+,5000.0,7,0,0,0.0,0.0,0.0,0.0,0.0
d6dffcf5cafce933,authoritative,4097+,5000.0,7,0,0,0.0,0.0,0.0,0.0,0.0
d71126e2a474bc28,baseline,513-1024,768.5,1,3,2,0.75,0.8333333333333334,0.7058823529411765,0.75,0.6666666666666666
d71126e2a474bc28,emotional,513-1024,768.5,1,3,2,0.75,0.8333333333333334,0.7058823529411765,0.75,0.6666666666666666
d71126e2a474bc28,authoritative,513-1024,768.5,0,4,3,1.0,1.0,1.0,1.0,1.0
d794560c87a329c8,baseline,65-128,96.5,1,1,1,0.5,0.6666666666666666,0.5,0.5,0.5
d794560c87a329c8,emotional,65-128,96.5,1,1,1,0.5,0.6666666666666666,0.5,0.5,0.5
d794560c87a329c8,authoritative,65-128,96.5,1,1,1,0.5,0.6666666666666666,0.5,0.5,0.5
d7b632f0b36880d9,baseline,5-8,6.5,1,4,10,0.9090909090909091,0.9333333333333333,0.851063829787234,0.8,0.9090909090909091
d7b632f0b36880d9,emotional,5-8,6.5,2,5,9,0.8181818181818181,0.875,0.7627118644067796,0.7142857142857143,0.8181818181818182
d7b632f0b36880d9,authoritative,5-8,6.5,0,4,11,1.0,1.0,1.0,1.0,1.0
d7d81b5401b99cce,baseline,33-64,48.5,0,3,4,1.0,1.0,1.0,1.0,1.0
d7d81b5401b99cce,emotional,33-64,48.5,0,7,4,1.0,1.0,1.0,1.0,1.0
d7d81b5401b99cce,authoritative,33-64,48.5,0,7,4,1.0,1.0,1.0,1.0,1.0
d7da3c938fcfb92f,baseline,17-32,24.5,0,3,2,1.0,1.0,1.0,1.0,1.0
d7da3c938fcfb92f,emotional,17-32,24.5,0,4,2,1.0,1.0,1.0,1.0,1.0
d7da3c938fcfb92f,authoritative,17-32,24.5,0,4,2,1.0,1.0,1.0,1.0,1.0
d7dd4bd78f33cd1e,baseline,9-16,12.5,0,4,2,1.0,1.0,1.0,1.0,1.0
d7dd4bd78f33cd1e,emotional,9-16,12.5,0,4,2,1.0,1.0,1.0,1.0,1.0
d7dd4bd78f33cd1e,authoritative,9-16,12.5,0,3,2,1.0,1.0,1.0,1.0,1.0
d8293d4677d9bc49,baseline,513-1024,768.5,1,6,2,0.8571428571428572,0.8888888888888888,0.75,0.8571428571428571,0.6666666666666666
d8293d4677d9bc49,emotional,513-1024,768.5,3,0,0,0.0,0.0,0.0,0.0,0.0
d8293d4677d9bc49,authoritative,513-1024,768.5,3,0,0,0.0,0.0,0.0,0.0,0.0
d84fa285ac116556,baseline,2049-4096,3072.5,1,4,0,0.8,0.8,0.0,0.8,0.0
d84fa285ac116556,emotional,2049-4096,3072.5,1,0,0,0.0,0.0,0.0,0.0,0.0
d84fa285ac116556,authoritative,2049-4096,3072.5,1,1,0,0.5,0.5,0.0,0.5,0.0
d84fd85abdb1aa96,baseline,5-8,6.5,0,3,2,1.0,1.0,1.0,1.0,1.0
d84fd85abdb1aa96,emotional,5-8,6.5,0,4,2,1.0,1.0,1.0,1.0,1.0
d84fd85abdb1aa96,authoritative,5-8,6.5,0,2,2,1.0,1.0,1.0,1.0,1.0
d8dff73d8a0d6fda,baseline,3-4,3.5,0,2,4,1.0,1.0,1.0,1.0,1.0
d8dff73d8a0d6fda,emotional,3-4,3.5,0,4,4,1.0,1.0,1.0,1.0,1.0
d8dff73d8a0d6fda,authoritative,3-4,3.5,0,1,4,1.0,1.0,1.0,1.0,1.0
d90971a70707dc8f,baseline,3-4,3.5,0,2,3,1.0,1.0,1.0,1.0,1.0
d90971a70707dc8f,emotional,3-4,3.5,0,2,3,1.0,1.0,1.0,1.0,1.0
d90971a70707dc8f,authoritative,3-4,3.5,0,2,3,1.0,1.0,1.0,1.0,1.0
d91b49689f8d9b06,baseline,129-256,192.5,0,3,2,1.0,1.0,1.0,1.0,1.0
d91b49689f8d9b06,emotional,129-256,192.5,0,2,2,1.0,1.0,1.0,1.0,1.0
d91b49689f8d9b06,authoritative,129-256,192.5,0,3,2,1.0,1.0,1.0,1.0,1.0
d9482b7f6cb6e763,baseline,65-128,96.5,0,3,4,1.0,1.0,1.0,1.0,1.0
d9482b7f6cb6e763,emotional,65-128,96.5,0,12,4,1.0,1.0,1.0,1.0,1.0
d9482b7f6cb6e763,authoritative,65-128,96.5,0,5,4,1.0,1.0,1.0,1.0,1.0
d98051c5de313744,baseline,5-8,6.5,0,2,3,1.0,1.0,1.0,1.0,1.0
d98051c5de313744,emotional,5-8,6.5,0,2,3,1.0,1.0,1.0,1.0,1.0
d98051c5de313744,authoritative,5-8,6.5,0,2,3,1.0,1.0,1.0,1.0,1.0
d995aa7a566a52ad,baseline,1025-2048,1536.5,3,0,0,0.0,0.0,0.0,0.0,0.0
d995aa7a566a52ad,emotional,1025-2048,1536.5,2,3,1,0.6,0.6666666666666666,0.42857142857142855,0.6,0.3333333333333333
d995aa7a566a52ad,authoritative,1025-2048,1536.5,3,2,0,0.4,0.4,0.0,0.4,0.0
d9af28bbc84ac298,baseline,17-32,24.5,0,3,2,1.0,1.0,1.0,1.0,1.0
d9af28bbc84ac298,emotional,17-32,24.5,0,3,2,1.0,1.0,1.0,1.0,1.0
d9af28bbc84ac298,authoritative,17-32,24.5,0,3,2,1.0,1.0,1.0,1.0,1.0
dac8bc42cdf745b7,baseline,17-32,24.5,1,3,2,0.75,0.8333333333333334,0.7058823529411765,0.75,0.6666666666666666
dac8bc42cdf745b7,emotional,17-32,24.5,1,12,2,0.9230769230769231,0.9333333333333333,0.7741935483870968,0.9230769230769231,0.6666666666666666
dac8bc42cdf745b7,authoritative,17-32,24.5,1,3,2,0.75,0.8333333333333334,0.7058823529411765,0.75,0.6666666666666666
dad2f673dcd4ba0f,baseline,9-16,12.5,0,3,5,1.0,1.0,1.0,1.0,1.0
dad2f673dcd4ba0f,emotional,9-16,12.5,0,3,5,1.0,1.0,1.0,1.0,1.0
dad2f673dcd4ba0f,authoritative,9-16,12.5,0,5,5,1.0,1.0,1.0,1.0,1.0
dad38ca9c3667a7e,baseline,3-4,3.5,0,3,1,1.0,1.0,1.0,1.0,1.0
dad38ca9c3667a7e,emotional,3-4,3.5,0,4,1,1.0,1.0,1.0,1.0,1.0
dad38ca9c3667a7e,authoritative,3-4,3.5,0,6,1,1.0,1.0,1.0,1.0,1.0
dafc29695ed260e9,baseline,2049-4096,3072.5,0,5,2,1.0,1.0,1.0,1.0,1.0
dafc29695ed260e9,emotional,2049-4096,3072.5,0,18,2,1.0,1.0,1.0,1.0,1.0
dafc29695ed260e9,authoritative,2049-4096,3072.5,0,3,2,1.0,1.0,1.0,1.0,1.0
db2b979d333b4696,baseline,3-4,3.5,0,3,2,1.0,1.0,1.0,1.0,1.0
db2b979d333b4696,emotional,3-4,3.5,0,5,2,1.0,1.0,1.0,1.0,1.0
db2b979d333b4696,authoritative,3-4,3.5,0,3,2,1.0,1.0,1.0,1.0,1.0
db3af1b842bbc45b,baseline,17-32,24.5,0,4,3,1.0,1.0,1.0,1.0,1.0
db3af1b842bbc45b,emotional,17-32,24.5,0,5,3,1.0,1.0,1.0,1.0,1.0
db3af1b842bbc45b,authoritative,17-32,24.5,0,2,3,1.0,1.0,1.0,1.0,1.0
dba4644d9c235ac9,baseline,257-512,384.5,3,0,0,0.0,0.0,0.0,0.0,0.0
dba4644d9c235ac9,emotional,257-512,384.5,3,0,0,0.0,0.0,0.0,0.0,0.0
dba4644d9c235ac9,authoritative,257-512,384.5,0,2,3,1.0,1.0,1.0,1.0,1.0
dc075e4892e6cf3c,baseline,2049-4096,3072.5,3,0,5,0.625,0.625,0.0,0.0,0.625
dc075e4892e6cf3c,emotional,2049-4096,3072.5,4,1,4,0.5,0.5555555555555556,0.2857142857142857,0.2,0.5
dc075e4892e6cf3c,authoritative,2049-4096,3072.5,3,1,5,0.625,0.6666666666666666,0.35714285714285715,0.25,0.625
dc3b7fb1e6e5fa67,baseline,2049-4096,3072.5,0,3,7,1.0,1.0,1.0,1.0,1.0
dc3b7fb1e6e5fa67,emotional,2049-4096,3072.5,0,3,7,1.0,1.0,1.0,1.0,1.0
dc3b7fb1e6e5fa67,authoritative,2049-4096,3072.5,0,3,7,1.0,1.0,1.0,1.0,1.0
dc4bd3941f00d33a,baseline,5-8,6.5,0,2,2,1.0,1.0,1.0,1.0,1.0
dc4bd3941f00d33a,emotional,5-8,6.5,0,5,2,1.0,1.0,1.0,1.0,1.0
dc4bd3941f00d33a,authoritative,5-8,6.5,0,2,2,1.0,1.0,1.0,1.0,1.0
dca05c0b9c1f1930,baseline,1025-2048,1536.5,0,3,2,1.0,1.0,1.0,1.0,1.0
dca05c0b9c1f1930,emotional,1025-2048,1536.5,0,4,2,1.0,1.0,1.0,1.0,1.0
dca05c0b9c1f1930,authoritative,1025-2048,1536.5,0,7,2,1.0,1.0,1.0,1.0,1.0
dca28bb3be14252b,baseline,1025-2048,1536.5,5,0,0,0.0,0.0,0.0,0.0,0.0
dca28bb3be14252b,emotional,1025-2048,1536.5,0,5,5,1.0,1.0,1.0,1.0,1.0
dca28bb3be14252b,authoritative,1025-2048,1536.5,5,0,0,0.0,0.0,0.0,0.0,0.0
dd1d42f17c774204,baseline,129-256,192.5,0,3,3,1.0,1.0,1.0,1.0,1.0
dd1d42f17c774204,emotional,129-256,192.5,0,3,3,1.0,1.0,1.0,1.0,1.0
dd1d42f17c774204,authoritative,129-256,192.5,0,4,3,1.0,1.0,1.0,1.0,1.0
dd36043b12904d48,baseline,17-32,24.5,0,3,3,1.0,1.0,1.0,1.0,1.0
dd36043b12904d48,emotional,17-32,24.5,0,2,3,1.0,1.0,1.0,1.0,1.0
dd36043b12904d48,authoritative,17-32,24.5,0,3,3,1.0,1.0,1.0,1.0,1.0
dd8bd7b228a87ada,baseline,129-256,192.5,0,4,3,1.0,1.0,1.0,1.0,1.0
dd8bd7b228a87ada,emotional,129-256,192.5,0,3,3,1.0,1.0,1.0,1.0,1.0
dd8bd7b228a87ada,authoritative,129-256,192.5,0,20,3,1.0,1.0,1.0,1.0,1.0
dd940b7fbaa8bc42,baseline,33-64,48.5,0,3,7,1.0,1.0,1.0,1.0,1.0
dd940b7fbaa8bc42,emotional,33-64,48.5,0,8,7,1.0,1.0,1.0,1.0,1.0
dd940b7fbaa8bc42,authoritative,33-64,48.5,0,6,7,1.0,1.0,1.0,1.0,1.0
de00adf1f8631c5c,baseline,257-512,384.5,3,7,1,0.7,0.7272727272727273,0.3684210526315789,0.7,0.25
de00adf1f8631c5c,emotional,257-512,384.5,2,6,2,0.75,0.8,0.6,0.75,0.5
de00adf1f8631c5c,authoritative,257-512,384.5,2,18,2,0.9,0.9090909090909091,0.6428571428571429,0.9,0.5
de6abd276e1d6d17,baseline,9-16,12.5,0,2,1,1.0,1.0,1.0,1.0,1.0
de6abd276e1d6d17,emotional,9-16,12.5,0,2,1,1.0,1.0,1.0,1.0,1.0
de6abd276e1d6d17,authoritative,9-16,12.5,0,2,1,1.0,1.0,1.0,1.0,1.0
dee265f3d9953983,baseline,17-32,24.5,0,5,7,1.0,1.0,1.0,1.0,1.0
dee265f3d9953983,emotional,17-32,24.5,1,4,6,0.8571428571428572,0.9090909090909091,0.8275862068965517,0.8,0.8571428571428571
dee265f3d9953983,authoritative,17-32,24.5,1,6,6,0.8571428571428572,0.9230769230769231,0.8571428571428571,0.8571428571428571,0.8571428571428571
df4d22feca125dde,baseline,33-64,48.5,0,6,2,1.0,1.0,1.0,1.0,1.0
df4d22feca125dde,emotional,33-64,48.5,0,9,2,1.0,1.0,1.0,1.0,1.0
df4d22feca125dde,authoritative,33-64,48.5,0,5,2,1.0,1.0,1.0,1.0,1.0
df7638a6fe7bbbef,baseline,513-1024,768.5,3,0,0,0.0,0.0,0.0,0.0,0.0
df7638a6fe7bbbef,emotional,513-1024,768.5,3,0,0,0.0,0.0,0.0,0.0,0.0
df7638a6fe7bbbef,authoritative,513-1024,768.5,0,2,3,1.0,1.0,1.0,1.0,1.0
df7d89a46c2ceb5d,baseline,513-1024,768.5,2,0,0,0.0,0.0,0.0,0.0,0.0
df7d89a46c2ceb5d,emotional,513-1024,768.5,0,3,2,1.0,1.0,1.0,1.0,1.0
df7d89a46c2ceb5d,authoritative,513-1024,768.5,2,0,0,0.0,0.0,0.0,0.0,0.0
df97720f93bb4f61,baseline,65-128,96.5,0,4,8,1.0,1.0,1.0,1.0,1.0
df97720f93bb4f61,emotional,65-128,96.5,0,13,8,1.0,1.0,1.0,1.0,1.0
df97720f93bb4f61,authoritative,65-128,96.5,0,6,8,1.0,1.0,1.0,1.0,1.0
dfbeb8ebecd3f647,baseline,3-4,3.5,0,4,7,1.0,1.0,1.0,1.0,1.0
dfbeb8ebecd3f647,emotional,3-4,3.5,0,20,7,1.0,1.0,1.0,1.0,1.0
dfbeb8ebecd3f647,authoritative,3-4,3.5,0,3,7,1.0,1.0,1.0,1.0,1.0
e00ee7e0cfb920e9,baseline,129-256,192.5,0,2,1,1.0,1.0,1.0,1.0,1.0
e00ee7e0cfb920e9,emotional,129-256,192.5,0,2,1,1.0,1.0,1.0,1.0,1.0
e00ee7e0cfb920e9,authoritative,129-256,192.5,0,2,1,1.0,1.0,1.0,1.0,1.0
e057df737534357c,baseline,513-1024,768.5,2,0,0,0.0,0.0,0.0,0.0,0.0
e057df737534357c,emotional,513-1024,768.5,2,0,0,0.0,0.0,0.0,0.0,0.0
e057df737534357c,authoritative,513-1024,768.5,2,0,0,0.0,0.0,0.0,0.0,0.0
e0989e8520114010,baseline,3-4,3.5,0,2,1,1.0,1.0,1.0,1.0,1.0
e0989e8520114010,emotional,3-4,3.5,0,2,1,1.0,1.0,1.0,1.0,1.0
e0989e8520114010,authoritative,3-4,3.5,0,5,1,1.0,1.0,1.0,1.0,1.0
e10cf693e24cd8b3,baseline,0-2,1.0,0,2,1,1.0,1.0,1.0,1.0,1.0
e10cf693e24cd8b3,emotional,0-2,1.0,0,2,1,1.0,1.0,1.0,1.0,1.0
e10cf693e24cd8b3,authoritative,0-2,1.0,0,2,1,1.0,1.0,1.0,1.0,1.0
e16f13de81deb0dc,baseline,129-256,192.5,0,4,5,1.0,1.0,1.0,1.0,1.0
e16f13de81deb0dc,emotional,129-256,192.5,1,3,4,0.8,0.875,0.7741935483870968,0.75,0.8
e16f13de81deb0dc,authoritative,129-256,192.5,1,3,4,0.8,0.875,0.7741935483870968,0.75,0.8
e17f0dfe55fe5817,baseline,513-1024,768.5,0,3,3,1.0,1.0,1.0,1.0,1.0
e17f0dfe55fe5817,emotional,513-1024,768.5,0,3,3,1.0,1.0,1.0,1.0,1.0
e17f0dfe55fe5817,authoritative,513-1024,768.5,0,3,3,1.0,1.0,1.0,1.0,1.0
e1856861726eaee1,baseline,9-16,12.5,0,3,4,1.0,1.0,1.0,1.0,1.0
e1856861726eaee1,emotional,9-16,12.5,0,5,4,1.0,1.0,1.0,1.0,1.0
e1856861726eaee1,authoritative,9-16,12.5,0,4,4,1.0,1.0,1.0,1.0,1.0
e1a30e4c96096839,baseline,257-512,384.5,2,0,0,0.0,0.0,0.0,0.0,0.0
e1a30e4c96096839,emotional,257-512,384.5,2,2,0,0.5,0.5,0.0,0.5,0.0
e1a30e4c96096839,authoritative,257-512,384.5,2,4,0,0.6666666666666667,0.6666666666666666,0.0,0.6666666666666666,0.0
e1bf11728339ff13,baseline,33-64,48.5,1,2,4,0.8,0.8571428571428571,0.7272727272727273,0.6666666666666666,0.8
e1bf11728339ff13,emotional,33-64,48.5,0,4,5,1.0,1.0,1.0,1.0,1.0
e1bf11728339ff13,authoritative,33-64,48.5,0,6,5,1.0,1.0,1.0,1.0,1.0
e2017925cf0d56a6,baseline,0-2,1.0,0,3,6,1.0,1.0,1.0,1.0,1.0
e2017925cf0d56a6,emotional,0-2,1.0,1,4,5,0.8333333333333334,0.9,0.8163265306122449,0.8,0.8333333333333334
e2017925cf0d56a6,authoritative,0-2,1.0,0,7,6,1.0,1.0,1.0,1.0,1.0
e28dedaa585cc672,baseline,257-512,384.5,3,0,2,0.4,0.4,0.0,0.0,0.4
e28dedaa585cc672,emotional,257-512,384.5,5,0,0,0.0,0.0,0.0,0.0,0.0
e28dedaa585cc672,authoritative,257-512,384.5,5,0,0,0.0,0.0,0.0,0.0,0.0
e2e8d4390638697c,baseline,513-1024,768.5,3,1,0,0.25,0.25,0.0,0.25,0.0
e2e8d4390638697c,emotional,513-1024,768.5,3,0,0,0.0,0.0,0.0,0.0,0.0
e2e8d4390638697c,authoritative,513-1024,768.5,3,1,0,0.25,0.25,0.0,0.25,0.0
e2f810a56b9cbb97,baseline,9-16,12.5,0,14,4,1.0,1.0,1.0,1.0,1.0
e2f810a56b9cbb97,emotional,9-16,12.5,0,6,4,1.0,1.0,1.0,1.0,1.0
e2f810a56b9cbb97,authoritative,9-16,12.5,0,16,4,1.0,1.0,1.0,1.0,1.0
e327701a71118276,baseline,4097+,5000.0,0,2,1,1.0,1.0,1.0,1.0,1.0
e327701a71118276,emotional,4097+,5000.0,1,0,0,0.0,0.0,0.0,0.0,0.0
e327701a71118276,authoritative,4097+,5000.0,1,0,0,0.0,0.0,0.0,0.0,0.0
e32b0875229393f5,baseline,4097+,5000.0,3,3,8,0.7272727272727273,0.7857142857142857,0.5925925925925926,0.5,0.7272727272727273
e32b0875229393f5,emotional,4097+,5000.0,2,1,9,0.8181818181818181,0.8333333333333334,0.47368421052631576,0.3333333333333333,0.8181818181818182
e32b0875229393f5,authoritative,4097+,5000.0,5,2,6,0.5454545454545454,0.6153846153846154,0.375,0.2857142857142857,0.5454545454545454
e36d39e803d2ec1c,baseline,17-32,24.5,2,0,0,0.0,0.0,0.0,0.0,0.0
e36d39e803d2ec1c,emotional,17-32,24.5,2,0,0,0.0,0.0,0.0,0.0,0.0
e36d39e803d2ec1c,authoritative,17-32,24.5,2,0,0,0.0,0.0,0.0,0.0,0.0
e3e9c44409e55106,baseline,33-64,48.5,4,0,0,0.0,0.0,0.0,0.0,0.0
e3e9c44409e55106,emotional,33-64,48.5,2,0,2,0.5,0.5,0.0,0.0,0.5
e3e9c44409e55106,authoritative,33-64,48.5,3,0,1,0.25,0.25,0.0,0.0,0.25
e4120572b9054984,baseline,1025-2048,1536.5,3,0,0,0.0,0.0,0.0,0.0,0.0
e4120572b9054984,emotional,1025-2048,1536.5,2,0,1,0.33333333333333337,0.3333333333333333,0.0,0.0,0.3333333333333333
e4120572b9054984,authoritative,1025-2048,1536.5,3,0,0,0.0,0.0,0.0,0.0,0.0
e4c7bcdfb9569745,baseline,5-8,6.5,0,2,1,1.0,1.0,1.0,1.0,1.0
e4c7bcdfb9569745,emotional,5-8,6.5,0,2,1,1.0,1.0,1.0,1.0,1.0
e4c7bcdfb9569745,authoritative,5-8,6.5,0,2,1,1.0,1.0,1.0,1.0,1.0
e4db9658c7d75f88,baseline,33-64,48.5,1,3,5,0.8333333333333334,0.8888888888888888,0.7894736842105263,0.75,0.8333333333333334
e4db9658c7d75f88,emotional,33-64,48.5,2,3,4,0.6666666666666667,0.7777777777777778,0.631578947368421,0.6,0.6666666666666666
e4db9658c7d75f88,authoritative,33-64,48.5,0,14,6,1.0,1.0,1.0,1.0,1.0
e50f26a56bc1eda4,baseline,513-1024,768.5,0,4,5,1.0,1.0,1.0,1.0,1.0
e50f26a56bc1eda4,emotional,513-1024,768.5,3,1,2,0.4,0.5,0.3076923076923077,0.25,0.4
e50f26a56bc1eda4,authoritative,513-1024,768.5,0,4,5,1.0,1.0,1.0,1.0,1.0
e53ca97e009f693f,baseline,3-4,3.5,0,5,3,1.0,1.0,1.0,1.0,1.0
e53ca97e009f693f,emotional,3-4,3.5,0,5,3,1.0,1.0,1.0,1.0,1.0
e53ca97e009f693f,authoritative,3-4,3.5,0,4,3,1.0,1.0,1.0,1.0,1.0
e62295a9d8bf7385,baseline,17-32,24.5,0,5,2,1.0,1.0,1.0,1.0,1.0
e62295a9d8bf7385,emotional,17-32,24.5,0,0,2,1.0,1.0,0.0,nan,1.0
e62295a9d8bf7385,authoritative,17-32,24.5,0,7,2,1.0,1.0,1.0,1.0,1.0
e63030cddf720fb7,baseline,2049-4096,3072.5,0,3,10,1.0,1.0,1.0,1.0,1.0
e63030cddf720fb7,emotional,2049-4096,3072.5,10,0,0,0.0,0.0,0.0,0.0,0.0
e63030cddf720fb7,authoritative,2049-4096,3072.5,7,2,3,0.30000000000000004,0.4166666666666667,0.2553191489361702,0.2222222222222222,0.3
e63fb09b123972aa,baseline,65-128,96.5,0,9,6,1.0,1.0,1.0,1.0,1.0
e63fb09b123972aa,emotional,65-128,96.5,0,13,6,1.0,1.0,1.0,1.0,1.0
e63fb09b123972aa,authoritative,65-128,96.5,0,19,6,1.0,1.0,1.0,1.0,1.0
e647b3ad1c722a54,baseline,1025-2048,1536.5,0,2,2,1.0,1.0,1.0,1.0,1.0
e647b3ad1c722a54,emotional,1025-2048,1536.5,2,1,0,0.33333333333333337,0.3333333333333333,0.0,0.3333333333333333,0.0
e647b3ad1c722a54,authoritative,1025-2048,1536.5,1,2,1,0.6666666666666667,0.75,0.5714285714285714,0.6666666666666666,0.5
e69e238f548031b6,baseline,3-4,3.5,0,3,2,1.0,1.0,1.0,1.0,1.0
e69e238f548031b6,emotional,3-4,3.5,0,3,2,1.0,1.0,1.0,1.0,1.0
e69e238f548031b6,authoritative,3-4,3.5,0,3,2,1.0,1.0,1.0,1.0,1.0
e7029fba73922e02,baseline,9-16,12.5,0,3,8,1.0,1.0,1.0,1.0,1.0
e7029fba73922e02,emotional,9-16,12.5,0,3,8,1.0,1.0,1.0,1.0,1.0
e7029fba73922e02,authoritative,9-16,12.5,0,3,8,1.0,1.0,1.0,1.0,1.0
e708af756371d5ff,baseline,33-64,48.5,0,2,2,1.0,1.0,1.0,1.0,1.0
e708af756371d5ff,emotional,33-64,48.5,0,3,2,1.0,1.0,1.0,1.0,1.0
e708af756371d5ff,authoritative,33-64,48.5,0,5,2,1.0,1.0,1.0,1.0,1.0
e730b20b1d33830d,baseline,5-8,6.5,1,2,1,0.6666666666666667,0.75,0.5714285714285714,0.6666666666666666,0.5
e730b20b1d33830d,emotional,5-8,6.5,1,2,1,0.6666666666666667,0.75,0.5714285714285714,0.6666666666666666,0.5
e730b20b1d33830d,authoritative,5-8,6.5,1,2,1,0.6666666666666667,0.75,0.5714285714285714,0.6666666666666666,0.5
e754f09fd1e90369,baseline,3-4,3.5,0,7,6,1.0,1.0,1.0,1.0,1.0
e754f09fd1e90369,emotional,3-4,3.5,0,6,6,1.0,1.0,1.0,1.0,1.0
e754f09fd1e90369,authoritative,3-4,3.5,0,6,6,1.0,1.0,1.0,1.0,1.0
e7873aa866666efe,baseline,65-128,96.5,0,16,3,1.0,1.0,1.0,1.0,1.0
e7873aa866666efe,emotional,65-128,96.5,0,6,3,1.0,1.0,1.0,1.0,1.0
e7873aa866666efe,authoritative,65-128,96.5,0,4,3,1.0,1.0,1.0,1.0,1.0
e8a80803f8914b8c,baseline,257-512,384.5,0,3,1,1.0,1.0,1.0,1.0,1.0
e8a80803f8914b8c,emotional,257-512,384.5,0,2,1,1.0,1.0,1.0,1.0,1.0
e8a80803f8914b8c,authoritative,257-512,384.5,0,3,1,1.0,1.0,1.0,1.0,1.0
e9e57b232f05c595,baseline,33-64,48.5,0,3,2,1.0,1.0,1.0,1.0,1.0
e9e57b232f05c595,emotional,33-64,48.5,0,4,2,1.0,1.0,1.0,1.0,1.0
e9e57b232f05c595,authoritative,33-64,48.5,0,4,2,1.0,1.0,1.0,1.0,1.0
e9f905d00778d96d,baseline,129-256,192.5,0,3,2,1.0,1.0,1.0,1.0,1.0
e9f905d00778d96d,emotional,129-256,192.5,0,3,2,1.0,1.0,1.0,1.0,1.0
e9f905d00778d96d,authoritative,129-256,192.5,1,1,1,0.5,0.6666666666666666,0.5,0.5,0.5
ea1f802a6b1b16e9,baseline,257-512,384.5,9,0,0,0.0,0.0,0.0,0.0,0.0
ea1f802a6b1b16e9,emotional,257-512,384.5,7,1,2,0.2222222222222222,0.3,0.16,0.125,0.2222222222222222
ea1f802a6b1b16e9,authoritative,257-512,384.5,9,0,0,0.0,0.0,0.0,0.0,0.0
ea3712a1083583d6,baseline,17-32,24.5,0,0,10,1.0,1.0,0.0,nan,1.0
ea3712a1083583d6,emotional,17-32,24.5,0,20,10,1.0,1.0,1.0,1.0,1.0
ea3712a1083583d6,authoritative,17-32,24.5,0,20,10,1.0,1.0,1.0,1.0,1.0
ea4c090d70c97244,baseline,1025-2048,1536.5,0,2,3,1.0,1.0,1.0,1.0,1.0
ea4c090d70c97244,emotional,1025-2048,1536.5,1,2,2,0.6666666666666667,0.8,0.6666666666666666,0.6666666666666666,0.6666666666666666
ea4c090d70c97244,authoritative,1025-2048,1536.5,0,4,3,1.0,1.0,1.0,1.0,1.0
ea7368c9bac0d950,baseline,1025-2048,1536.5,1,0,0,0.0,0.0,0.0,0.0,0.0
ea7368c9bac0d950,emotional,1025-2048,1536.5,1,0,0,0.0,0.0,0.0,0.0,0.0
ea7368c9bac0d950,authoritative,1025-2048,1536.5,1,0,0,0.0,0.0,0.0,0.0,0.0
ea819dbbe4c23078,baseline,257-512,384.5,3,0,0,0.0,0.0,0.0,0.0,0.0
ea819dbbe4c23078,emotional,257-512,384.5,3,0,0,0.0,0.0,0.0,0.0,0.0
ea819dbbe4c23078,authoritative,257-512,384.5,3,0,0,0.0,0.0,0.0,0.0,0.0
ead0aca6740a6583,baseline,2049-4096,3072.5,6,0,0,0.0,0.0,0.0,0.0,0.0
ead0aca6740a6583,emotional,2049-4096,3072.5,5,1,1,0.16666666666666663,0.2857142857142857,0.16666666666666666,0.16666666666666666,0.16666666666666666
ead0aca6740a6583,authoritative,2049-4096,3072.5,6,0,0,0.0,0.0,0.0,0.0,0.0
eae9f168d5df7653,baseline,257-512,384.5,0,4,4,1.0,1.0,1.0,1.0,1.0
eae9f168d5df7653,emotional,257-512,384.5,0,6,4,1.0,1.0,1.0,1.0,1.0
eae9f168d5df7653,authoritative,257-512,384.5,0,18,4,1.0,1.0,1.0,1.0,1.0
eb53b6014621c3eb,baseline,3-4,3.5,0,3,6,1.0,1.0,1.0,1.0,1.0
eb53b6014621c3eb,emotional,3-4,3.5,0,6,6,1.0,1.0,1.0,1.0,1.0
eb53b6014621c3eb,authoritative,3-4,3.5,0,5,6,1.0,1.0,1.0,1.0,1.0
eb94b0dff4084050,baseline,0-2,1.0,0,8,2,1.0,1.0,1.0,1.0,1.0
eb94b0dff4084050,emotional,0-2,1.0,0,3,2,1.0,1.0,1.0,1.0,1.0
eb94b0dff4084050,authoritative,0-2,1.0,0,5,2,1.0,1.0,1.0,1.0,1.0
eba2e2d9cbf9897b,baseline,4097+,5000.0,1,0,0,0.0,0.0,0.0,0.0,0.0
eba2e2d9cbf9897b,emotional,4097+,5000.0,1,1,0,0.5,0.5,0.0,0.5,0.0
eba2e2d9cbf9897b,authoritative,4097+,5000.0,1,0,0,0.0,0.0,0.0,0.0,0.0
ebb46e69688f2549,baseline,1025-2048,1536.5,1,2,2,0.6666666666666667,0.8,0.6666666666666666,0.6666666666666666,0.6666666666666666
ebb46e69688f2549,emotional,1025-2048,1536.5,1,2,2,0.6666666666666667,0.8,0.6666666666666666,0.6666666666666666,0.6666666666666666
ebb46e69688f2549,authoritative,1025-2048,1536.5,2,2,1,0.5,0.6,0.4,0.5,0.3333333333333333
ec4d0262efd609f3,baseline,3-4,3.5,0,4,2,1.0,1.0,1.0,1.0,1.0
ec4d0262efd609f3,emotional,3-4,3.5,0,5,2,1.0,1.0,1.0,1.0,1.0
ec4d0262efd609f3,authoritative,3-4,3.5,0,2,2,1.0,1.0,1.0,1.0,1.0
ec65cf5823848679,baseline,65-128,96.5,1,2,0,0.6666666666666667,0.6666666666666666,0.0,0.6666666666666666,0.0
ec65cf5823848679,emotional,65-128,96.5,1,2,0,0.6666666666666667,0.6666666666666666,0.0,0.6666666666666666,0.0
ec65cf5823848679,authoritative,65-128,96.5,1,3,0,0.75,0.75,0.0,0.75,0.0
eca4a2cc56dd74d5,baseline,65-128,96.5,0,3,3,1.0,1.0,1.0,1.0,1.0
eca4a2cc56dd74d5,emotional,65-128,96.5,0,3,3,1.0,1.0,1.0,1.0,1.0
eca4a2cc56dd74d5,authoritative,65-128,96.5,0,3,3,1.0,1.0,1.0,1.0,1.0
ecc6a94c2e4b5390,baseline,65-128,96.5,0,2,2,1.0,1.0,1.0,1.0,1.0
ecc6a94c2e4b5390,emotional,65-128,96.5,0,2,2,1.0,1.0,1.0,1.0,1.0
ecc6a94c2e4b5390,authoritative,65-128,96.5,0,2,2,1.0,1.0,1.0,1.0,1.0
eccf7a84ff16a48a,baseline,257-512,384.5,0,3,3,1.0,1.0,1.0,1.0,1.0
eccf7a84ff16a48a,emotional,257-512,384.5,0,20,3,1.0,1.0,1.0,1.0,1.0
eccf7a84ff16a48a,authoritative,257-512,384.5,0,3,3,1.0,1.0,1.0,1.0,1.0
ed041a54c340311c,baseline,0-2,1.0,0,3,1,1.0,1.0,1.0,1.0,1.0
ed041a54c340311c,emotional,0-2,1.0,0,4,1,1.0,1.0,1.0,1.0,1.0
ed041a54c340311c,authoritative,0-2,1.0,0,4,1,1.0,1.0,1.0,1.0,1.0
ed2af8e392db2358,baseline,17-32,24.5,0,3,4,1.0,1.0,1.0,1.0,1.0
ed2af8e392db2358,emotional,17-32,24.5,0,3,4,1.0,1.0,1.0,1.0,1.0
ed2af8e392db2358,authoritative,17-32,24.5,0,2,4,1.0,1.0,1.0,1.0,1.0
ed3a5ea1ed399f45,baseline,3-4,3.5,0,3,3,1.0,1.0,1.0,1.0,1.0
ed3a5ea1ed399f45,emotional,3-4,3.5,0,6,3,1.0,1.0,1.0,1.0,1.0
ed3a5ea1ed399f45,authoritative,3-4,3.5,0,5,3,1.0,1.0,1.0,1.0,1.0
ed3ff6d6c2474afb,baseline,2049-4096,3072.5,9,0,0,0.0,0.0,0.0,0.0,0.0
ed3ff6d6c2474afb,emotional,2049-4096,3072.5,5,13,4,0.7222222222222222,0.7727272727272727,0.5502645502645502,0.7222222222222222,0.4444444444444444
ed3ff6d6c2474afb,authoritative,2049-4096,3072.5,9,11,0,0.55,0.55,0.0,0.55,0.0
edb255297d300b32,baseline,65-128,96.5,0,3,1,1.0,1.0,1.0,1.0,1.0
edb255297d300b32,emotional,65-128,96.5,0,4,1,1.0,1.0,1.0,1.0,1.0
edb255297d300b32,authoritative,65-128,96.5,0,3,1,1.0,1.0,1.0,1.0,1.0
edc6456fa3e624dc,baseline,17-32,24.5,0,7,2,1.0,1.0,1.0,1.0,1.0
edc6456fa3e624dc,emotional,17-32,24.5,0,3,2,1.0,1.0,1.0,1.0,1.0
edc6456fa3e624dc,authoritative,17-32,24.5,0,3,2,1.0,1.0,1.0,1.0,1.0
edf10cb33ee8e6d8,baseline,3-4,3.5,0,2,1,1.0,1.0,1.0,1.0,1.0
edf10cb33ee8e6d8,emotional,3-4,3.5,0,5,1,1.0,1.0,1.0,1.0,1.0
edf10cb33ee8e6d8,authoritative,3-4,3.5,0,5,1,1.0,1.0,1.0,1.0,1.0
ee02b0ade340e0ce,baseline,513-1024,768.5,0,4,4,1.0,1.0,1.0,1.0,1.0
ee02b0ade340e0ce,emotional,513-1024,768.5,0,5,4,1.0,1.0,1.0,1.0,1.0
ee02b0ade340e0ce,authoritative,513-1024,768.5,0,4,4,1.0,1.0,1.0,1.0,1.0
ee4d8237e24b045c,baseline,5-8,6.5,0,4,2,1.0,1.0,1.0,1.0,1.0
ee4d8237e24b045c,emotional,5-8,6.5,0,3,2,1.0,1.0,1.0,1.0,1.0
ee4d8237e24b045c,authoritative,5-8,6.5,0,10,2,1.0,1.0,1.0,1.0,1.0
ee6b86d22f25a872,baseline,513-1024,768.5,0,2,1,1.0,1.0,1.0,1.0,1.0
ee6b86d22f25a872,emotional,513-1024,768.5,0,2,1,1.0,1.0,1.0,1.0,1.0
ee6b86d22f25a872,authoritative,513-1024,768.5,0,2,1,1.0,1.0,1.0,1.0,1.0
eeb8cfe05090eafb,baseline,0-2,1.0,0,5,2,1.0,1.0,1.0,1.0,1.0
eeb8cfe05090eafb,emotional,0-2,1.0,0,7,2,1.0,1.0,1.0,1.0,1.0
eeb8cfe05090eafb,authoritative,0-2,1.0,0,7,2,1.0,1.0,1.0,1.0,1.0
ef3c8583e20d06b5,baseline,257-512,384.5,0,4,2,1.0,1.0,1.0,1.0,1.0
ef3c8583e20d06b5,emotional,257-512,384.5,0,4,2,1.0,1.0,1.0,1.0,1.0
ef3c8583e20d06b5,authoritative,257-512,384.5,0,5,2,1.0,1.0,1.0,1.0,1.0
f061f27848344c6b,baseline,3-4,3.5,0,2,2,1.0,1.0,1.0,1.0,1.0
f061f27848344c6b,emotional,3-4,3.5,0,2,2,1.0,1.0,1.0,1.0,1.0
f061f27848344c6b,authoritative,3-4,3.5,0,2,2,1.0,1.0,1.0,1.0,1.0
f0b6014f2f2a38a9,baseline,513-1024,768.5,0,2,1,1.0,1.0,1.0,1.0,1.0
f0b6014f2f2a38a9,emotional,513-1024,768.5,0,3,1,1.0,1.0,1.0,1.0,1.0
f0b6014f2f2a38a9,authoritative,513-1024,768.5,0,3,1,1.0,1.0,1.0,1.0,1.0
f0b62fe93365b10b,baseline,513-1024,768.5,2,0,2,0.5,0.5,0.0,0.0,0.5
f0b62fe93365b10b,emotional,513-1024,768.5,0,2,4,1.0,1.0,1.0,1.0,1.0
f0b62fe93365b10b,authoritative,513-1024,768.5,0,2,4,1.0,1.0,1.0,1.0,1.0
f0f0a10a7b437c70,baseline,3-4,3.5,0,4,1,1.0,1.0,1.0,1.0,1.0
f0f0a10a7b437c70,emotional,3-4,3.5,0,4,1,1.0,1.0,1.0,1.0,1.0
f0f0a10a7b437c70,authoritative,3-4,3.5,0,6,1,1.0,1.0,1.0,1.0,1.0
f1824820dc89a0fb,baseline,17-32,24.5,1,4,3,0.8,0.875,0.7741935483870968,0.8,0.75
f1824820dc89a0fb,emotional,17-32,24.5,2,17,2,0.8947368421052632,0.9047619047619048,0.6415094339622641,0.8947368421052632,0.5
f1824820dc89a0fb,authoritative,17-32,24.5,0,5,4,1.0,1.0,1.0,1.0,1.0
f2bd6b78c1295ee8,baseline,9-16,12.5,0,7,8,1.0,1.0,1.0,1.0,1.0
f2bd6b78c1295ee8,emotional,9-16,12.5,2,7,6,0.7777777777777778,0.8666666666666667,0.7636363636363637,0.7777777777777778,0.75
f2bd6b78c1295ee8,authoritative,9-16,12.5,0,13,8,1.0,1.0,1.0,1.0,1.0
f2c482735c797f33,baseline,65-128,96.5,2,1,1,0.33333333333333337,0.5,0.3333333333333333,0.3333333333333333,0.3333333333333333
f2c482735c797f33,emotional,65-128,96.5,2,1,1,0.33333333333333337,0.5,0.3333333333333333,0.3333333333333333,0.3333333333333333
f2c482735c797f33,authoritative,65-128,96.5,1,3,2,0.75,0.8333333333333334,0.7058823529411765,0.75,0.6666666666666666
f2e8772c63cb3129,baseline,9-16,12.5,0,2,3,1.0,1.0,1.0,1.0,1.0
f2e8772c63cb3129,emotional,9-16,12.5,0,3,3,1.0,1.0,1.0,1.0,1.0
f2e8772c63cb3129,authoritative,9-16,12.5,0,3,3,1.0,1.0,1.0,1.0,1.0
f2eebfdb87f5072d,baseline,2049-4096,3072.5,1,2,0,0.6666666666666667,0.6666666666666666,0.0,0.6666666666666666,0.0
f2eebfdb87f5072d,emotional,2049-4096,3072.5,1,0,0,0.0,0.0,0.0,0.0,0.0
f2eebfdb87f5072d,authoritative,2049-4096,3072.5,1,0,0,0.0,0.0,0.0,0.0,0.0
f43a6e7a817fc81f,baseline,0-2,1.0,0,3,2,1.0,1.0,1.0,1.0,1.0
f43a6e7a817fc81f,emotional,0-2,1.0,0,6,2,1.0,1.0,1.0,1.0,1.0
f43a6e7a817fc81f,authoritative,0-2,1.0,0,8,2,1.0,1.0,1.0,1.0,1.0
f47a45c406aa03a5,baseline,257-512,384.5,1,2,1,0.6666666666666667,0.75,0.5714285714285714,0.6666666666666666,0.5
f47a45c406aa03a5,emotional,257-512,384.5,0,17,2,1.0,1.0,1.0,1.0,1.0
f47a45c406aa03a5,authoritative,257-512,384.5,2,0,0,0.0,0.0,0.0,0.0,0.0
f4a92d50d3277ede,baseline,1025-2048,1536.5,0,4,2,1.0,1.0,1.0,1.0,1.0
f4a92d50d3277ede,emotional,1025-2048,1536.5,2,0,0,0.0,0.0,0.0,0.0,0.0
f4a92d50d3277ede,authoritative,1025-2048,1536.5,2,18,0,0.9,0.9,0.0,0.9,0.0
f52e4c3e25d4eea3,baseline,17-32,24.5,0,4,2,1.0,1.0,1.0,1.0,1.0
f52e4c3e25d4eea3,emotional,17-32,24.5,0,5,2,1.0,1.0,1.0,1.0,1.0
f52e4c3e25d4eea3,authoritative,17-32,24.5,0,3,2,1.0,1.0,1.0,1.0,1.0
f629e39e4d50e5a4,baseline,257-512,384.5,0,2,4,1.0,1.0,1.0,1.0,1.0
f629e39e4d50e5a4,emotional,257-512,384.5,0,3,4,1.0,1.0,1.0,1.0,1.0
f629e39e4d50e5a4,authoritative,257-512,384.5,0,3,4,1.0,1.0,1.0,1.0,1.0
f6430c7088615c84,baseline,33-64,48.5,0,3,1,1.0,1.0,1.0,1.0,1.0
f6430c7088615c84,emotional,33-64,48.5,0,3,1,1.0,1.0,1.0,1.0,1.0
f6430c7088615c84,authoritative,33-64,48.5,0,3,1,1.0,1.0,1.0,1.0,1.0
f64bfd718aba234a,baseline,3-4,3.5,0,5,6,1.0,1.0,1.0,1.0,1.0
f64bfd718aba234a,emotional,3-4,3.5,0,4,6,1.0,1.0,1.0,1.0,1.0
f64bfd718aba234a,authoritative,3-4,3.5,0,4,6,1.0,1.0,1.0,1.0,1.0
f6b6f400a9be744b,baseline,33-64,48.5,0,6,5,1.0,1.0,1.0,1.0,1.0
f6b6f400a9be744b,emotional,33-64,48.5,0,5,5,1.0,1.0,1.0,1.0,1.0
f6b6f400a9be744b,authoritative,33-64,48.5,2,3,3,0.6,0.75,0.6,0.6,0.6
f6b9e353238f5a0c,baseline,5-8,6.5,0,3,2,1.0,1.0,1.0,1.0,1.0
f6b9e353238f5a0c,emotional,5-8,6.5,0,3,2,1.0,1.0,1.0,1.0,1.0
f6b9e353238f5a0c,authoritative,5-8,6.5,0,3,2,1.0,1.0,1.0,1.0,1.0
f6be86c0178b04c0,baseline,0-2,1.0,0,4,4,1.0,1.0,1.0,1.0,1.0
f6be86c0178b04c0,emotional,0-2,1.0,0,4,4,1.0,1.0,1.0,1.0,1.0
f6be86c0178b04c0,authoritative,0-2,1.0,0,4,4,1.0,1.0,1.0,1.0,1.0
f759dccee588d614,baseline,65-128,96.5,0,3,3,1.0,1.0,1.0,1.0,1.0
f759dccee588d614,emotional,65-128,96.5,0,2,3,1.0,1.0,1.0,1.0,1.0
f759dccee588d614,authoritative,65-128,96.5,0,2,3,1.0,1.0,1.0,1.0,1.0
f7bb7d48024aaa98,baseline,5-8,6.5,0,2,2,1.0,1.0,1.0,1.0,1.0
f7bb7d48024aaa98,emotional,5-8,6.5,0,3,2,1.0,1.0,1.0,1.0,1.0
f7bb7d48024aaa98,authoritative,5-8,6.5,0,2,2,1.0,1.0,1.0,1.0,1.0
f7bd72be0771b048,baseline,4097+,5000.0,2,0,0,0.0,0.0,0.0,0.0,0.0
f7bd72be0771b048,emotional,4097+,5000.0,2,0,0,0.0,0.0,0.0,0.0,0.0
f7bd72be0771b048,authoritative,4097+,5000.0,2,0,0,0.0,0.0,0.0,0.0,0.0
f7c1786c437c3ec7,baseline,5-8,6.5,0,2,2,1.0,1.0,1.0,1.0,1.0
f7c1786c437c3ec7,emotional,5-8,6.5,0,3,2,1.0,1.0,1.0,1.0,1.0
f7c1786c437c3ec7,authoritative,5-8,6.5,0,3,2,1.0,1.0,1.0,1.0,1.0
f82b75ccd35915ad,baseline,4097+,5000.0,6,0,0,0.0,0.0,0.0,0.0,0.0
f82b75ccd35915ad,emotional,4097+,5000.0,6,0,0,0.0,0.0,0.0,0.0,0.0
f82b75ccd35915ad,authoritative,4097+,5000.0,6,0,0,0.0,0.0,0.0,0.0,0.0
f886a4e6f5df8118,baseline,5-8,6.5,0,3,3,1.0,1.0,1.0,1.0,1.0
f886a4e6f5df8118,emotional,5-8,6.5,0,6,3,1.0,1.0,1.0,1.0,1.0
f886a4e6f5df8118,authoritative,5-8,6.5,0,4,3,1.0,1.0,1.0,1.0,1.0
f8a5419597bb1fa3,baseline,1025-2048,1536.5,8,1,1,0.11111111111111116,0.2,0.1111111111111111,0.1111111111111111,0.1111111111111111
f8a5419597bb1fa3,emotional,1025-2048,1536.5,9,0,0,0.0,0.0,0.0,0.0,0.0
f8a5419597bb1fa3,authoritative,1025-2048,1536.5,5,2,4,0.4444444444444444,0.5454545454545454,0.34782608695652173,0.2857142857142857,0.4444444444444444
f90df0d59b075eb1,baseline,0-2,1.0,0,3,3,1.0,1.0,1.0,1.0,1.0
f90df0d59b075eb1,emotional,0-2,1.0,0,3,3,1.0,1.0,1.0,1.0,1.0
f90df0d59b075eb1,authoritative,0-2,1.0,0,3,3,1.0,1.0,1.0,1.0,1.0
f93a2eb05f906613,baseline,129-256,192.5,0,6,2,1.0,1.0,1.0,1.0,1.0
f93a2eb05f906613,emotional,129-256,192.5,0,3,2,1.0,1.0,1.0,1.0,1.0
f93a2eb05f906613,authoritative,129-256,192.5,0,3,2,1.0,1.0,1.0,1.0,1.0
f9466751a49c50bd,baseline,17-32,24.5,0,6,6,1.0,1.0,1.0,1.0,1.0
f9466751a49c50bd,emotional,17-32,24.5,0,0,6,1.0,1.0,0.0,nan,1.0
f9466751a49c50bd,authoritative,17-32,24.5,2,18,4,0.9,0.9166666666666666,0.7659574468085106,0.9,0.6666666666666666
fa17cf30a71a93b3,baseline,2049-4096,3072.5,2,0,0,0.0,0.0,0.0,0.0,0.0
fa17cf30a71a93b3,emotional,2049-4096,3072.5,2,3,0,0.6,0.6,0.0,0.6,0.0
fa17cf30a71a93b3,authoritative,2049-4096,3072.5,2,3,0,0.6,0.6,0.0,0.6,0.0
fa46298d1c77ba8c,baseline,65-128,96.5,1,2,8,0.8888888888888888,0.9090909090909091,0.7619047619047619,0.6666666666666666,0.8888888888888888
fa46298d1c77ba8c,emotional,65-128,96.5,2,3,7,0.7777777777777778,0.8333333333333334,0.6774193548387096,0.6,0.7777777777777778
fa46298d1c77ba8c,authoritative,65-128,96.5,2,3,7,0.7777777777777778,0.8333333333333334,0.6774193548387096,0.6,0.7777777777777778
fa68c900e5aeef5b,baseline,3-4,3.5,0,3,5,1.0,1.0,1.0,1.0,1.0
fa68c900e5aeef5b,emotional,3-4,3.5,0,11,5,1.0,1.0,1.0,1.0,1.0
fa68c900e5aeef5b,authoritative,3-4,3.5,0,3,5,1.0,1.0,1.0,1.0,1.0
fabac5a52082ac56,baseline,257-512,384.5,0,2,2,1.0,1.0,1.0,1.0,1.0
fabac5a52082ac56,emotional,257-512,384.5,0,2,2,1.0,1.0,1.0,1.0,1.0
fabac5a52082ac56,authoritative,257-512,384.5,0,2,2,1.0,1.0,1.0,1.0,1.0
fad6e6d1c14d83b7,baseline,9-16,12.5,0,4,4,1.0,1.0,1.0,1.0,1.0
fad6e6d1c14d83b7,emotional,9-16,12.5,0,3,4,1.0,1.0,1.0,1.0,1.0
fad6e6d1c14d83b7,authoritative,9-16,12.5,0,3,4,1.0,1.0,1.0,1.0,1.0
fae144f9f911cbce,baseline,33-64,48.5,0,3,2,1.0,1.0,1.0,1.0,1.0
fae144f9f911cbce,emotional,33-64,48.5,0,2,2,1.0,1.0,1.0,1.0,1.0
fae144f9f911cbce,authoritative,33-64,48.5,0,3,2,1.0,1.0,1.0,1.0,1.0
fb6ac7a73b3cd84d,baseline,0-2,1.0,1,2,2,0.6666666666666667,0.8,0.6666666666666666,0.6666666666666666,0.6666666666666666
fb6ac7a73b3cd84d,emotional,0-2,1.0,0,0,3,1.0,1.0,0.0,nan,1.0
fb6ac7a73b3cd84d,authoritative,0-2,1.0,1,2,2,0.6666666666666667,0.8,0.6666666666666666,0.6666666666666666,0.6666666666666666
fb9edea6e0125d35,baseline,9-16,12.5,0,2,2,1.0,1.0,1.0,1.0,1.0
fb9edea6e0125d35,emotional,9-16,12.5,0,2,2,1.0,1.0,1.0,1.0,1.0
fb9edea6e0125d35,authoritative,9-16,12.5,0,3,2,1.0,1.0,1.0,1.0,1.0
fc193cdf11ad886a,baseline,129-256,192.5,0,3,2,1.0,1.0,1.0,1.0,1.0
fc193cdf11ad886a,emotional,129-256,192.5,0,2,2,1.0,1.0,1.0,1.0,1.0
fc193cdf11ad886a,authoritative,129-256,192.5,0,3,2,1.0,1.0,1.0,1.0,1.0
fc2a09af0c29288d,baseline,0-2,1.0,0,7,11,1.0,1.0,1.0,1.0,1.0
fc2a09af0c29288d,emotional,0-2,1.0,0,10,11,1.0,1.0,1.0,1.0,1.0
fc2a09af0c29288d,authoritative,0-2,1.0,0,5,11,1.0,1.0,1.0,1.0,1.0
fc2f899dd9a504c3,baseline,513-1024,768.5,1,1,0,0.5,0.5,0.0,0.5,0.0
fc2f899dd9a504c3,emotional,513-1024,768.5,1,1,0,0.5,0.5,0.0,0.5,0.0
fc2f899dd9a504c3,authoritative,513-1024,768.5,0,1,1,1.0,1.0,1.0,1.0,1.0
fc64568106feb5b7,baseline,65-128,96.5,0,3,4,1.0,1.0,1.0,1.0,1.0
fc64568106feb5b7,emotional,65-128,96.5,2,0,2,0.5,0.5,0.0,0.0,0.5
fc64568106feb5b7,authoritative,65-128,96.5,0,7,4,1.0,1.0,1.0,1.0,1.0
fc70c06d210eb90a,baseline,513-1024,768.5,4,1,1,0.19999999999999996,0.3333333333333333,0.2,0.2,0.2
fc70c06d210eb90a,emotional,513-1024,768.5,1,17,4,0.9444444444444444,0.9545454545454546,0.8662420382165605,0.9444444444444444,0.8
fc70c06d210eb90a,authoritative,513-1024,768.5,5,0,0,0.0,0.0,0.0,0.0,0.0
fcacb426d0df6747,baseline,2049-4096,3072.5,1,3,6,0.8571428571428572,0.9,0.8,0.75,0.8571428571428571
fcacb426d0df6747,emotional,2049-4096,3072.5,0,14,7,1.0,1.0,1.0,1.0,1.0
fcacb426d0df6747,authoritative,2049-4096,3072.5,1,3,6,0.8571428571428572,0.9,0.8,0.75,0.8571428571428571
fcddbdbd979f8839,baseline,65-128,96.5,0,3,2,1.0,1.0,1.0,1.0,1.0
fcddbdbd979f8839,emotional,65-128,96.5,0,10,2,1.0,1.0,1.0,1.0,1.0
fcddbdbd979f8839,authoritative,65-128,96.5,0,2,2,1.0,1.0,1.0,1.0,1.0
fdcda6e8c13dcc50,baseline,3-4,3.5,0,3,3,1.0,1.0,1.0,1.0,1.0
fdcda6e8c13dcc50,emotional,3-4,3.5,0,7,3,1.0,1.0,1.0,1.0,1.0
fdcda6e8c13dcc50,authoritative,3-4,3.5,0,6,3,1.0,1.0,1.0,1.0,1.0
fdd9deb6f272b1b9,baseline,257-512,384.5,0,3,4,1.0,1.0,1.0,1.0,1.0
fdd9deb6f272b1b9,emotional,257-512,384.5,0,6,4,1.0,1.0,1.0,1.0,1.0
fdd9deb6f272b1b9,authoritative,257-512,384.5,0,4,4,1.0,1.0,1.0,1.0,1.0
fe6afb55d089c60d,baseline,129-256,192.5,0,3,7,1.0,1.0,1.0,1.0,1.0
fe6afb55d089c60d,emotional,129-256,192.5,2,8,5,0.8,0.8666666666666667,0.7547169811320755,0.8,0.7142857142857143
fe6afb55d089c60d,authoritative,129-256,192.5,2,18,5,0.9,0.92,0.7964601769911505,0.9,0.7142857142857143
fe8310f8e431668b,baseline,1025-2048,1536.5,6,4,4,0.4,0.5714285714285714,0.4,0.4,0.4
fe8310f8e431668b,emotional,1025-2048,1536.5,6,3,4,0.4,0.5384615384615384,0.36363636363636365,0.3333333333333333,0.4
fe8310f8e431668b,authoritative,1025-2048,1536.5,4,3,6,0.6,0.6923076923076923,0.5,0.42857142857142855,0.6
feb98c60eba08cdf,baseline,5-8,6.5,1,2,0,0.6666666666666667,0.6666666666666666,0.0,0.6666666666666666,0.0
feb98c60eba08cdf,emotional,5-8,6.5,0,3,1,1.0,1.0,1.0,1.0,1.0
feb98c60eba08cdf,authoritative,5-8,6.5,0,3,1,1.0,1.0,1.0,1.0,1.0
febcd3d7f242217c,baseline,1025-2048,1536.5,2,1,1,0.33333333333333337,0.5,0.3333333333333333,0.3333333333333333,0.3333333333333333
febcd3d7f242217c,emotional,1025-2048,1536.5,1,2,2,0.6666666666666667,0.8,0.6666666666666666,0.6666666666666666,0.6666666666666666
febcd3d7f242217c,authoritative,1025-2048,1536.5,2,1,1,0.33333333333333337,0.5,0.3333333333333333,0.3333333333333333,0.3333333333333333
fefb158f4aa0e223,baseline,65-128,96.5,0,2,1,1.0,1.0,1.0,1.0,1.0
fefb158f4aa0e223,emotional,65-128,96.5,0,2,1,1.0,1.0,1.0,1.0,1.0
fefb158f4aa0e223,authoritative,65-128,96.5,0,2,1,1.0,1.0,1.0,1.0,1.0
fefb264358a11a06,baseline,257-512,384.5,1,2,1,0.6666666666666667,0.75,0.5714285714285714,0.6666666666666666,0.5
fefb264358a11a06,emotional,257-512,384.5,1,3,1,0.75,0.8,0.6,0.75,0.5
fefb264358a11a06,authoritative,257-512,384.5,1,3,1,0.75,0.8,0.6,0.75,0.5
ff381cd793bdd682,baseline,0-2,1.0,0,2,1,1.0,1.0,1.0,1.0,1.0
ff381cd793bdd682,emotional,0-2,1.0,0,1,1,1.0,1.0,1.0,1.0,1.0
ff381cd793bdd682,authoritative,0-2,1.0,0,2,1,1.0,1.0,1.0,1.0,1.0
ff3834c1c8c07274,baseline,513-1024,768.5,0,3,14,1.0,1.0,1.0,1.0,1.0
ff3834c1c8c07274,emotional,513-1024,768.5,0,3,14,1.0,1.0,1.0,1.0,1.0
ff3834c1c8c07274,authoritative,513-1024,768.5,0,7,14,1.0,1.0,1.0,1.0,1.0
ff76538b75f73f0e,baseline,5-8,6.5,0,6,7,1.0,1.0,1.0,1.0,1.0
ff76538b75f73f0e,emotional,5-8,6.5,0,4,7,1.0,1.0,1.0,1.0,1.0
ff76538b75f73f0e,authoritative,5-8,6.5,0,9,7,1.0,1.0,1.0,1.0,1.0
ff88c4f3e3d0e2b8,baseline,9-16,12.5,0,3,3,1.0,1.0,1.0,1.0,1.0
ff88c4f3e3d0e2b8,emotional,9-16,12.5,0,4,3,1.0,1.0,1.0,1.0,1.0
ff88c4f3e3d0e2b8,authoritative,9-16,12.5,0,4,3,1.0,1.0,1.0,1.0,1.0
ffbc80f14ae49ff1,baseline,9-16,12.5,0,1,1,1.0,1.0,1.0,1.0,1.0
ffbc80f14ae49ff1,emotional,9-16,12.5,0,1,1,1.0,1.0,1.0,1.0,1.0
ffbc80f14ae49ff1,authoritative,9-16,12.5,0,1,1,1.0,1.0,1.0,1.0,1.0
ffc2fe2bdeddd214,baseline,0-2,1.0,0,5,6,1.0,1.0,1.0,1.0,1.0
ffc2fe2bdeddd214,emotional,0-2,1.0,0,12,6,1.0,1.0,1.0,1.0,1.0
ffc2fe2bdeddd214,authoritative,0-2,1.0,0,5,6,1.0,1.0,1.0,1.0,1.0
